time,x,y,x,y
0,0.3,0.4,0.4,0.4
0.001,0.3,0.4,0.4,0.4
0.002,0.299999,0.4,0.400001,0.4
0.003,0.299997,0.4,0.400003,0.4
0.004,0.299995,0.4,0.400005,0.4
0.005,0.299991,0.4,0.400009,0.4
0.006,0.299986,0.4,0.400014,0.4
0.007,0.299981,0.4,0.400019,0.4
0.008,0.299975,0.4,0.400025,0.4
0.009,0.299967,0.4,0.400033,0.4
0.01,0.299959,0.4,0.400041,0.4
0.011,0.29995,0.4,0.40005,0.4
0.012,0.29994,0.4,0.40006,0.4
0.013,0.299929,0.4,0.400071,0.4
0.014,0.299918,0.4,0.400082,0.4
0.015,0.299905,0.4,0.400095,0.4
0.016,0.299891,0.4,0.400109,0.4
0.017,0.299877,0.4,0.400123,0.4
0.018,0.299862,0.4,0.400138,0.4
0.019,0.299845,0.4,0.400155,0.4
0.02,0.299828,0.4,0.400172,0.4
0.021,0.29981,0.4,0.40019,0.4
0.022,0.299791,0.4,0.400209,0.4
0.023,0.299771,0.4,0.400229,0.4
0.024,0.29975,0.4,0.40025,0.4
0.025,0.299729,0.4,0.400271,0.4
0.026,0.299706,0.4,0.400294,0.4
0.027,0.299682,0.4,0.400318,0.4
0.028,0.299658,0.4,0.400342,0.4
0.029,0.299633,0.4,0.400367,0.4
0.03,0.299606,0.4,0.400394,0.4
0.031,0.299579,0.4,0.400421,0.4
0.032,0.299551,0.4,0.400449,0.4
0.033,0.299522,0.4,0.400478,0.4
0.034,0.299492,0.4,0.400508,0.4
0.035,0.299462,0.4,0.400538,0.4
0.036,0.29943,0.4,0.40057,0.4
0.037,0.299397,0.4,0.400603,0.4
0.038,0.299364,0.4,0.400636,0.4
0.039,0.29933,0.4,0.40067,0.4
0.04,0.299294,0.4,0.400706,0.4
0.041,0.299258,0.4,0.400742,0.4
0.042,0.299221,0.4,0.400779,0.4
0.043,0.299183,0.4,0.400817,0.4
0.044,0.299144,0.4,0.400856,0.4
0.045,0.299104,0.4,0.400896,0.4
0.046,0.299064,0.4,0.400936,0.4
0.047,0.299022,0.4,0.400978,0.4
0.048,0.29898,0.4,0.40102,0.4
0.049,0.298936,0.4,0.401064,0.4
0.05,0.298892,0.4,0.401108,0.4
0.051,0.298847,0.4,0.401153,0.4
0.052,0.298801,0.4,0.401199,0.4
0.053,0.298754,0.4,0.401246,0.4
0.054,0.298706,0.4,0.401294,0.4
0.055,0.298657,0.4,0.401343,0.4
0.056,0.298607,0.4,0.401393,0.4
0.057,0.298557,0.4,0.401443,0.4
0.058,0.298505,0.4,0.401495,0.4
0.059,0.298453,0.4,0.401547,0.4
0.06,0.298399,0.4,0.401601,0.4
0.061,0.298345,0.4,0.401655,0.4
0.062,0.29829,0.4,0.40171,0.4
0.063,0.298234,0.4,0.401766,0.4
0.064,0.298177,0.4,0.401823,0.4
0.065,0.298119,0.4,0.401881,0.4
0.066,0.29806,0.4,0.40194,0.4
0.067,0.298001,0.4,0.401999,0.4
0.068,0.29794,0.4,0.40206,0.4
0.069,0.297879,0.4,0.402121,0.4
0.07,0.297816,0.4,0.402184,0.4
0.071,0.297753,0.4,0.402247,0.4
0.072,0.297689,0.4,0.402311,0.4
0.073,0.297624,0.4,0.402376,0.4
0.074,0.297558,0.4,0.402442,0.4
0.075,0.297491,0.4,0.402509,0.4
0.076,0.297423,0.4,0.402577,0.4
0.077,0.297355,0.4,0.402645,0.4
0.078,0.297285,0.4,0.402715,0.4
0.079,0.297215,0.4,0.402785,0.4
0.08,0.297143,0.4,0.402857,0.4
0.081,0.297071,0.4,0.402929,0.4
0.082,0.296998,0.4,0.403002,0.4
0.083,0.296924,0.4,0.403076,0.4
0.084,0.296849,0.4,0.403151,0.4
0.085,0.296773,0.4,0.403227,0.4
0.086,0.296696,0.4,0.403304,0.4
0.087,0.296619,0.4,0.403381,0.4
0.088,0.29654,0.4,0.40346,0.4
0.089,0.296461,0.4,0.403539,0.4
0.09,0.29638,0.4,0.40362,0.4
0.091,0.296299,0.4,0.403701,0.4
0.092,0.296217,0.4,0.403783,0.4
0.093,0.296134,0.4,0.403866,0.4
0.094,0.29605,0.4,0.40395,0.4
0.095,0.295965,0.4,0.404035,0.4
0.096,0.29588,0.4,0.40412,0.4
0.097,0.295793,0.4,0.404207,0.4
0.098,0.295705,0.4,0.404295,0.4
0.099,0.295617,0.4,0.404383,0.4
0.1,0.295528,0.4,0.404472,0.4
0.101,0.295438,0.4,0.404562,0.4
0.102,0.295346,0.4,0.404654,0.4
0.103,0.295254,0.4,0.404746,0.4
0.104,0.295161,0.4,0.404839,0.4
0.105,0.295068,0.4,0.404932,0.4
0.106,0.294973,0.4,0.405027,0.4
0.107,0.294877,0.4,0.405123,0.4
0.108,0.294781,0.4,0.405219,0.4
0.109,0.294684,0.4,0.405316,0.4
0.11,0.294585,0.4,0.405415,0.4
0.111,0.294486,0.4,0.405514,0.4
0.112,0.294386,0.4,0.405614,0.4
0.113,0.294285,0.4,0.405715,0.4
0.114,0.294183,0.4,0.405817,0.4
0.115,0.29408,0.4,0.40592,0.4
0.116,0.293977,0.4,0.406023,0.4
0.117,0.293872,0.4,0.406128,0.4
0.118,0.293767,0.4,0.406233,0.4
0.119,0.293661,0.4,0.406339,0.4
0.12,0.293553,0.4,0.406447,0.4
0.121,0.293445,0.4,0.406555,0.4
0.122,0.293336,0.4,0.406664,0.4
0.123,0.293226,0.4,0.406774,0.4
0.124,0.293116,0.4,0.406884,0.4
0.125,0.293004,0.4,0.406996,0.4
0.126,0.292891,0.4,0.407109,0.4
0.127,0.292778,0.4,0.407222,0.4
0.128,0.292663,0.4,0.407337,0.4
0.129,0.292548,0.4,0.407452,0.4
0.13,0.292432,0.4,0.407568,0.4
0.131,0.292315,0.4,0.407685,0.4
0.132,0.292197,0.4,0.407803,0.4
0.133,0.292078,0.4,0.407922,0.4
0.134,0.291959,0.4,0.408041,0.4
0.135,0.291838,0.4,0.408162,0.4
0.136,0.291716,0.4,0.408284,0.4
0.137,0.291594,0.4,0.408406,0.4
0.138,0.291471,0.4,0.408529,0.4
0.139,0.291347,0.4,0.408653,0.4
0.14,0.291222,0.4,0.408778,0.4
0.141,0.291096,0.4,0.408904,0.4
0.142,0.290969,0.4,0.409031,0.4
0.143,0.290841,0.4,0.409159,0.4
0.144,0.290713,0.4,0.409287,0.4
0.145,0.290583,0.4,0.409417,0.4
0.146,0.290453,0.4,0.409547,0.4
0.147,0.290321,0.4,0.409679,0.4
0.148,0.290189,0.4,0.409811,0.4
0.149,0.290056,0.4,0.409944,0.4
0.15,0.289922,0.4,0.410078,0.4
0.151,0.289788,0.4,0.410212,0.4
0.152,0.289652,0.4,0.410348,0.4
0.153,0.289515,0.4,0.410485,0.4
0.154,0.289378,0.4,0.410622,0.4
0.155,0.289239,0.4,0.410761,0.4
0.156,0.2891,0.4,0.4109,0.4
0.157,0.28896,0.4,0.41104,0.4
0.158,0.288819,0.4,0.411181,0.4
0.159,0.288677,0.4,0.411323,0.4
0.16,0.288534,0.4,0.411466,0.4
0.161,0.288391,0.4,0.411609,0.4
0.162,0.288246,0.4,0.411754,0.4
0.163,0.288101,0.4,0.411899,0.4
0.164,0.287954,0.4,0.412046,0.4
0.165,0.287807,0.4,0.412193,0.4
0.166,0.287659,0.4,0.412341,0.4
0.167,0.28751,0.4,0.41249,0.4
0.168,0.28736,0.4,0.41264,0.4
0.169,0.28721,0.4,0.41279,0.4
0.17,0.287058,0.4,0.412942,0.4
0.171,0.286905,0.4,0.413095,0.4
0.172,0.286752,0.4,0.413248,0.4
0.173,0.286598,0.4,0.413402,0.4
0.174,0.286443,0.4,0.413557,0.4
0.175,0.286287,0.4,0.413713,0.4
0.176,0.28613,0.4,0.41387,0.4
0.177,0.285972,0.4,0.414028,0.4
0.178,0.285813,0.4,0.414187,0.4
0.179,0.285654,0.4,0.414346,0.4
0.18,0.285493,0.4,0.414507,0.4
0.181,0.285332,0.4,0.414668,0.4
0.182,0.28517,0.4,0.41483,0.4
0.183,0.285007,0.4,0.414993,0.4
0.184,0.284843,0.4,0.415157,0.4
0.185,0.284678,0.4,0.415322,0.4
0.186,0.284512,0.4,0.415488,0.4
0.187,0.284346,0.4,0.415654,0.4
0.188,0.284178,0.4,0.415822,0.4
0.189,0.28401,0.4,0.41599,0.4
0.19,0.283841,0.4,0.416159,0.4
0.191,0.283671,0.4,0.416329,0.4
0.192,0.2835,0.4,0.4165,0.4
0.193,0.283328,0.4,0.416672,0.4
0.194,0.283155,0.4,0.416845,0.4
0.195,0.282982,0.4,0.417018,0.4
0.196,0.282807,0.4,0.417193,0.4
0.197,0.282632,0.4,0.417368,0.4
0.198,0.282456,0.4,0.417544,0.4
0.199,0.282279,0.4,0.417721,0.4
0.2,0.282101,0.4,0.417899,0.4
0.201,0.281922,0.4,0.418078,0.4
0.202,0.281742,0.4,0.418258,0.4
0.203,0.281562,0.4,0.418438,0.4
0.204,0.28138,0.4,0.41862,0.4
0.205,0.281198,0.4,0.418802,0.4
0.206,0.281015,0.4,0.418985,0.4
0.207,0.280831,0.4,0.419169,0.4
0.208,0.280646,0.4,0.419354,0.4
0.209,0.28046,0.4,0.41954,0.4
0.21,0.280273,0.4,0.419727,0.4
0.211,0.280086,0.4,0.419914,0.4
0.212,0.279897,0.4,0.420103,0.4
0.213,0.279708,0.4,0.420292,0.4
0.214,0.279518,0.4,0.420482,0.4
0.215,0.279327,0.4,0.420673,0.4
0.216,0.279135,0.4,0.420865,0.4
0.217,0.278942,0.4,0.421058,0.4
0.218,0.278749,0.4,0.421251,0.4
0.219,0.278554,0.4,0.421446,0.4
0.22,0.278359,0.4,0.421641,0.4
0.221,0.278163,0.4,0.421837,0.4
0.222,0.277966,0.4,0.422034,0.4
0.223,0.277768,0.4,0.422232,0.4
0.224,0.277569,0.4,0.422431,0.4
0.225,0.277369,0.4,0.422631,0.4
0.226,0.277169,0.4,0.422831,0.4
0.227,0.276967,0.4,0.423033,0.4
0.228,0.276765,0.4,0.423235,0.4
0.229,0.276562,0.4,0.423438,0.4
0.23,0.276358,0.4,0.423642,0.4
0.231,0.276153,0.4,0.423847,0.4
0.232,0.275947,0.4,0.424053,0.4
0.233,0.275741,0.4,0.424259,0.4
0.234,0.275533,0.4,0.424467,0.4
0.235,0.275325,0.4,0.424675,0.4
0.236,0.275116,0.4,0.424884,0.4
0.237,0.274906,0.4,0.425094,0.4
0.238,0.274695,0.4,0.425305,0.4
0.239,0.274483,0.4,0.425517,0.4
0.24,0.274271,0.4,0.425729,0.4
0.241,0.274057,0.4,0.425943,0.4
0.242,0.273843,0.4,0.426157,0.4
0.243,0.273628,0.4,0.426372,0.4
0.244,0.273412,0.4,0.426588,0.4
0.245,0.273195,0.4,0.426805,0.4
0.246,0.272977,0.4,0.427023,0.4
0.247,0.272758,0.4,0.427242,0.4
0.248,0.272539,0.4,0.427461,0.4
0.249,0.272319,0.4,0.427681,0.4
0.25,0.272097,0.4,0.427903,0.4
0.251,0.271875,0.4,0.428125,0.4
0.252,0.271652,0.4,0.428348,0.4
0.253,0.271429,0.4,0.428571,0.4
0.254,0.271204,0.4,0.428796,0.4
0.255,0.270979,0.4,0.429021,0.4
0.256,0.270752,0.4,0.429248,0.4
0.257,0.270525,0.4,0.429475,0.4
0.258,0.270297,0.4,0.429703,0.4
0.259,0.270068,0.4,0.429932,0.4
0.26,0.269839,0.4,0.430161,0.4
0.261,0.269608,0.4,0.430392,0.4
0.262,0.269377,0.4,0.430623,0.4
0.263,0.269144,0.4,0.430856,0.4
0.264,0.268911,0.4,0.431089,0.4
0.265,0.268677,0.4,0.431323,0.4
0.266,0.268442,0.4,0.431558,0.4
0.267,0.268207,0.4,0.431793,0.4
0.268,0.26797,0.4,0.43203,0.4
0.269,0.267733,0.4,0.432267,0.4
0.27,0.267495,0.4,0.432505,0.4
0.271,0.267255,0.4,0.432745,0.4
0.272,0.267016,0.4,0.432984,0.4
0.273,0.266775,0.4,0.433225,0.4
0.274,0.266533,0.4,0.433467,0.4
0.275,0.266291,0.4,0.433709,0.4
0.276,0.266047,0.4,0.433953,0.4
0.277,0.265803,0.4,0.434197,0.4
0.278,0.265558,0.4,0.434442,0.4
0.279,0.265312,0.4,0.434688,0.4
0.28,0.265066,0.4,0.434934,0.4
0.281,0.264818,0.4,0.435182,0.4
0.282,0.26457,0.4,0.43543,0.4
0.283,0.264321,0.4,0.435679,0.4
0.284,0.264071,0.4,0.435929,0.4
0.285,0.26382,0.4,0.43618,0.4
0.286,0.263568,0.4,0.436432,0.4
0.287,0.263315,0.4,0.436685,0.4
0.288,0.263062,0.4,0.436938,0.4
0.289,0.262808,0.4,0.437192,0.4
0.29,0.262553,0.4,0.437447,0.4
0.291,0.262297,0.4,0.437703,0.4
0.292,0.26204,0.4,0.43796,0.4
0.293,0.261782,0.4,0.438218,0.4
0.294,0.261524,0.4,0.438476,0.4
0.295,0.261264,0.4,0.438736,0.4
0.296,0.261004,0.4,0.438996,0.4
0.297,0.260743,0.4,0.439257,0.4
0.298,0.260482,0.4,0.439518,0.4
0.299,0.260219,0.4,0.439781,0.4
0.3,0.259955,0.4,0.440045,0.4
0.301,0.259691,0.4,0.440309,0.4
0.302,0.259426,0.4,0.440574,0.4
0.303,0.25916,0.4,0.44084,0.4
0.304,0.258893,0.4,0.441107,0.4
0.305,0.258625,0.4,0.441375,0.4
0.306,0.258357,0.4,0.441643,0.4
0.307,0.258088,0.4,0.441912,0.4
0.308,0.257818,0.4,0.442182,0.4
0.309,0.257547,0.4,0.442453,0.4
0.31,0.257275,0.4,0.442725,0.4
0.311,0.257002,0.4,0.442998,0.4
0.312,0.256729,0.4,0.443271,0.4
0.313,0.256454,0.4,0.443546,0.4
0.314,0.256179,0.4,0.443821,0.4
0.315,0.255903,0.4,0.444097,0.4
0.316,0.255626,0.4,0.444374,0.4
0.317,0.255349,0.4,0.444651,0.4
0.318,0.25507,0.4,0.44493,0.4
0.319,0.254791,0.4,0.445209,0.4
0.32,0.254511,0.4,0.445489,0.4
0.321,0.25423,0.4,0.44577,0.4
0.322,0.253948,0.4,0.446052,0.4
0.323,0.253666,0.4,0.446334,0.4
0.324,0.253382,0.4,0.446618,0.4
0.325,0.253098,0.4,0.446902,0.4
0.326,0.252813,0.4,0.447187,0.4
0.327,0.252527,0.4,0.447473,0.4
0.328,0.252241,0.4,0.447759,0.4
0.329,0.251953,0.4,0.448047,0.4
0.33,0.251665,0.4,0.448335,0.4
0.331,0.251375,0.4,0.448625,0.4
0.332,0.251086,0.4,0.448914,0.4
0.333,0.250795,0.4,0.449205,0.4
0.334,0.250503,0.4,0.449497,0.4
0.335,0.250211,0.4,0.449789,0.4
0.336,0.249917,0.4,0.450083,0.4
0.337,0.249623,0.4,0.450377,0.4
0.338,0.249328,0.4,0.450672,0.4
0.339,0.249033,0.4,0.450967,0.4
0.34,0.248736,0.4,0.451264,0.4
0.341,0.248439,0.4,0.451561,0.4
0.342,0.248141,0.4,0.451859,0.4
0.343,0.247842,0.4,0.452158,0.4
0.344,0.247542,0.4,0.452458,0.4
0.345,0.247241,0.4,0.452759,0.4
0.346,0.24694,0.4,0.45306,0.4
0.347,0.246638,0.4,0.453362,0.4
0.348,0.246335,0.4,0.453665,0.4
0.349,0.246031,0.4,0.453969,0.4
0.35,0.245726,0.4,0.454274,0.4
0.351,0.245421,0.4,0.454579,0.4
0.352,0.245114,0.4,0.454886,0.4
0.353,0.244807,0.4,0.455193,0.4
0.354,0.244499,0.4,0.455501,0.4
0.355,0.24419,0.4,0.45581,0.4
0.356,0.243881,0.4,0.456119,0.4
0.357,0.243571,0.4,0.456429,0.4
0.358,0.243259,0.4,0.456741,0.4
0.359,0.242947,0.4,0.457053,0.4
0.36,0.242635,0.4,0.457365,0.4
0.361,0.242321,0.4,0.457679,0.4
0.362,0.242007,0.4,0.457993,0.4
0.363,0.241692,0.4,0.458308,0.4
0.364,0.241376,0.4,0.458624,0.4
0.365,0.241059,0.4,0.458941,0.4
0.366,0.240741,0.4,0.459259,0.4
0.367,0.240423,0.4,0.459577,0.4
0.368,0.240103,0.4,0.459897,0.4
0.369,0.239783,0.4,0.460217,0.4
0.37,0.239463,0.4,0.460537,0.4
0.371,0.239141,0.4,0.460859,0.4
0.372,0.238819,0.4,0.461181,0.4
0.373,0.238495,0.4,0.461505,0.4
0.374,0.238171,0.4,0.461829,0.4
0.375,0.237847,0.4,0.462153,0.4
0.376,0.237521,0.4,0.462479,0.4
0.377,0.237195,0.4,0.462805,0.4
0.378,0.236867,0.4,0.463133,0.4
0.379,0.236539,0.4,0.463461,0.4
0.38,0.23621,0.4,0.46379,0.4
0.381,0.235881,0.4,0.464119,0.4
0.382,0.23555,0.4,0.46445,0.4
0.383,0.235219,0.4,0.464781,0.4
0.384,0.234887,0.4,0.465113,0.4
0.385,0.234555,0.4,0.465445,0.4
0.386,0.234221,0.4,0.465779,0.4
0.387,0.233887,0.4,0.466113,0.4
0.388,0.233551,0.4,0.466449,0.4
0.389,0.233215,0.4,0.466785,0.4
0.39,0.232879,0.4,0.467121,0.4
0.391,0.232541,0.4,0.467459,0.4
0.392,0.232203,0.4,0.467797,0.4
0.393,0.231864,0.4,0.468136,0.4
0.394,0.231524,0.4,0.468476,0.4
0.395,0.231183,0.4,0.468817,0.4
0.396,0.230842,0.4,0.469158,0.4
0.397,0.230499,0.4,0.469501,0.4
0.398,0.230156,0.4,0.469844,0.4
0.399,0.229812,0.4,0.470188,0.4
0.4,0.229468,0.4,0.470532,0.4
0.401,0.229122,0.4,0.470878,0.4
0.402,0.228776,0.4,0.471224,0.4
0.403,0.228429,0.4,0.471571,0.4
0.404,0.228081,0.4,0.471919,0.4
0.405,0.227733,0.4,0.472267,0.4
0.406,0.227383,0.4,0.472617,0.4
0.407,0.227033,0.4,0.472967,0.4
0.408,0.226682,0.4,0.473318,0.4
0.409,0.226331,0.4,0.473669,0.4
0.41,0.225978,0.4,0.474022,0.4
0.411,0.225625,0.4,0.474375,0.4
0.412,0.225271,0.4,0.474729,0.4
0.413,0.224916,0.4,0.475084,0.4
0.414,0.224561,0.4,0.475439,0.4
0.415,0.224204,0.4,0.475796,0.4
0.416,0.223847,0.4,0.476153,0.4
0.417,0.223489,0.4,0.476511,0.4
0.418,0.22313,0.4,0.47687,0.4
0.419,0.222771,0.4,0.477229,0.4
0.42,0.222411,0.4,0.477589,0.4
0.421,0.22205,0.4,0.47795,0.4
0.422,0.221688,0.4,0.478312,0.4
0.423,0.221325,0.4,0.478675,0.4
0.424,0.220962,0.4,0.479038,0.4
0.425,0.220598,0.4,0.479402,0.4
0.426,0.220233,0.4,0.479767,0.4
0.427,0.219867,0.4,0.480133,0.4
0.428,0.219501,0.4,0.480499,0.4
0.429,0.219134,0.4,0.480866,0.4
0.43,0.218766,0.4,0.481234,0.4
0.431,0.218397,0.4,0.481603,0.4
0.432,0.218027,0.4,0.481973,0.4
0.433,0.217657,0.4,0.482343,0.4
0.434,0.217286,0.4,0.482714,0.4
0.435,0.216914,0.4,0.483086,0.4
0.436,0.216542,0.4,0.483458,0.4
0.437,0.216168,0.4,0.483832,0.4
0.438,0.215794,0.4,0.484206,0.4
0.439,0.215419,0.4,0.484581,0.4
0.44,0.215044,0.4,0.484956,0.4
0.441,0.214667,0.4,0.485333,0.4
0.442,0.21429,0.4,0.48571,0.4
0.443,0.213912,0.4,0.486088,0.4
0.444,0.213534,0.4,0.486466,0.4
0.445,0.213154,0.4,0.486846,0.4
0.446,0.212774,0.4,0.487226,0.4
0.447,0.212393,0.4,0.487607,0.4
0.448,0.212011,0.4,0.487989,0.4
0.449,0.211629,0.4,0.488371,0.4
0.45,0.211245,0.4,0.488755,0.4
0.451,0.210861,0.4,0.489139,0.4
0.452,0.210477,0.4,0.489523,0.4
0.453,0.210091,0.4,0.489909,0.4
0.454,0.209705,0.4,0.490295,0.4
0.455,0.209318,0.4,0.490682,0.4
0.456,0.20893,0.4,0.49107,0.4
0.457,0.208542,0.4,0.491458,0.4
0.458,0.208152,0.4,0.491848,0.4
0.459,0.207762,0.4,0.492238,0.4
0.46,0.207371,0.4,0.492629,0.4
0.461,0.20698,0.4,0.49302,0.4
0.462,0.206588,0.4,0.493412,0.4
0.463,0.206194,0.4,0.493806,0.4
0.464,0.205801,0.4,0.494199,0.4
0.465,0.205406,0.4,0.494594,0.4
0.466,0.205011,0.4,0.494989,0.4
0.467,0.204615,0.4,0.495385,0.4
0.468,0.204218,0.4,0.495782,0.4
0.469,0.20382,0.4,0.49618,0.4
0.47,0.203422,0.4,0.496578,0.4
0.471,0.203023,0.4,0.496977,0.4
0.472,0.202623,0.4,0.497377,0.4
0.473,0.202223,0.4,0.497777,0.4
0.474,0.201822,0.4,0.498178,0.4
0.475,0.20142,0.4,0.49858,0.4
0.476,0.201017,0.4,0.498983,0.4
0.477,0.200613,0.4,0.499387,0.4
0.478,0.200209,0.4,0.499791,0.4
0.479,0.199804,0.4,0.500196,0.4
0.48,0.199398,0.4,0.500602,0.4
0.481,0.198992,0.4,0.501008,0.4
0.482,0.198585,0.4,0.501415,0.4
0.483,0.198177,0.4,0.501823,0.4
0.484,0.197768,0.4,0.502232,0.4
0.485,0.197359,0.4,0.502641,0.4
0.486,0.196948,0.4,0.503052,0.4
0.487,0.196538,0.4,0.503462,0.4
0.488,0.196126,0.4,0.503874,0.4
0.489,0.195714,0.4,0.504286,0.4
0.49,0.195301,0.4,0.504699,0.4
0.491,0.194887,0.4,0.505113,0.4
0.492,0.194472,0.4,0.505528,0.4
0.493,0.194057,0.4,0.505943,0.4
0.494,0.193641,0.4,0.506359,0.4
0.495,0.193224,0.4,0.506776,0.4
0.496,0.192807,0.4,0.507193,0.4
0.497,0.192388,0.4,0.507612,0.4
0.498,0.191969,0.4,0.508031,0.4
0.499,0.19155,0.4,0.50845,0.4
0.5,0.191129,0.4,0.508871,0.4
0.501,0.190708,0.4,0.509292,0.4
0.502,0.190286,0.4,0.509714,0.4
0.503,0.189864,0.4,0.510136,0.4
0.504,0.18944,0.4,0.51056,0.4
0.505,0.189016,0.4,0.510984,0.4
0.506,0.188592,0.4,0.511408,0.4
0.507,0.188166,0.4,0.511834,0.4
0.508,0.18774,0.4,0.51226,0.4
0.509,0.187313,0.4,0.512687,0.4
0.51,0.186885,0.4,0.513115,0.4
0.511,0.186457,0.4,0.513543,0.4
0.512,0.186028,0.4,0.513972,0.4
0.513,0.185598,0.4,0.514402,0.4
0.514,0.185168,0.4,0.514832,0.4
0.515,0.184736,0.4,0.515264,0.4
0.516,0.184304,0.4,0.515696,0.4
0.517,0.183872,0.4,0.516128,0.4
0.518,0.183438,0.4,0.516562,0.4
0.519,0.183004,0.4,0.516996,0.4
0.52,0.182569,0.4,0.517431,0.4
0.521,0.182134,0.4,0.517866,0.4
0.522,0.181697,0.4,0.518303,0.4
0.523,0.18126,0.4,0.51874,0.4
0.524,0.180823,0.4,0.519177,0.4
0.525,0.180384,0.4,0.519616,0.4
0.526,0.179945,0.4,0.520055,0.4
0.527,0.179505,0.4,0.520495,0.4
0.528,0.179065,0.4,0.520935,0.4
0.529,0.178623,0.4,0.521377,0.4
0.53,0.178182,0.4,0.521818,0.4
0.531,0.177739,0.4,0.522261,0.4
0.532,0.177295,0.4,0.522705,0.4
0.533,0.176851,0.4,0.523149,0.4
0.534,0.176407,0.4,0.523593,0.4
0.535,0.175961,0.4,0.524039,0.4
0.536,0.175515,0.4,0.524485,0.4
0.537,0.175068,0.4,0.524932,0.4
0.538,0.17462,0.4,0.52538,0.4
0.539,0.174172,0.4,0.525828,0.4
0.54,0.173723,0.4,0.526277,0.4
0.541,0.173273,0.4,0.526727,0.4
0.542,0.172823,0.4,0.527177,0.4
0.543,0.172372,0.4,0.527628,0.4
0.544,0.17192,0.4,0.52808,0.4
0.545,0.171467,0.4,0.528533,0.4
0.546,0.171014,0.4,0.528986,0.4
0.547,0.17056,0.4,0.52944,0.4
0.548,0.170105,0.4,0.529895,0.4
0.549,0.16965,0.4,0.53035,0.4
0.55,0.169194,0.4,0.530806,0.4
0.551,0.168737,0.4,0.531263,0.4
0.552,0.16828,0.4,0.53172,0.4
0.553,0.167822,0.4,0.532178,0.4
0.554,0.167363,0.4,0.532637,0.4
0.555,0.166903,0.4,0.533097,0.4
0.556,0.166443,0.4,0.533557,0.4
0.557,0.165982,0.4,0.534018,0.4
0.558,0.165521,0.4,0.534479,0.4
0.559,0.165058,0.4,0.534942,0.4
0.56,0.164595,0.4,0.535405,0.4
0.561,0.164132,0.4,0.535868,0.4
0.562,0.163667,0.4,0.536333,0.4
0.563,0.163202,0.4,0.536798,0.4
0.564,0.162737,0.4,0.537263,0.4
0.565,0.16227,0.4,0.53773,0.4
0.566,0.161803,0.4,0.538197,0.4
0.567,0.161335,0.4,0.538665,0.4
0.568,0.160867,0.4,0.539133,0.4
0.569,0.160398,0.4,0.539602,0.4
0.57,0.159928,0.4,0.540072,0.4
0.571,0.159457,0.4,0.540543,0.4
0.572,0.158986,0.4,0.541014,0.4
0.573,0.158514,0.4,0.541486,0.4
0.574,0.158042,0.4,0.541958,0.4
0.575,0.157568,0.4,0.542432,0.4
0.576,0.157095,0.4,0.542905,0.4
0.577,0.15662,0.4,0.54338,0.4
0.578,0.156145,0.4,0.543855,0.4
0.579,0.155669,0.4,0.544331,0.4
0.58,0.155192,0.4,0.544808,0.4
0.581,0.154715,0.4,0.545285,0.4
0.582,0.154237,0.4,0.545763,0.4
0.583,0.153758,0.4,0.546242,0.4
0.584,0.153279,0.4,0.546721,0.4
0.585,0.152799,0.4,0.547201,0.4
0.586,0.152318,0.4,0.547682,0.4
0.587,0.151836,0.4,0.548164,0.4
0.588,0.151354,0.4,0.548646,0.4
0.589,0.150872,0.4,0.549128,0.4
0.59,0.150388,0.4,0.549612,0.4
0.591,0.149904,0.4,0.550096,0.4
0.592,0.149419,0.4,0.550581,0.4
0.593,0.148934,0.4,0.551066,0.4
0.594,0.148448,0.4,0.551552,0.4
0.595,0.147961,0.4,0.552039,0.4
0.596,0.147474,0.4,0.552526,0.4
0.597,0.146986,0.4,0.553014,0.4
0.598,0.146497,0.4,0.553503,0.4
0.599,0.146008,0.4,0.553992,0.4
0.6,0.145518,0.4,0.554482,0.4
0.601,0.145027,0.4,0.554973,0.4
0.602,0.144535,0.4,0.555465,0.4
0.603,0.144043,0.4,0.555957,0.4
0.604,0.143551,0.4,0.556449,0.4
0.605,0.143057,0.4,0.556943,0.4
0.606,0.142563,0.4,0.557437,0.4
0.607,0.142068,0.4,0.557932,0.4
0.608,0.141573,0.4,0.558427,0.4
0.609,0.141077,0.4,0.558923,0.4
0.61,0.14058,0.4,0.55942,0.4
0.611,0.140083,0.4,0.559917,0.4
0.612,0.139585,0.4,0.560415,0.4
0.613,0.139086,0.4,0.560914,0.4
0.614,0.138587,0.4,0.561413,0.4
0.615,0.138087,0.4,0.561913,0.4
0.616,0.137586,0.4,0.562414,0.4
0.617,0.137085,0.4,0.562915,0.4
0.618,0.136583,0.4,0.563417,0.4
0.619,0.136081,0.4,0.563919,0.4
0.62,0.135577,0.4,0.564423,0.4
0.621,0.135074,0.4,0.564926,0.4
0.622,0.134569,0.4,0.565431,0.4
0.623,0.134064,0.4,0.565936,0.4
0.624,0.133558,0.4,0.566442,0.4
0.625,0.133051,0.4,0.566949,0.4
0.626,0.132544,0.4,0.567456,0.4
0.627,0.132037,0.4,0.567963,0.4
0.628,0.131528,0.4,0.568472,0.4
0.629,0.131019,0.4,0.568981,0.4
0.63,0.130509,0.4,0.569491,0.4
0.631,0.129999,0.4,0.570001,0.4
0.632,0.129488,0.4,0.570512,0.4
0.633,0.128976,0.4,0.571024,0.4
0.634,0.128464,0.4,0.571536,0.4
0.635,0.127951,0.4,0.572049,0.4
0.636,0.127437,0.4,0.572563,0.4
0.637,0.126923,0.4,0.573077,0.4
0.638,0.126408,0.4,0.573592,0.4
0.639,0.125893,0.4,0.574107,0.4
0.64,0.125377,0.4,0.574623,0.4
0.641,0.12486,0.4,0.57514,0.4
0.642,0.124343,0.4,0.575657,0.4
0.643,0.123824,0.4,0.576176,0.4
0.644,0.123306,0.4,0.576694,0.4
0.645,0.122786,0.4,0.577214,0.4
0.646,0.122267,0.4,0.577733,0.4
0.647,0.121746,0.4,0.578254,0.4
0.648,0.121225,0.4,0.578775,0.4
0.649,0.120703,0.4,0.579297,0.4
0.65,0.12018,0.4,0.57982,0.4
0.651,0.119657,0.4,0.580343,0.4
0.652,0.119133,0.4,0.580867,0.4
0.653,0.118609,0.4,0.581391,0.4
0.654,0.118084,0.4,0.581916,0.4
0.655,0.117558,0.4,0.582442,0.4
0.656,0.117032,0.4,0.582968,0.4
0.657,0.116505,0.4,0.583495,0.4
0.658,0.115978,0.4,0.584022,0.4
0.659,0.11545,0.4,0.58455,0.4
0.66,0.114921,0.4,0.585079,0.4
0.661,0.114391,0.4,0.585609,0.4
0.662,0.113861,0.4,0.586139,0.4
0.663,0.113331,0.4,0.586669,0.4
0.664,0.112799,0.4,0.587201,0.4
0.665,0.112268,0.4,0.587732,0.4
0.666,0.111735,0.4,0.588265,0.4
0.667,0.111202,0.4,0.588798,0.4
0.668,0.110668,0.4,0.589332,0.4
0.669,0.110134,0.4,0.589866,0.4
0.67,0.109599,0.4,0.590401,0.4
0.671,0.109063,0.4,0.590937,0.4
0.672,0.108527,0.4,0.591473,0.4
0.673,0.10799,0.4,0.59201,0.4
0.674,0.107453,0.4,0.592547,0.4
0.675,0.106915,0.4,0.593085,0.4
0.676,0.106376,0.4,0.593624,0.4
0.677,0.105837,0.4,0.594163,0.4
0.678,0.105297,0.4,0.594703,0.4
0.679,0.104756,0.4,0.595244,0.4
0.68,0.104215,0.4,0.595785,0.4
0.681,0.103673,0.4,0.596327,0.4
0.682,0.103131,0.4,0.596869,0.4
0.683,0.102588,0.4,0.597412,0.4
0.684,0.102044,0.4,0.597956,0.4
0.685,0.1015,0.4,0.5985,0.4
0.686,0.100955,0.4,0.599045,0.4
0.687,0.10041,0.4,0.59959,0.4
0.688,0.0998638,0.4,0.600136,0.4
0.689,0.0993172,0.4,0.600683,0.4
0.69,0.09877,0.4,0.60123,0.4
0.691,0.0982221,0.4,0.601778,0.4
0.692,0.0976737,0.4,0.602326,0.4
0.693,0.0971246,0.4,0.602875,0.4
0.694,0.096575,0.4,0.603425,0.4
0.695,0.0960247,0.4,0.603975,0.4
0.696,0.0954739,0.4,0.604526,0.4
0.697,0.0949224,0.4,0.605078,0.4
0.698,0.0943703,0.4,0.60563,0.4
0.699,0.0938177,0.4,0.606182,0.4
0.7,0.0932644,0.4,0.606736,0.4
0.701,0.0927106,0.4,0.607289,0.4
0.702,0.0921561,0.4,0.607844,0.4
0.703,0.0916011,0.4,0.608399,0.4
0.704,0.0910454,0.4,0.608955,0.4
0.705,0.0904892,0.4,0.609511,0.4
0.706,0.0899324,0.4,0.610068,0.4
0.707,0.0893749,0.4,0.610625,0.4
0.708,0.0888169,0.4,0.611183,0.4
0.709,0.0882583,0.4,0.611742,0.4
0.71,0.0876991,0.4,0.612301,0.4
0.711,0.0871393,0.4,0.612861,0.4
0.712,0.0865789,0.4,0.613421,0.4
0.713,0.0860179,0.4,0.613982,0.4
0.714,0.0854563,0.4,0.614544,0.4
0.715,0.0848942,0.4,0.615106,0.4
0.716,0.0843314,0.4,0.615669,0.4
0.717,0.0837681,0.4,0.616232,0.4
0.718,0.0832042,0.4,0.616796,0.4
0.719,0.0826396,0.4,0.61736,0.4
0.72,0.0820745,0.4,0.617925,0.4
0.721,0.0815089,0.4,0.618491,0.4
0.722,0.0809426,0.4,0.619057,0.4
0.723,0.0803757,0.4,0.619624,0.4
0.724,0.0798083,0.4,0.620192,0.4
0.725,0.0792403,0.4,0.62076,0.4
0.726,0.0786717,0.4,0.621328,0.4
0.727,0.0781025,0.4,0.621897,0.4
0.728,0.0775327,0.4,0.622467,0.4
0.729,0.0769624,0.4,0.623038,0.4
0.73,0.0763915,0.4,0.623609,0.4
0.731,0.07582,0.4,0.62418,0.4
0.732,0.0752479,0.4,0.624752,0.4
0.733,0.0746753,0.4,0.625325,0.4
0.734,0.074102,0.4,0.625898,0.4
0.735,0.0735282,0.4,0.626472,0.4
0.736,0.0729538,0.4,0.627046,0.4
0.737,0.0723789,0.4,0.627621,0.4
0.738,0.0718034,0.4,0.628197,0.4
0.739,0.0712273,0.4,0.628773,0.4
0.74,0.0706506,0.4,0.629349,0.4
0.741,0.0700733,0.4,0.629927,0.4
0.742,0.0694955,0.4,0.630504,0.4
0.743,0.0689171,0.4,0.631083,0.4
0.744,0.0683382,0.4,0.631662,0.4
0.745,0.0677586,0.4,0.632241,0.4
0.746,0.0671785,0.4,0.632821,0.4
0.747,0.0665979,0.4,0.633402,0.4
0.748,0.0660166,0.4,0.633983,0.4
0.749,0.0654348,0.4,0.634565,0.4
0.75,0.0648525,0.4,0.635148,0.4
0.751,0.0642695,0.4,0.63573,0.4
0.752,0.063686,0.4,0.636314,0.4
0.753,0.063102,0.4,0.636898,0.4
0.754,0.0625174,0.4,0.637483,0.4
0.755,0.0619322,0.4,0.638068,0.4
0.756,0.0613464,0.4,0.638654,0.4
0.757,0.0607601,0.4,0.63924,0.4
0.758,0.0601733,0.4,0.639827,0.4
0.759,0.0595858,0.4,0.640414,0.4
0.76,0.0589978,0.4,0.641002,0.4
0.761,0.0584093,0.4,0.641591,0.4
0.762,0.0578202,0.4,0.64218,0.4
0.763,0.0572305,0.4,0.642769,0.4
0.764,0.0566403,0.4,0.64336,0.4
0.765,0.0560495,0.4,0.64395,0.4
0.766,0.0554582,0.4,0.644542,0.4
0.767,0.0548663,0.4,0.645134,0.4
0.768,0.0542739,0.4,0.645726,0.4
0.769,0.0536809,0.4,0.646319,0.4
0.77,0.0530873,0.4,0.646913,0.4
0.771,0.0524932,0.4,0.647507,0.4
0.772,0.0518986,0.4,0.648101,0.4
0.773,0.0513034,0.4,0.648697,0.4
0.774,0.0507076,0.4,0.649292,0.4
0.775,0.0501113,0.4,0.649889,0.4
0.776,0.0495145,0.4,0.650486,0.4
0.777,0.0489171,0.4,0.651083,0.4
0.778,0.0483191,0.4,0.651681,0.4
0.779,0.0477206,0.4,0.652279,0.4
0.78,0.0471216,0.4,0.652878,0.4
0.781,0.046522,0.4,0.653478,0.4
0.782,0.0459219,0.4,0.654078,0.4
0.783,0.0453212,0.4,0.654679,0.4
0.784,0.04472,0.4,0.65528,0.4
0.785,0.0441182,0.4,0.655882,0.4
0.786,0.0435159,0.4,0.656484,0.4
0.787,0.042913,0.4,0.657087,0.4
0.788,0.0423097,0.4,0.65769,0.4
0.789,0.0417057,0.4,0.658294,0.4
0.79,0.0411013,0.4,0.658899,0.4
0.791,0.0404963,0.4,0.659504,0.4
0.792,0.0398907,0.4,0.660109,0.4
0.793,0.0392846,0.4,0.660715,0.4
0.794,0.038678,0.4,0.661322,0.4
0.795,0.0380709,0.4,0.661929,0.4
0.796,0.0374632,0.4,0.662537,0.4
0.797,0.0368549,0.4,0.663145,0.4
0.798,0.0362462,0.4,0.663754,0.4
0.799,0.0356369,0.4,0.664363,0.4
0.8,0.035027,0.4,0.664973,0.4
0.801,0.0344167,0.4,0.665583,0.4
0.802,0.0338058,0.4,0.666194,0.4
0.803,0.0331944,0.4,0.666806,0.4
0.804,0.0325824,0.4,0.667418,0.4
0.805,0.0319699,0.4,0.66803,0.4
0.806,0.0313569,0.4,0.668643,0.4
0.807,0.0307434,0.4,0.669257,0.4
0.808,0.0301293,0.4,0.669871,0.4
0.809,0.0295147,0.4,0.670485,0.4
0.81,0.0288996,0.4,0.6711,0.4
0.811,0.0282839,0.4,0.671716,0.4
0.812,0.0276677,0.4,0.672332,0.4
0.813,0.027051,0.4,0.672949,0.4
0.814,0.0264338,0.4,0.673566,0.4
0.815,0.0258161,0.4,0.674184,0.4
0.816,0.0251978,0.4,0.674802,0.4
0.817,0.024579,0.4,0.675421,0.4
0.818,0.0239597,0.4,0.67604,0.4
0.819,0.0233398,0.4,0.67666,0.4
0.82,0.0227195,0.4,0.677281,0.4
0.821,0.0220986,0.4,0.677901,0.4
0.822,0.0214772,0.4,0.678523,0.4
0.823,0.0208553,0.4,0.679145,0.4
0.824,0.0202328,0.4,0.679767,0.4
0.825,0.0196099,0.4,0.68039,0.4
0.826,0.0189864,0.4,0.681014,0.4
0.827,0.0183624,0.4,0.681638,0.4
0.828,0.0177379,0.4,0.682262,0.4
0.829,0.0171129,0.4,0.682887,0.4
0.83,0.0164874,0.4,0.683513,0.4
0.831,0.0158614,0.4,0.684139,0.4
0.832,0.0152348,0.4,0.684765,0.4
0.833,0.0146077,0.4,0.685392,0.4
0.834,0.0139802,0.4,0.68602,0.4
0.835,0.0133521,0.4,0.686648,0.4
0.836,0.0127235,0.4,0.687277,0.4
0.837,0.0120944,0.4,0.687906,0.4
0.838,0.0114648,0.4,0.688535,0.4
0.839,0.0108346,0.4,0.689165,0.4
0.84,0.010204,0.4,0.689796,0.4
0.841,0.00957288,0.4,0.690427,0.4
0.842,0.00894124,0.4,0.691059,0.4
0.843,0.00830909,0.4,0.691691,0.4
0.844,0.00767644,0.4,0.692324,0.4
0.845,0.00704328,0.4,0.692957,0.4
0.846,0.00640962,0.4,0.69359,0.4
0.847,0.00577545,0.4,0.694225,0.4
0.848,0.00514079,0.4,0.694859,0.4
0.849,0.00450562,0.4,0.695494,0.4
0.85,0.00386995,0.4,0.69613,0.4
0.851,0.00323378,0.4,0.696766,0.4
0.852,0.00259711,0.4,0.697403,0.4
0.853,0.00195994,0.4,0.69804,0.4
0.854,0.00132227,0.4,0.698678,0.4
0.855,0.000684108,0.4,0.699316,0.4
0.856,4.54457e-05,0.4,0.699955,0.4
0.857,0.749406,0.4,0.700594,0.4
0.858,0.748768,0.4,0.701232,0.4
0.859,0.748131,0.4,0.701869,0.4
0.86,0.747495,0.4,0.702505,0.4
0.861,0.746859,0.4,0.703141,0.4
0.862,0.746225,0.4,0.703775,0.4
0.863,0.745591,0.4,0.704409,0.4
0.864,0.744959,0.4,0.705041,0.4
0.865,0.744327,0.4,0.705673,0.4
0.866,0.743697,0.4,0.706303,0.4
0.867,0.743067,0.4,0.706933,0.4
0.868,0.742439,0.4,0.707561,0.4
0.869,0.741811,0.4,0.708189,0.4
0.87,0.741184,0.4,0.708816,0.4
0.871,0.740559,0.4,0.709441,0.4
0.872,0.739934,0.4,0.710066,0.4
0.873,0.73931,0.4,0.71069,0.4
0.874,0.738687,0.4,0.711313,0.4
0.875,0.738065,0.4,0.711935,0.4
0.876,0.737445,0.4,0.712555,0.4
0.877,0.736825,0.4,0.713175,0.4
0.878,0.736206,0.4,0.713794,0.4
0.879,0.735588,0.4,0.714412,0.4
0.88,0.734971,0.4,0.715029,0.4
0.881,0.734355,0.4,0.715645,0.4
0.882,0.73374,0.4,0.71626,0.4
0.883,0.733126,0.4,0.716874,0.4
0.884,0.732513,0.4,0.717487,0.4
0.885,0.731901,0.4,0.718099,0.4
0.886,0.73129,0.4,0.71871,0.4
0.887,0.73068,0.4,0.71932,0.4
0.888,0.730071,0.4,0.719929,0.4
0.889,0.729463,0.4,0.720537,0.4
0.89,0.728856,0.4,0.721144,0.4
0.891,0.728249,0.4,0.721751,0.4
0.892,0.727644,0.4,0.722356,0.4
0.893,0.72704,0.4,0.72296,0.4
0.894,0.726437,0.4,0.723563,0.4
0.895,0.725835,0.4,0.724165,0.4
0.896,0.725234,0.4,0.724766,0.4
0.897,0.724634,0.4,0.725366,0.4
0.898,0.724033,0.4,0.725967,0.4
0.899,0.723431,0.4,0.726569,0.4
0.9,0.722827,0.4,0.727173,0.4
0.901,0.722223,0.4,0.727777,0.4
0.902,0.721618,0.4,0.728382,0.4
0.903,0.721012,0.4,0.728988,0.4
0.904,0.720405,0.4,0.729595,0.4
0.905,0.719797,0.4,0.730203,0.4
0.906,0.719188,0.4,0.730812,0.4
0.907,0.718578,0.4,0.731422,0.4
0.908,0.717967,0.4,0.732033,0.4
0.909,0.717355,0.4,0.732645,0.4
0.91,0.716742,0.4,0.733258,0.4
0.911,0.716128,0.4,0.733872,0.4
0.912,0.715513,0.4,0.734487,0.4
0.913,0.714897,0.4,0.735103,0.4
0.914,0.71428,0.4,0.73572,0.4
0.915,0.713662,0.4,0.736338,0.4
0.916,0.713043,0.4,0.736957,0.4
0.917,0.712423,0.4,0.737577,0.4
0.918,0.711802,0.4,0.738198,0.4
0.919,0.71118,0.4,0.73882,0.4
0.92,0.710558,0.4,0.739442,0.4
0.921,0.709934,0.4,0.740066,0.4
0.922,0.709309,0.4,0.740691,0.4
0.923,0.708683,0.4,0.741317,0.4
0.924,0.708057,0.4,0.741943,0.4
0.925,0.707429,0.4,0.742571,0.4
0.926,0.706801,0.4,0.743199,0.4
0.927,0.706171,0.4,0.743829,0.4
0.928,0.70554,0.4,0.74446,0.4
0.929,0.704909,0.4,0.745091,0.4
0.93,0.704276,0.4,0.745724,0.4
0.931,0.703643,0.4,0.746357,0.4
0.932,0.703009,0.4,0.746991,0.4
0.933,0.702373,0.4,0.747627,0.4
0.934,0.701737,0.4,0.748263,0.4
0.935,0.7011,0.4,0.7489,0.4
0.936,0.700462,0.4,0.749538,0.4
0.937,0.699822,0.4,0.000177535,0.4
0.938,0.699184,0.4,0.000816187,0.4
0.939,0.698546,0.4,0.00145434,0.4
0.94,0.697908,0.4,0.002092,0.4
0.941,0.697271,0.4,0.00272916,0.4
0.942,0.696634,0.4,0.00336581,0.4
0.943,0.695998,0.4,0.00400197,0.4
0.944,0.695362,0.4,0.00463763,0.4
0.945,0.694727,0.4,0.00527279,0.4
0.946,0.694093,0.4,0.00590744,0.4
0.947,0.693458,0.4,0.0065416,0.4
0.948,0.692825,0.4,0.00717525,0.4
0.949,0.692192,0.4,0.00780839,0.4
0.95,0.691559,0.4,0.00844103,0.4
0.951,0.690927,0.4,0.00907317,0.4
0.952,0.690295,0.4,0.0097048,0.4
0.953,0.689664,0.4,0.0103359,0.4
0.954,0.689033,0.4,0.0109665,0.4
0.955,0.688403,0.4,0.0115967,0.4
0.956,0.687774,0.4,0.0122263,0.4
0.957,0.687145,0.4,0.0128553,0.4
0.958,0.686516,0.4,0.0134839,0.4
0.959,0.685888,0.4,0.014112,0.4
0.96,0.68526,0.4,0.0147396,0.4
0.961,0.684633,0.4,0.0153666,0.4
0.962,0.684007,0.4,0.0159932,0.4
0.963,0.683381,0.4,0.0166192,0.4
0.964,0.682755,0.4,0.0172447,0.4
0.965,0.68213,0.4,0.0178697,0.4
0.966,0.681506,0.4,0.0184942,0.4
0.967,0.680882,0.4,0.0191181,0.4
0.968,0.680258,0.4,0.0197416,0.4
0.969,0.679635,0.4,0.0203645,0.4
0.97,0.679013,0.4,0.0209869,0.4
0.971,0.678391,0.4,0.0216089,0.4
0.972,0.67777,0.4,0.0222302,0.4
0.973,0.677149,0.4,0.0228511,0.4
0.974,0.676529,0.4,0.0234714,0.4
0.975,0.675909,0.4,0.0240913,0.4
0.976,0.675289,0.4,0.0247106,0.4
0.977,0.674671,0.4,0.0253293,0.4
0.978,0.674052,0.4,0.0259476,0.4
0.979,0.673435,0.4,0.0265653,0.4
0.98,0.672817,0.4,0.0271825,0.4
0.981,0.672201,0.4,0.0277992,0.4
0.982,0.671585,0.4,0.0284154,0.4
0.983,0.670969,0.4,0.029031,0.4
0.984,0.670354,0.4,0.0296461,0.4
0.985,0.669739,0.4,0.0302607,0.4
0.986,0.669125,0.4,0.0308748,0.4
0.987,0.668512,0.4,0.0314883,0.4
0.988,0.667899,0.4,0.0321013,0.4
0.989,0.667286,0.4,0.0327138,0.4
0.99,0.666674,0.4,0.0333257,0.4
0.991,0.666063,0.4,0.0339371,0.4
0.992,0.665452,0.4,0.034548,0.4
0.993,0.664842,0.4,0.0351583,0.4
0.994,0.664232,0.4,0.0357682,0.4
0.995,0.663623,0.4,0.0363774,0.4
0.996,0.663014,0.4,0.0369862,0.4
0.997,0.662406,0.4,0.0375944,0.4
0.998,0.661798,0.4,0.0382021,0.4
0.999,0.661191,0.4,0.0388092,0.4
x,y
0.661191,0.4
0.0388092,0.4
