x,y
0,0
time,x,y
0,0,0
0.001,-0.977833,0
0.002,-0.977833,0
0.003,-0.977833,0
0.004,-0.977833,0
0.005,-0.977834,0
0.006,-0.977834,0
0.007,-0.977834,0
0.008,-0.977834,0
0.009,-0.977834,0
0.01,-0.977835,0
0.011,-0.977835,0
0.012,-0.977835,0
0.013,-0.977835,0
0.014,-0.977836,0
0.015,-0.977836,0
0.016,-0.977837,0
0.017,-0.977837,0
0.018,-0.977838,0
0.019,-0.977838,0
0.02,-0.977839,0
0.021,-0.977839,0
0.022,-0.97784,0
0.023,-0.97784,0
0.024,-0.977841,0
0.025,-0.977842,0
0.026,-0.977842,0
0.027,-0.977843,0
0.028,-0.977844,0
0.029,-0.977845,0
0.03,-0.977846,0
0.031,-0.977846,0
0.032,-0.977847,0
0.033,-0.977848,0
0.034,-0.977849,0
0.035,-0.97785,0
0.036,-0.977851,0
0.037,-0.977852,0
0.038,-0.977853,0
0.039,-0.977854,0
0.04,-0.977855,0
0.041,-0.977857,0
0.042,-0.977858,0
0.043,-0.977859,0
0.044,-0.97786,0
0.045,-0.977861,0
0.046,-0.977863,0
0.047,-0.977864,0
0.048,-0.977865,0
0.049,-0.977867,0
0.05,-0.977868,0
0.051,-0.97787,0
0.052,-0.977871,0
0.053,-0.977872,0
0.054,-0.977874,0
0.055,-0.977876,0
0.056,-0.977877,0
0.057,-0.977879,0
0.058,-0.97788,0
0.059,-0.977882,0
0.06,-0.977884,0
0.061,-0.977885,0
0.062,-0.977887,0
0.063,-0.977889,0
0.064,-0.977891,0
0.065,-0.977892,0
0.066,-0.977894,0
0.067,-0.977896,0
0.068,-0.977898,0
0.069,-0.9779,0
0.07,-0.977902,0
0.071,-0.977904,0
0.072,-0.977906,0
0.073,-0.977908,0
0.074,-0.97791,0
0.075,-0.977912,0
0.076,-0.977914,0
0.077,-0.977916,0
0.078,-0.977919,0
0.079,-0.977921,0
0.08,-0.977923,0
0.081,-0.977925,0
0.082,-0.977928,0
0.083,-0.97793,0
0.084,-0.977932,0
0.085,-0.977935,0
0.086,-0.977937,0
0.087,-0.97794,0
0.088,-0.977942,0
0.089,-0.977945,0
0.09,-0.977947,0
0.091,-0.97795,0
0.092,-0.977952,0
0.093,-0.977955,0
0.094,-0.977958,0
0.095,-0.97796,0
0.096,-0.977963,0
0.097,-0.977966,0
0.098,-0.977968,0
0.099,-0.977971,0
0.1,-0.977974,0
0.101,-0.977977,0
0.102,-0.97798,0
0.103,-0.977983,0
0.104,-0.977985,0
0.105,-0.977988,0
0.106,-0.977991,0
0.107,-0.977994,0
0.108,-0.977997,0
0.109,-0.978001,0
0.11,-0.978004,0
0.111,-0.978007,0
0.112,-0.97801,0
0.113,-0.978013,0
0.114,-0.978016,0
0.115,-0.97802,0
0.116,-0.978023,0
0.117,-0.978026,0
0.118,-0.978029,0
0.119,-0.978033,0
0.12,-0.978036,0
0.121,-0.978039,0
0.122,-0.978043,0
0.123,-0.978046,0
0.124,-0.97805,0
0.125,-0.978053,0
0.126,-0.978057,0
0.127,-0.97806,0
0.128,-0.978064,0
0.129,-0.978068,0
0.13,-0.978071,0
0.131,-0.978075,0
0.132,-0.978079,0
0.133,-0.978083,0
0.134,-0.978086,0
0.135,-0.97809,0
0.136,-0.978094,0
0.137,-0.978098,0
0.138,-0.978102,0
0.139,-0.978106,0
0.14,-0.978109,0
0.141,-0.978113,0
0.142,-0.978117,0
0.143,-0.978121,0
0.144,-0.978125,0
0.145,-0.97813,0
0.146,-0.978134,0
0.147,-0.978138,0
0.148,-0.978142,0
0.149,-0.978146,0
0.15,-0.97815,0
0.151,-0.978155,0
0.152,-0.978159,0
0.153,-0.978163,0
0.154,-0.978167,0
0.155,-0.978172,0
0.156,-0.978176,0
0.157,-0.978181,0
0.158,-0.978185,0
0.159,-0.97819,0
0.16,-0.978194,0
0.161,-0.978199,0
0.162,-0.978203,0
0.163,-0.978208,0
0.164,-0.978212,0
0.165,-0.978217,0
0.166,-0.978222,0
0.167,-0.978226,0
0.168,-0.978231,0
0.169,-0.978236,0
0.17,-0.97824,0
0.171,-0.978245,0
0.172,-0.97825,0
0.173,-0.978255,0
0.174,-0.97826,0
0.175,-0.978265,0
0.176,-0.97827,0
0.177,-0.978275,0
0.178,-0.97828,0
0.179,-0.978285,0
0.18,-0.97829,0
0.181,-0.978295,0
0.182,-0.9783,0
0.183,-0.978305,0
0.184,-0.97831,0
0.185,-0.978315,0
0.186,-0.978321,0
0.187,-0.978326,0
0.188,-0.978331,0
0.189,-0.978336,0
0.19,-0.978342,0
0.191,-0.978347,0
0.192,-0.978352,0
0.193,-0.978358,0
0.194,-0.978363,0
0.195,-0.978369,0
0.196,-0.978374,0
0.197,-0.97838,0
0.198,-0.978385,0
0.199,-0.978391,0
0.2,-0.978396,0
0.201,-0.978402,0
0.202,-0.978408,0
0.203,-0.978413,0
0.204,-0.978419,0
0.205,-0.978425,0
0.206,-0.978431,0
0.207,-0.978436,0
0.208,-0.978442,0
0.209,-0.978448,0
0.21,-0.978454,0
0.211,-0.97846,0
0.212,-0.978466,0
0.213,-0.978472,0
0.214,-0.978478,0
0.215,-0.978484,0
0.216,-0.97849,0
0.217,-0.978496,0
0.218,-0.978502,0
0.219,-0.978508,0
0.22,-0.978514,0
0.221,-0.97852,0
0.222,-0.978527,0
0.223,-0.978533,0
0.224,-0.978539,0
0.225,-0.978545,0
0.226,-0.978552,0
0.227,-0.978558,0
0.228,-0.978564,0
0.229,-0.978571,0
0.23,-0.978577,0
0.231,-0.978584,0
0.232,-0.97859,0
0.233,-0.978596,0
0.234,-0.978603,0
0.235,-0.97861,0
0.236,-0.978616,0
0.237,-0.978623,0
0.238,-0.978629,0
0.239,-0.978636,0
0.24,-0.978643,0
0.241,-0.978649,0
0.242,-0.978656,0
0.243,-0.978663,0
0.244,-0.97867,0
0.245,-0.978677,0
0.246,-0.978683,0
0.247,-0.97869,0
0.248,-0.978697,0
0.249,-0.978704,0
0.25,-0.978711,0
0.251,-0.978718,0
0.252,-0.978725,0
0.253,-0.978732,0
0.254,-0.978739,0
0.255,-0.978746,0
0.256,-0.978753,0
0.257,-0.978761,0
0.258,-0.978768,0
0.259,-0.978775,0
0.26,-0.978782,0
0.261,-0.978789,0
0.262,-0.978797,0
0.263,-0.978804,0
0.264,-0.978811,0
0.265,-0.978819,0
0.266,-0.978826,0
0.267,-0.978833,0
0.268,-0.978841,0
0.269,-0.978848,0
0.27,-0.978856,0
0.271,-0.978863,0
0.272,-0.978871,0
0.273,-0.978878,0
0.274,-0.978886,0
0.275,-0.978894,0
0.276,-0.978901,0
0.277,-0.978909,0
0.278,-0.978917,0
0.279,-0.978924,0
0.28,-0.978932,0
0.281,-0.97894,0
0.282,-0.978948,0
0.283,-0.978956,0
0.284,-0.978964,0
0.285,-0.978971,0
0.286,-0.978979,0
0.287,-0.978987,0
0.288,-0.978995,0
0.289,-0.979003,0
0.29,-0.979011,0
0.291,-0.979019,0
0.292,-0.979027,0
0.293,-0.979035,0
0.294,-0.979044,0
0.295,-0.979052,0
0.296,-0.97906,0
0.297,-0.979068,0
0.298,-0.979076,0
0.299,-0.979085,0
0.3,-0.979093,0
0.301,-0.979101,0
0.302,-0.97911,0
0.303,-0.979118,0
0.304,-0.979126,0
0.305,-0.979135,0
0.306,-0.979143,0
0.307,-0.979152,0
0.308,-0.97916,0
0.309,-0.979169,0
0.31,-0.979177,0
0.311,-0.979186,0
0.312,-0.979194,0
0.313,-0.979203,0
0.314,-0.979212,0
0.315,-0.97922,0
0.316,-0.979229,0
0.317,-0.979238,0
0.318,-0.979246,0
0.319,-0.979255,0
0.32,-0.979264,0
0.321,-0.979273,0
0.322,-0.979282,0
0.323,-0.979291,0
0.324,-0.979299,0
0.325,-0.979308,0
0.326,-0.979317,0
0.327,-0.979326,0
0.328,-0.979335,0
0.329,-0.979344,0
0.33,-0.979353,0
0.331,-0.979363,0
0.332,-0.979372,0
0.333,-0.979381,0
0.334,-0.97939,0
0.335,-0.979399,0
0.336,-0.979408,0
0.337,-0.979418,0
0.338,-0.979427,0
0.339,-0.979436,0
0.34,-0.979445,0
0.341,-0.979455,0
0.342,-0.979464,0
0.343,-0.979474,0
0.344,-0.979483,0
0.345,-0.979492,0
0.346,-0.979502,0
0.347,-0.979511,0
0.348,-0.979521,0
0.349,-0.97953,0
0.35,-0.97954,0
0.351,-0.97955,0
0.352,-0.979559,0
0.353,-0.979569,0
0.354,-0.979579,0
0.355,-0.979588,0
0.356,-0.979598,0
0.357,-0.979608,0
0.358,-0.979617,0
0.359,-0.979627,0
0.36,-0.979637,0
0.361,-0.979647,0
0.362,-0.979657,0
0.363,-0.979667,0
0.364,-0.979677,0
0.365,-0.979687,0
0.366,-0.979697,0
0.367,-0.979707,0
0.368,-0.979717,0
0.369,-0.979727,0
0.37,-0.979737,0
0.371,-0.979747,0
0.372,-0.979757,0
0.373,-0.979767,0
0.374,-0.979777,0
0.375,-0.979787,0
0.376,-0.979798,0
0.377,-0.979808,0
0.378,-0.979818,0
0.379,-0.979828,0
0.38,-0.979839,0
0.381,-0.979849,0
0.382,-0.979859,0
0.383,-0.97987,0
0.384,-0.97988,0
0.385,-0.979891,0
0.386,-0.979901,0
0.387,-0.979912,0
0.388,-0.979922,0
0.389,-0.979933,0
0.39,-0.979943,0
0.391,-0.979954,0
0.392,-0.979965,0
0.393,-0.979975,0
0.394,-0.979986,0
0.395,-0.979997,0
0.396,-0.980007,0
0.397,-0.980018,0
0.398,-0.980029,0
0.399,-0.98004,0
0.4,-0.98005,0
0.401,-0.980061,0
0.402,-0.980072,0
0.403,-0.980083,0
0.404,-0.980094,0
0.405,-0.980105,0
0.406,-0.980116,0
0.407,-0.980127,0
0.408,-0.980138,0
0.409,-0.980149,0
0.41,-0.98016,0
0.411,-0.980171,0
0.412,-0.980182,0
0.413,-0.980193,0
0.414,-0.980204,0
0.415,-0.980215,0
0.416,-0.980227,0
0.417,-0.980238,0
0.418,-0.980249,0
0.419,-0.98026,0
0.42,-0.980272,0
0.421,-0.980283,0
0.422,-0.980294,0
0.423,-0.980306,0
0.424,-0.980317,0
0.425,-0.980328,0
0.426,-0.98034,0
0.427,-0.980351,0
0.428,-0.980363,0
0.429,-0.980374,0
0.43,-0.980386,0
0.431,-0.980397,0
0.432,-0.980409,0
0.433,-0.980421,0
0.434,-0.980432,0
0.435,-0.980444,0
0.436,-0.980456,0
0.437,-0.980467,0
0.438,-0.980479,0
0.439,-0.980491,0
0.44,-0.980503,0
0.441,-0.980514,0
0.442,-0.980526,0
0.443,-0.980538,0
0.444,-0.98055,0
0.445,-0.980562,0
0.446,-0.980574,0
0.447,-0.980586,0
0.448,-0.980597,0
0.449,-0.980609,0
0.45,-0.980621,0
0.451,-0.980633,0
0.452,-0.980646,0
0.453,-0.980658,0
0.454,-0.98067,0
0.455,-0.980682,0
0.456,-0.980694,0
0.457,-0.980706,0
0.458,-0.980718,0
0.459,-0.98073,0
0.46,-0.980743,0
0.461,-0.980755,0
0.462,-0.980767,0
0.463,-0.98078,0
0.464,-0.980792,0
0.465,-0.980804,0
0.466,-0.980817,0
0.467,-0.980829,0
0.468,-0.980841,0
0.469,-0.980854,0
0.47,-0.980866,0
0.471,-0.980879,0
0.472,-0.980891,0
0.473,-0.980904,0
0.474,-0.980916,0
0.475,-0.980929,0
0.476,-0.980942,0
0.477,-0.980954,0
0.478,-0.980967,0
0.479,-0.980979,0
0.48,-0.980992,0
0.481,-0.981005,0
0.482,-0.981018,0
0.483,-0.98103,0
0.484,-0.981043,0
0.485,-0.981056,0
0.486,-0.981069,0
0.487,-0.981082,0
0.488,-0.981094,0
0.489,-0.981107,0
0.49,-0.98112,0
0.491,-0.981133,0
0.492,-0.981146,0
0.493,-0.981159,0
0.494,-0.981172,0
0.495,-0.981185,0
0.496,-0.981198,0
0.497,-0.981211,0
0.498,-0.981224,0
0.499,-0.981237,0
0.5,-0.981251,0
0.501,-0.981264,0
0.502,-0.981277,0
0.503,-0.98129,0
0.504,-0.981303,0
0.505,-0.981317,0
0.506,-0.98133,0
0.507,-0.981343,0
0.508,-0.981356,0
0.509,-0.98137,0
0.51,-0.981383,0
0.511,-0.981396,0
0.512,-0.98141,0
0.513,-0.981423,0
0.514,-0.981437,0
0.515,-0.98145,0
0.516,-0.981464,0
0.517,-0.981477,0
0.518,-0.981491,0
0.519,-0.981504,0
0.52,-0.981518,0
0.521,-0.981531,0
0.522,-0.981545,0
0.523,-0.981559,0
0.524,-0.981572,0
0.525,-0.981586,0
0.526,-0.9816,0
0.527,-0.981613,0
0.528,-0.981627,0
0.529,-0.981641,0
0.53,-0.981654,0
0.531,-0.981668,0
0.532,-0.981682,0
0.533,-0.981696,0
0.534,-0.98171,0
0.535,-0.981724,0
0.536,-0.981738,0
0.537,-0.981752,0
0.538,-0.981765,0
0.539,-0.981779,0
0.54,-0.981793,0
0.541,-0.981807,0
0.542,-0.981821,0
0.543,-0.981835,0
0.544,-0.98185,0
0.545,-0.981864,0
0.546,-0.981878,0
0.547,-0.981892,0
0.548,-0.981906,0
0.549,-0.98192,0
0.55,-0.981934,0
0.551,-0.981949,0
0.552,-0.981963,0
0.553,-0.981977,0
0.554,-0.981991,0
0.555,-0.982006,0
0.556,-0.98202,0
0.557,-0.982034,0
0.558,-0.982049,0
0.559,-0.982063,0
0.56,-0.982077,0
0.561,-0.982092,0
0.562,-0.982106,0
0.563,-0.982121,0
0.564,-0.982135,0
0.565,-0.98215,0
0.566,-0.982164,0
0.567,-0.982179,0
0.568,-0.982193,0
0.569,-0.982208,0
0.57,-0.982223,0
0.571,-0.982237,0
0.572,-0.982252,0
0.573,-0.982266,0
0.574,-0.982281,0
0.575,-0.982296,0
0.576,-0.982311,0
0.577,-0.982325,0
0.578,-0.98234,0
0.579,-0.982355,0
0.58,-0.98237,0
0.581,-0.982384,0
0.582,-0.982399,0
0.583,-0.982414,0
0.584,-0.982429,0
0.585,-0.982444,0
0.586,-0.982459,0
0.587,-0.982474,0
0.588,-0.982489,0
0.589,-0.982504,0
0.59,-0.982519,0
0.591,-0.982534,0
0.592,-0.982549,0
0.593,-0.982564,0
0.594,-0.982579,0
0.595,-0.982594,0
0.596,-0.982609,0
0.597,-0.982624,0
0.598,-0.982639,0
0.599,-0.982654,0
0.6,-0.98267,0
0.601,-0.982685,0
0.602,-0.9827,0
0.603,-0.982715,0
0.604,-0.982731,0
0.605,-0.982746,0
0.606,-0.982761,0
0.607,-0.982776,0
0.608,-0.982792,0
0.609,-0.982807,0
0.61,-0.982823,0
0.611,-0.982838,0
0.612,-0.982853,0
0.613,-0.982869,0
0.614,-0.982884,0
0.615,-0.9829,0
0.616,-0.982915,0
0.617,-0.982931,0
0.618,-0.982946,0
0.619,-0.982962,0
0.62,-0.982977,0
0.621,-0.982993,0
0.622,-0.983008,0
0.623,-0.983024,0
0.624,-0.98304,0
0.625,-0.983055,0
0.626,-0.983071,0
0.627,-0.983087,0
0.628,-0.983102,0
0.629,-0.983118,0
0.63,-0.983134,0
0.631,-0.98315,0
0.632,-0.983165,0
0.633,-0.983181,0
0.634,-0.983197,0
0.635,-0.983213,0
0.636,-0.983229,0
0.637,-0.983244,0
0.638,-0.98326,0
0.639,-0.983276,0
0.64,-0.983292,0
0.641,-0.983308,0
0.642,-0.983324,0
0.643,-0.98334,0
0.644,-0.983356,0
0.645,-0.983372,0
0.646,-0.983388,0
0.647,-0.983404,0
0.648,-0.98342,0
0.649,-0.983436,0
0.65,-0.983452,0
0.651,-0.983468,0
0.652,-0.983485,0
0.653,-0.983501,0
0.654,-0.983517,0
0.655,-0.983533,0
0.656,-0.983549,0
0.657,-0.983565,0
0.658,-0.983582,0
0.659,-0.983598,0
0.66,-0.983614,0
0.661,-0.98363,0
0.662,-0.983647,0
0.663,-0.983663,0
0.664,-0.983679,0
0.665,-0.983696,0
0.666,-0.983712,0
0.667,-0.983729,0
0.668,-0.983745,0
0.669,-0.983761,0
0.67,-0.983778,0
0.671,-0.983794,0
0.672,-0.983811,0
0.673,-0.983827,0
0.674,-0.983844,0
0.675,-0.98386,0
0.676,-0.983877,0
0.677,-0.983893,0
0.678,-0.98391,0
0.679,-0.983926,0
0.68,-0.983943,0
0.681,-0.98396,0
0.682,-0.983976,0
0.683,-0.983993,0
0.684,-0.98401,0
0.685,-0.984026,0
0.686,-0.984043,0
0.687,-0.98406,0
0.688,-0.984076,0
0.689,-0.984093,0
0.69,-0.98411,0
0.691,-0.984127,0
0.692,-0.984143,0
0.693,-0.98416,0
0.694,-0.984177,0
0.695,-0.984194,0
0.696,-0.984211,0
0.697,-0.984228,0
0.698,-0.984244,0
0.699,-0.984261,0
0.7,-0.984278,0
0.701,-0.984295,0
0.702,-0.984312,0
0.703,-0.984329,0
0.704,-0.984346,0
0.705,-0.984363,0
0.706,-0.98438,0
0.707,-0.984397,0
0.708,-0.984414,0
0.709,-0.984431,0
0.71,-0.984448,0
0.711,-0.984465,0
0.712,-0.984482,0
0.713,-0.9845,0
0.714,-0.984517,0
0.715,-0.984534,0
0.716,-0.984551,0
0.717,-0.984568,0
0.718,-0.984585,0
0.719,-0.984603,0
0.72,-0.98462,0
0.721,-0.984637,0
0.722,-0.984654,0
0.723,-0.984671,0
0.724,-0.984689,0
0.725,-0.984706,0
0.726,-0.984723,0
0.727,-0.984741,0
0.728,-0.984758,0
0.729,-0.984775,0
0.73,-0.984793,0
0.731,-0.98481,0
0.732,-0.984827,0
0.733,-0.984845,0
0.734,-0.984862,0
0.735,-0.98488,0
0.736,-0.984897,0
0.737,-0.984915,0
0.738,-0.984932,0
0.739,-0.98495,0
0.74,-0.984967,0
0.741,-0.984985,0
0.742,-0.985002,0
0.743,-0.98502,0
0.744,-0.985037,0
0.745,-0.985055,0
0.746,-0.985072,0
0.747,-0.98509,0
0.748,-0.985108,0
0.749,-0.985125,0
0.75,-0.985143,0
0.751,-0.985161,0
0.752,-0.985178,0
0.753,-0.985196,0
0.754,-0.985214,0
0.755,-0.985231,0
0.756,-0.985249,0
0.757,-0.985267,0
0.758,-0.985284,0
0.759,-0.985302,0
0.76,-0.98532,0
0.761,-0.985338,0
0.762,-0.985356,0
0.763,-0.985373,0
0.764,-0.985391,0
0.765,-0.985409,0
0.766,-0.985427,0
0.767,-0.985445,0
0.768,-0.985463,0
0.769,-0.985481,0
0.77,-0.985498,0
0.771,-0.985516,0
0.772,-0.985534,0
0.773,-0.985552,0
0.774,-0.98557,0
0.775,-0.985588,0
0.776,-0.985606,0
0.777,-0.985624,0
0.778,-0.985642,0
0.779,-0.98566,0
0.78,-0.985678,0
0.781,-0.985696,0
0.782,-0.985714,0
0.783,-0.985732,0
0.784,-0.98575,0
0.785,-0.985768,0
0.786,-0.985787,0
0.787,-0.985805,0
0.788,-0.985823,0
0.789,-0.985841,0
0.79,-0.985859,0
0.791,-0.985877,0
0.792,-0.985895,0
0.793,-0.985914,0
0.794,-0.985932,0
0.795,-0.98595,0
0.796,-0.985968,0
0.797,-0.985986,0
0.798,-0.986005,0
0.799,-0.986023,0
0.8,-0.986041,0
0.801,-0.986059,0
0.802,-0.986078,0
0.803,-0.986096,0
0.804,-0.986114,0
0.805,-0.986133,0
0.806,-0.986151,0
0.807,-0.986169,0
0.808,-0.986188,0
0.809,-0.986206,0
0.81,-0.986224,0
0.811,-0.986243,0
0.812,-0.986261,0
0.813,-0.98628,0
0.814,-0.986298,0
0.815,-0.986316,0
0.816,-0.986335,0
0.817,-0.986353,0
0.818,-0.986372,0
0.819,-0.98639,0
0.82,-0.986409,0
0.821,-0.986427,0
0.822,-0.986446,0
0.823,-0.986464,0
0.824,-0.986483,0
0.825,-0.986501,0
0.826,-0.98652,0
0.827,-0.986538,0
0.828,-0.986557,0
0.829,-0.986576,0
0.83,-0.986594,0
0.831,-0.986613,0
0.832,-0.986631,0
0.833,-0.98665,0
0.834,-0.986669,0
0.835,-0.986687,0
0.836,-0.986706,0
0.837,-0.986724,0
0.838,-0.986743,0
0.839,-0.986762,0
0.84,-0.986781,0
0.841,-0.986799,0
0.842,-0.986818,0
0.843,-0.986837,0
0.844,-0.986855,0
0.845,-0.986874,0
0.846,-0.986893,0
0.847,-0.986912,0
0.848,-0.98693,0
0.849,-0.986949,0
0.85,-0.986968,0
0.851,-0.986987,0
0.852,-0.987005,0
0.853,-0.987024,0
0.854,-0.987043,0
0.855,-0.987062,0
0.856,-0.987081,0
0.857,-0.9871,0
0.858,-0.987118,0
0.859,-0.987137,0
0.86,-0.987156,0
0.861,-0.987175,0
0.862,-0.987194,0
0.863,-0.987213,0
0.864,-0.987232,0
0.865,-0.987251,0
0.866,-0.987269,0
0.867,-0.987288,0
0.868,-0.987307,0
0.869,-0.987326,0
0.87,-0.987345,0
0.871,-0.987364,0
0.872,-0.987383,0
0.873,-0.987402,0
0.874,-0.987421,0
0.875,-0.98744,0
0.876,-0.987459,0
0.877,-0.987478,0
0.878,-0.987497,0
0.879,-0.987516,0
0.88,-0.987535,0
0.881,-0.987554,0
0.882,-0.987573,0
0.883,-0.987592,0
0.884,-0.987611,0
0.885,-0.98763,0
0.886,-0.987649,0
0.887,-0.987668,0
0.888,-0.987688,0
0.889,-0.987707,0
0.89,-0.987726,0
0.891,-0.987745,0
0.892,-0.987764,0
0.893,-0.987783,0
0.894,-0.987802,0
0.895,-0.987821,0
0.896,-0.987841,0
0.897,-0.98786,0
0.898,-0.987879,0
0.899,-0.987898,0
0.9,-0.987917,0
0.901,-0.987936,0
0.902,-0.987956,0
0.903,-0.987975,0
0.904,-0.987994,0
0.905,-0.988013,0
0.906,-0.988032,0
0.907,-0.988052,0
0.908,-0.988071,0
0.909,-0.98809,0
0.91,-0.988109,0
0.911,-0.988128,0
0.912,-0.988148,0
0.913,-0.988167,0
0.914,-0.988186,0
0.915,-0.988205,0
0.916,-0.988225,0
0.917,-0.988244,0
0.918,-0.988263,0
0.919,-0.988283,0
0.92,-0.988302,0
0.921,-0.988321,0
0.922,-0.98834,0
0.923,-0.98836,0
0.924,-0.988379,0
0.925,-0.988398,0
0.926,-0.988418,0
0.927,-0.988437,0
0.928,-0.988456,0
0.929,-0.988476,0
0.93,-0.988495,0
0.931,-0.988514,0
0.932,-0.988534,0
0.933,-0.988553,0
0.934,-0.988573,0
0.935,-0.988592,0
0.936,-0.988611,0
0.937,-0.988631,0
0.938,-0.98865,0
0.939,-0.988669,0
0.94,-0.988689,0
0.941,-0.988708,0
0.942,-0.988728,0
0.943,-0.988747,0
0.944,-0.988766,0
0.945,-0.988786,0
0.946,-0.988805,0
0.947,-0.988825,0
0.948,-0.988844,0
0.949,-0.988864,0
0.95,-0.988883,0
0.951,-0.988902,0
0.952,-0.988922,0
0.953,-0.988941,0
0.954,-0.988961,0
0.955,-0.98898,0
0.956,-0.989,0
0.957,-0.989019,0
0.958,-0.989039,0
0.959,-0.989058,0
0.96,-0.989078,0
0.961,-0.989097,0
0.962,-0.989117,0
0.963,-0.989136,0
0.964,-0.989155,0
0.965,-0.989175,0
0.966,-0.989194,0
0.967,-0.989214,0
0.968,-0.989233,0
0.969,-0.989253,0
0.97,-0.989272,0
0.971,-0.989292,0
0.972,-0.989312,0
0.973,-0.989331,0
0.974,-0.989351,0
0.975,-0.98937,0
0.976,-0.98939,0
0.977,-0.989409,0
0.978,-0.989429,0
0.979,-0.989448,0
0.98,-0.989468,0
0.981,-0.989487,0
0.982,-0.989507,0
0.983,-0.989526,0
0.984,-0.989546,0
0.985,-0.989565,0
0.986,-0.989585,0
0.987,-0.989605,0
0.988,-0.989624,0
0.989,-0.989644,0
0.99,-0.989663,0
0.991,-0.989683,0
0.992,-0.989702,0
0.993,-0.989722,0
0.994,-0.989741,0
0.995,-0.989761,0
0.996,-0.989781,0
0.997,-0.9898,0
0.998,-0.98982,0
0.999,-0.989839,0
1,-0.989859,0
1.001,-0.989878,0
1.002,-0.989898,0
1.003,-0.989918,0
1.004,-0.989937,0
1.005,-0.989957,0
1.006,-0.989976,0
1.007,-0.989996,0
1.008,-0.990015,0
1.009,-0.990035,0
1.01,-0.990055,0
1.011,-0.990074,0
1.012,-0.990094,0
1.013,-0.990113,0
1.014,-0.990133,0
1.015,-0.990152,0
1.016,-0.990172,0
1.017,-0.990192,0
1.018,-0.990211,0
1.019,-0.990231,0
1.02,-0.99025,0
1.021,-0.99027,0
1.022,-0.99029,0
1.023,-0.990309,0
1.024,-0.990329,0
1.025,-0.990348,0
1.026,-0.990368,0
1.027,-0.990387,0
1.028,-0.990407,0
1.029,-0.990427,0
1.03,-0.990446,0
1.031,-0.990466,0
1.032,-0.990485,0
1.033,-0.990505,0
1.034,-0.990525,0
1.035,-0.990544,0
1.036,-0.990564,0
1.037,-0.990583,0
1.038,-0.990603,0
1.039,-0.990622,0
1.04,-0.990642,0
1.041,-0.990662,0
1.042,-0.990681,0
1.043,-0.990701,0
1.044,-0.99072,0
1.045,-0.99074,0
1.046,-0.990759,0
1.047,-0.990779,0
1.048,-0.990799,0
1.049,-0.990818,0
1.05,-0.990838,0
1.051,-0.990857,0
1.052,-0.990877,0
1.053,-0.990896,0
1.054,-0.990916,0
1.055,-0.990935,0
1.056,-0.990955,0
1.057,-0.990975,0
1.058,-0.990994,0
1.059,-0.991014,0
1.06,-0.991033,0
1.061,-0.991053,0
1.062,-0.991072,0
1.063,-0.991092,0
1.064,-0.991111,0
1.065,-0.991131,0
1.066,-0.99115,0
1.067,-0.99117,0
1.068,-0.991189,0
1.069,-0.991209,0
1.07,-0.991228,0
1.071,-0.991248,0
1.072,-0.991267,0
1.073,-0.991287,0
1.074,-0.991306,0
1.075,-0.991326,0
1.076,-0.991345,0
1.077,-0.991365,0
1.078,-0.991384,0
1.079,-0.991404,0
1.08,-0.991423,0
1.081,-0.991443,0
1.082,-0.991462,0
1.083,-0.991482,0
1.084,-0.991501,0
1.085,-0.991521,0
1.086,-0.99154,0
1.087,-0.99156,0
1.088,-0.991579,0
1.089,-0.991599,0
1.09,-0.991618,0
1.091,-0.991637,0
1.092,-0.991657,0
1.093,-0.991676,0
1.094,-0.991696,0
1.095,-0.991715,0
1.096,-0.991735,0
1.097,-0.991754,0
1.098,-0.991773,0
1.099,-0.991793,0
1.1,-0.991812,0
1.101,-0.991832,0
1.102,-0.991851,0
1.103,-0.99187,0
1.104,-0.99189,0
1.105,-0.991909,0
1.106,-0.991929,0
1.107,-0.991948,0
1.108,-0.991967,0
1.109,-0.991987,0
1.11,-0.992006,0
1.111,-0.992025,0
1.112,-0.992045,0
1.113,-0.992064,0
1.114,-0.992083,0
1.115,-0.992103,0
1.116,-0.992122,0
1.117,-0.992141,0
1.118,-0.992161,0
1.119,-0.99218,0
1.12,-0.992199,0
1.121,-0.992218,0
1.122,-0.992238,0
1.123,-0.992257,0
1.124,-0.992276,0
1.125,-0.992296,0
1.126,-0.992315,0
1.127,-0.992334,0
1.128,-0.992353,0
1.129,-0.992373,0
1.13,-0.992392,0
1.131,-0.992411,0
1.132,-0.99243,0
1.133,-0.992449,0
1.134,-0.992469,0
1.135,-0.992488,0
1.136,-0.992507,0
1.137,-0.992526,0
1.138,-0.992545,0
1.139,-0.992564,0
1.14,-0.992584,0
1.141,-0.992603,0
1.142,-0.992622,0
1.143,-0.992641,0
1.144,-0.99266,0
1.145,-0.992679,0
1.146,-0.992698,0
1.147,-0.992718,0
1.148,-0.992737,0
1.149,-0.992756,0
1.15,-0.992775,0
1.151,-0.992794,0
1.152,-0.992813,0
1.153,-0.992832,0
1.154,-0.992851,0
1.155,-0.99287,0
1.156,-0.992889,0
1.157,-0.992908,0
1.158,-0.992927,0
1.159,-0.992946,0
1.16,-0.992965,0
1.161,-0.992984,0
1.162,-0.993003,0
1.163,-0.993022,0
1.164,-0.993041,0
1.165,-0.99306,0
1.166,-0.993079,0
1.167,-0.993098,0
1.168,-0.993117,0
1.169,-0.993136,0
1.17,-0.993155,0
1.171,-0.993174,0
1.172,-0.993192,0
1.173,-0.993211,0
1.174,-0.99323,0
1.175,-0.993249,0
1.176,-0.993268,0
1.177,-0.993287,0
1.178,-0.993306,0
1.179,-0.993324,0
1.18,-0.993343,0
1.181,-0.993362,0
1.182,-0.993381,0
1.183,-0.9934,0
1.184,-0.993418,0
1.185,-0.993437,0
1.186,-0.993456,0
1.187,-0.993475,0
1.188,-0.993493,0
1.189,-0.993512,0
1.19,-0.993531,0
1.191,-0.993549,0
1.192,-0.993568,0
1.193,-0.993587,0
1.194,-0.993605,0
1.195,-0.993624,0
1.196,-0.993643,0
1.197,-0.993661,0
1.198,-0.99368,0
1.199,-0.993699,0
1.2,-0.993717,0
1.201,-0.993736,0
1.202,-0.993754,0
1.203,-0.993773,0
1.204,-0.993791,0
1.205,-0.99381,0
1.206,-0.993829,0
1.207,-0.993847,0
1.208,-0.993866,0
1.209,-0.993884,0
1.21,-0.993902,0
1.211,-0.993921,0
1.212,-0.993939,0
1.213,-0.993958,0
1.214,-0.993976,0
1.215,-0.993995,0
1.216,-0.994013,0
1.217,-0.994031,0
1.218,-0.99405,0
1.219,-0.994068,0
1.22,-0.994087,0
1.221,-0.994105,0
1.222,-0.994123,0
1.223,-0.994142,0
1.224,-0.99416,0
1.225,-0.994178,0
1.226,-0.994196,0
1.227,-0.994215,0
1.228,-0.994233,0
1.229,-0.994251,0
1.23,-0.994269,0
1.231,-0.994288,0
1.232,-0.994306,0
1.233,-0.994324,0
1.234,-0.994342,0
1.235,-0.99436,0
1.236,-0.994378,0
1.237,-0.994397,0
1.238,-0.994415,0
1.239,-0.994433,0
1.24,-0.994451,0
1.241,-0.994469,0
1.242,-0.994487,0
1.243,-0.994505,0
1.244,-0.994523,0
1.245,-0.994541,0
1.246,-0.994559,0
1.247,-0.994577,0
1.248,-0.994595,0
1.249,-0.994613,0
1.25,-0.994631,0
1.251,-0.994649,0
1.252,-0.994667,0
1.253,-0.994684,0
1.254,-0.994702,0
1.255,-0.99472,0
1.256,-0.994738,0
1.257,-0.994756,0
1.258,-0.994774,0
1.259,-0.994791,0
1.26,-0.994809,0
1.261,-0.994827,0
1.262,-0.994845,0
1.263,-0.994862,0
1.264,-0.99488,0
1.265,-0.994898,0
1.266,-0.994916,0
1.267,-0.994933,0
1.268,-0.994951,0
1.269,-0.994969,0
1.27,-0.994986,0
1.271,-0.995004,0
1.272,-0.995021,0
1.273,-0.995039,0
1.274,-0.995056,0
1.275,-0.995074,0
1.276,-0.995092,0
1.277,-0.995109,0
1.278,-0.995126,0
1.279,-0.995144,0
1.28,-0.995161,0
1.281,-0.995179,0
1.282,-0.995196,0
1.283,-0.995214,0
1.284,-0.995231,0
1.285,-0.995248,0
1.286,-0.995266,0
1.287,-0.995283,0
1.288,-0.9953,0
1.289,-0.995318,0
1.29,-0.995335,0
1.291,-0.995352,0
1.292,-0.995369,0
1.293,-0.995387,0
1.294,-0.995404,0
1.295,-0.995421,0
1.296,-0.995438,0
1.297,-0.995455,0
1.298,-0.995472,0
1.299,-0.99549,0
1.3,-0.995507,0
1.301,-0.995524,0
1.302,-0.995541,0
1.303,-0.995558,0
1.304,-0.995575,0
1.305,-0.995592,0
1.306,-0.995609,0
1.307,-0.995626,0
1.308,-0.995643,0
1.309,-0.99566,0
1.31,-0.995676,0
1.311,-0.995693,0
1.312,-0.99571,0
1.313,-0.995727,0
1.314,-0.995744,0
1.315,-0.995761,0
1.316,-0.995777,0
1.317,-0.995794,0
1.318,-0.995811,0
1.319,-0.995828,0
1.32,-0.995844,0
1.321,-0.995861,0
1.322,-0.995878,0
1.323,-0.995894,0
1.324,-0.995911,0
1.325,-0.995927,0
1.326,-0.995944,0
1.327,-0.995961,0
1.328,-0.995977,0
1.329,-0.995994,0
1.33,-0.99601,0
1.331,-0.996027,0
1.332,-0.996043,0
1.333,-0.996059,0
1.334,-0.996076,0
1.335,-0.996092,0
1.336,-0.996109,0
1.337,-0.996125,0
1.338,-0.996141,0
1.339,-0.996157,0
1.34,-0.996174,0
1.341,-0.99619,0
1.342,-0.996206,0
1.343,-0.996222,0
1.344,-0.996239,0
1.345,-0.996255,0
1.346,-0.996271,0
1.347,-0.996287,0
1.348,-0.996303,0
1.349,-0.996319,0
1.35,-0.996335,0
1.351,-0.996351,0
1.352,-0.996367,0
1.353,-0.996383,0
1.354,-0.996399,0
1.355,-0.996415,0
1.356,-0.996431,0
1.357,-0.996447,0
1.358,-0.996463,0
1.359,-0.996479,0
1.36,-0.996494,0
1.361,-0.99651,0
1.362,-0.996526,0
1.363,-0.996542,0
1.364,-0.996557,0
1.365,-0.996573,0
1.366,-0.996589,0
1.367,-0.996604,0
1.368,-0.99662,0
1.369,-0.996636,0
1.37,-0.996651,0
1.371,-0.996667,0
1.372,-0.996682,0
1.373,-0.996698,0
1.374,-0.996713,0
1.375,-0.996729,0
1.376,-0.996744,0
1.377,-0.99676,0
1.378,-0.996775,0
1.379,-0.99679,0
1.38,-0.996806,0
1.381,-0.996821,0
1.382,-0.996836,0
1.383,-0.996851,0
1.384,-0.996867,0
1.385,-0.996882,0
1.386,-0.996897,0
1.387,-0.996912,0
1.388,-0.996927,0
1.389,-0.996942,0
1.39,-0.996957,0
1.391,-0.996973,0
1.392,-0.996988,0
1.393,-0.997003,0
1.394,-0.997018,0
1.395,-0.997032,0
1.396,-0.997047,0
1.397,-0.997062,0
1.398,-0.997077,0
1.399,-0.997092,0
1.4,-0.997107,0
1.401,-0.997122,0
1.402,-0.997136,0
1.403,-0.997151,0
1.404,-0.997166,0
1.405,-0.99718,0
1.406,-0.997195,0
1.407,-0.99721,0
1.408,-0.997224,0
1.409,-0.997239,0
1.41,-0.997253,0
1.411,-0.997268,0
1.412,-0.997282,0
1.413,-0.997297,0
1.414,-0.997311,0
1.415,-0.997326,0
1.416,-0.99734,0
1.417,-0.997354,0
1.418,-0.997369,0
1.419,-0.997383,0
1.42,-0.997397,0
1.421,-0.997411,0
1.422,-0.997426,0
1.423,-0.99744,0
1.424,-0.997454,0
1.425,-0.997468,0
1.426,-0.997482,0
1.427,-0.997496,0
1.428,-0.99751,0
1.429,-0.997524,0
1.43,-0.997538,0
1.431,-0.997552,0
1.432,-0.997566,0
1.433,-0.99758,0
1.434,-0.997594,0
1.435,-0.997607,0
1.436,-0.997621,0
1.437,-0.997635,0
1.438,-0.997649,0
1.439,-0.997662,0
1.44,-0.997676,0
1.441,-0.99769,0
1.442,-0.997703,0
1.443,-0.997717,0
1.444,-0.99773,0
1.445,-0.997744,0
1.446,-0.997757,0
1.447,-0.997771,0
1.448,-0.997784,0
1.449,-0.997798,0
1.45,-0.997811,0
1.451,-0.997824,0
1.452,-0.997838,0
1.453,-0.997851,0
1.454,-0.997864,0
1.455,-0.997877,0
1.456,-0.997891,0
1.457,-0.997904,0
1.458,-0.997917,0
1.459,-0.99793,0
1.46,-0.997943,0
1.461,-0.997956,0
1.462,-0.997969,0
1.463,-0.997982,0
1.464,-0.997995,0
1.465,-0.998008,0
1.466,-0.99802,0
1.467,-0.998033,0
1.468,-0.998046,0
1.469,-0.998059,0
1.47,-0.998072,0
1.471,-0.998084,0
1.472,-0.998097,0
1.473,-0.998109,0
1.474,-0.998122,0
1.475,-0.998135,0
1.476,-0.998147,0
1.477,-0.99816,0
1.478,-0.998172,0
1.479,-0.998184,0
1.48,-0.998197,0
1.481,-0.998209,0
1.482,-0.998222,0
1.483,-0.998234,0
1.484,-0.998246,0
1.485,-0.998258,0
1.486,-0.99827,0
1.487,-0.998283,0
1.488,-0.998295,0
1.489,-0.998307,0
1.49,-0.998319,0
1.491,-0.998331,0
1.492,-0.998343,0
1.493,-0.998355,0
1.494,-0.998367,0
1.495,-0.998379,0
1.496,-0.99839,0
1.497,-0.998402,0
1.498,-0.998414,0
1.499,-0.998426,0
1.5,-0.998437,0
1.501,-0.998449,0
1.502,-0.998461,0
1.503,-0.998472,0
1.504,-0.998484,0
1.505,-0.998495,0
1.506,-0.998507,0
1.507,-0.998518,0
1.508,-0.99853,0
1.509,-0.998541,0
1.51,-0.998552,0
1.511,-0.998564,0
1.512,-0.998575,0
1.513,-0.998586,0
1.514,-0.998597,0
1.515,-0.998608,0
1.516,-0.99862,0
1.517,-0.998631,0
1.518,-0.998642,0
1.519,-0.998653,0
1.52,-0.998664,0
1.521,-0.998675,0
1.522,-0.998685,0
1.523,-0.998696,0
1.524,-0.998707,0
1.525,-0.998718,0
1.526,-0.998729,0
1.527,-0.998739,0
1.528,-0.99875,0
1.529,-0.998761,0
1.53,-0.998771,0
1.531,-0.998782,0
1.532,-0.998792,0
1.533,-0.998803,0
1.534,-0.998813,0
1.535,-0.998823,0
1.536,-0.998834,0
1.537,-0.998844,0
1.538,-0.998854,0
1.539,-0.998865,0
1.54,-0.998875,0
1.541,-0.998885,0
1.542,-0.998895,0
1.543,-0.998905,0
1.544,-0.998915,0
1.545,-0.998925,0
1.546,-0.998935,0
1.547,-0.998945,0
1.548,-0.998955,0
1.549,-0.998965,0
1.55,-0.998975,0
1.551,-0.998984,0
1.552,-0.998994,0
1.553,-0.999004,0
1.554,-0.999013,0
1.555,-0.999023,0
1.556,-0.999033,0
1.557,-0.999042,0
1.558,-0.999052,0
1.559,-0.999061,0
1.56,-0.99907,0
1.561,-0.99908,0
1.562,-0.999089,0
1.563,-0.999098,0
1.564,-0.999108,0
1.565,-0.999117,0
1.566,-0.999126,0
1.567,-0.999135,0
1.568,-0.999144,0
1.569,-0.999153,0
1.57,-0.999162,0
1.571,-0.999171,0
1.572,-0.99918,0
1.573,-0.999189,0
1.574,-0.999198,0
1.575,-0.999206,0
1.576,-0.999215,0
1.577,-0.999224,0
1.578,-0.999232,0
1.579,-0.999241,0
1.58,-0.99925,0
1.581,-0.999258,0
1.582,-0.999267,0
1.583,-0.999275,0
1.584,-0.999283,0
1.585,-0.999292,0
1.586,-0.9993,0
1.587,-0.999308,0
1.588,-0.999316,0
1.589,-0.999325,0
1.59,-0.999333,0
1.591,-0.999341,0
1.592,-0.999349,0
1.593,-0.999357,0
1.594,-0.999365,0
1.595,-0.999373,0
1.596,-0.999381,0
1.597,-0.999388,0
1.598,-0.999396,0
1.599,-0.999404,0
1.6,-0.999412,0
1.601,-0.999419,0
1.602,-0.999427,0
1.603,-0.999434,0
1.604,-0.999442,0
1.605,-0.999449,0
1.606,-0.999457,0
1.607,-0.999464,0
1.608,-0.999471,0
1.609,-0.999479,0
1.61,-0.999486,0
1.611,-0.999493,0
1.612,-0.9995,0
1.613,-0.999507,0
1.614,-0.999514,0
1.615,-0.999521,0
1.616,-0.999528,0
1.617,-0.999535,0
1.618,-0.999542,0
1.619,-0.999549,0
1.62,-0.999556,0
1.621,-0.999562,0
1.622,-0.999569,0
1.623,-0.999576,0
1.624,-0.999582,0
1.625,-0.999589,0
1.626,-0.999595,0
1.627,-0.999602,0
1.628,-0.999608,0
1.629,-0.999614,0
1.63,-0.999621,0
1.631,-0.999627,0
1.632,-0.999633,0
1.633,-0.999639,0
1.634,-0.999645,0
1.635,-0.999651,0
1.636,-0.999657,0
1.637,-0.999663,0
1.638,-0.999669,0
1.639,-0.999675,0
1.64,-0.999681,0
1.641,-0.999687,0
1.642,-0.999692,0
1.643,-0.999698,0
1.644,-0.999704,0
1.645,-0.999709,0
1.646,-0.999715,0
1.647,-0.99972,0
1.648,-0.999726,0
1.649,-0.999731,0
1.65,-0.999736,0
1.651,-0.999741,0
1.652,-0.999747,0
1.653,-0.999752,0
1.654,-0.999757,0
1.655,-0.999762,0
1.656,-0.999767,0
1.657,-0.999772,0
1.658,-0.999777,0
1.659,-0.999782,0
1.66,-0.999787,0
1.661,-0.999791,0
1.662,-0.999796,0
1.663,-0.999801,0
1.664,-0.999805,0
1.665,-0.99981,0
1.666,-0.999814,0
1.667,-0.999819,0
1.668,-0.999823,0
1.669,-0.999828,0
1.67,-0.999832,0
1.671,-0.999836,0
1.672,-0.99984,0
1.673,-0.999844,0
1.674,-0.999849,0
1.675,-0.999853,0
1.676,-0.999857,0
1.677,-0.999861,0
1.678,-0.999864,0
1.679,-0.999868,0
1.68,-0.999872,0
1.681,-0.999876,0
1.682,-0.999879,0
1.683,-0.999883,0
1.684,-0.999887,0
1.685,-0.99989,0
1.686,-0.999894,0
1.687,-0.999897,0
1.688,-0.9999,0
1.689,-0.999904,0
1.69,-0.999907,0
1.691,-0.99991,0
1.692,-0.999913,0
1.693,-0.999916,0
1.694,-0.999919,0
1.695,-0.999922,0
1.696,-0.999925,0
1.697,-0.999928,0
1.698,-0.999931,0
1.699,-0.999934,0
1.7,-0.999936,0
1.701,-0.999939,0
1.702,-0.999942,0
1.703,-0.999944,0
1.704,-0.999947,0
1.705,-0.999949,0
1.706,-0.999951,0
1.707,-0.999954,0
1.708,-0.999956,0
1.709,-0.999958,0
1.71,-0.99996,0
1.711,-0.999963,0
1.712,-0.999965,0
1.713,-0.999967,0
1.714,-0.999968,0
1.715,-0.99997,0
1.716,-0.999972,0
1.717,-0.999974,0
1.718,-0.999976,0
1.719,-0.999977,0
1.72,-0.999979,0
1.721,-0.99998,0
1.722,-0.999982,0
1.723,-0.999983,0
1.724,-0.999985,0
1.725,-0.999986,0
1.726,-0.999987,0
1.727,-0.999988,0
1.728,-0.99999,0
1.729,-0.999991,0
1.73,-0.999992,0
1.731,-0.999993,0
1.732,-0.999993,0
1.733,-0.999994,0
1.734,-0.999995,0
1.735,-0.999996,0
1.736,-0.999997,0
1.737,-0.999997,0
1.738,-0.999998,0
1.739,-0.999998,0
1.74,-0.999999,0
1.741,-0.999999,0
1.742,-0.999999,0
1.743,-1,0
1.744,-1,0
1.745,-1,0
1.746,-1,0
1.747,0,0
1.748,0,0
1.749,0,0
1.75,0,0
1.751,0,0
1.752,0,0
1.753,0,0
1.754,0,0
1.755,0,0
1.756,0,0
1.757,0,0
1.758,0,0
1.759,0,0
1.76,0,0
1.761,0,0
1.762,0,0
1.763,0,0
1.764,0,0
1.765,0,0
1.766,0,0
1.767,0,0
1.768,0,0
1.769,0,0
1.77,0,0
1.771,0,0
1.772,0,0
1.773,0,0
1.774,0,0
1.775,0,0
1.776,0,0
1.777,0,0
1.778,0,0
1.779,0,0
1.78,0,0
1.781,0,0
1.782,0,0
1.783,0,0
1.784,0,0
1.785,0,0
1.786,0,0
1.787,0,0
1.788,0,0
1.789,0,0
1.79,0,0
1.791,0,0
1.792,0,0
1.793,0,0
1.794,0,0
1.795,0,0
1.796,0,0
1.797,0,0
1.798,0,0
1.799,0,0
1.8,0,0
1.801,0,0
1.802,0,0
1.803,0,0
1.804,0,0
1.805,0,0
1.806,0,0
1.807,0,0
1.808,0,0
1.809,0,0
1.81,0,0
1.811,0,0
1.812,0,0
1.813,0,0
1.814,0,0
1.815,0,0
1.816,0,0
1.817,0,0
1.818,0,0
1.819,0,0
1.82,0,0
1.821,0,0
1.822,0,0
1.823,0,0
1.824,0,0
1.825,0,0
1.826,0,0
1.827,0,0
1.828,0,0
1.829,0,0
1.83,0,0
1.831,0,0
1.832,0,0
1.833,0,0
1.834,0,0
1.835,0,0
1.836,0,0
1.837,0,0
1.838,0,0
1.839,0,0
1.84,0,0
1.841,0,0
1.842,0,0
1.843,0,0
1.844,0,0
1.845,0,0
1.846,0,0
1.847,0,0
1.848,0,0
1.849,0,0
1.85,0,0
1.851,0,0
1.852,0,0
1.853,0,0
1.854,0,0
1.855,0,0
1.856,0,0
1.857,0,0
1.858,0,0
1.859,0,0
1.86,0,0
1.861,0,0
1.862,0,0
1.863,0,0
1.864,0,0
1.865,0,0
1.866,0,0
1.867,0,0
1.868,0,0
1.869,0,0
1.87,0,0
1.871,0,0
1.872,0,0
1.873,0,0
1.874,0,0
1.875,0,0
1.876,0,0
1.877,0,0
1.878,0,0
1.879,0,0
1.88,0,0
1.881,0,0
1.882,0,0
1.883,0,0
1.884,0,0
1.885,0,0
1.886,0,0
1.887,0,0
1.888,0,0
1.889,0,0
1.89,0,0
1.891,0,0
1.892,0,0
1.893,0,0
1.894,0,0
1.895,0,0
1.896,0,0
1.897,0,0
1.898,0,0
1.899,0,0
1.9,0,0
1.901,0,0
1.902,0,0
1.903,0,0
1.904,0,0
1.905,0,0
1.906,0,0
1.907,0,0
1.908,0,0
1.909,0,0
1.91,0,0
1.911,0,0
1.912,0,0
1.913,0,0
1.914,0,0
1.915,0,0
1.916,0,0
1.917,0,0
1.918,0,0
1.919,0,0
1.92,0,0
1.921,0,0
1.922,0,0
1.923,0,0
1.924,0,0
1.925,0,0
1.926,0,0
1.927,0,0
1.928,0,0
1.929,0,0
1.93,0,0
1.931,0,0
1.932,0,0
1.933,0,0
1.934,0,0
1.935,0,0
1.936,0,0
1.937,0,0
1.938,0,0
1.939,0,0
1.94,0,0
1.941,0,0
1.942,0,0
1.943,0,0
1.944,0,0
1.945,0,0
1.946,0,0
1.947,0,0
1.948,0,0
1.949,0,0
1.95,0,0
1.951,0,0
1.952,0,0
1.953,0,0
1.954,0,0
1.955,0,0
1.956,0,0
1.957,0,0
1.958,0,0
1.959,0,0
1.96,0,0
1.961,0,0
1.962,0,0
1.963,0,0
1.964,0,0
1.965,0,0
1.966,0,0
1.967,0,0
1.968,0,0
1.969,0,0
1.97,0,0
1.971,0,0
1.972,0,0
1.973,0,0
1.974,0,0
1.975,0,0
1.976,0,0
1.977,0,0
1.978,0,0
1.979,0,0
1.98,0,0
1.981,0,0
1.982,0,0
1.983,0,0
1.984,0,0
1.985,0,0
1.986,0,0
1.987,0,0
1.988,0,0
1.989,0,0
1.99,0,0
1.991,0,0
1.992,0,0
1.993,0,0
1.994,0,0
1.995,0,0
1.996,0,0
1.997,0,0
1.998,0,0
1.999,0,0
2,0,0
2.001,0,0
2.002,0,0
2.003,0,0
2.004,0,0
2.005,0,0
2.006,0,0
2.007,0,0
2.008,0,0
2.009,0,0
2.01,0,0
2.011,0,0
2.012,0,0
2.013,0,0
2.014,0,0
2.015,0,0
2.016,0,0
2.017,0,0
2.018,0,0
2.019,0,0
2.02,0,0
2.021,0,0
2.022,0,0
2.023,0,0
2.024,0,0
2.025,0,0
2.026,0,0
2.027,0,0
2.028,0,0
2.029,0,0
2.03,0,0
2.031,0,0
2.032,0,0
2.033,0,0
2.034,0,0
2.035,0,0
2.036,0,0
2.037,0,0
2.038,0,0
2.039,0,0
2.04,0,0
2.041,0,0
2.042,0,0
2.043,0,0
2.044,0,0
2.045,0,0
2.046,0,0
2.047,0,0
2.048,0,0
2.049,0,0
2.05,0,0
2.051,0,0
2.052,0,0
2.053,0,0
2.054,0,0
2.055,0,0
2.056,0,0
2.057,0,0
2.058,0,0
2.059,0,0
2.06,0,0
2.061,0,0
2.062,0,0
2.063,0,0
2.064,0,0
2.065,0,0
2.066,0,0
2.067,0,0
2.068,0,0
2.069,0,0
2.07,0,0
2.071,0,0
2.072,0,0
2.073,0,0
2.074,0,0
2.075,0,0
2.076,0,0
2.077,0,0
2.078,0,0
2.079,0,0
2.08,0,0
2.081,0,0
2.082,0,0
2.083,0,0
2.084,0,0
2.085,0,0
2.086,0,0
2.087,0,0
2.088,0,0
2.089,0,0
2.09,0,0
2.091,0,0
2.092,0,0
2.093,0,0
2.094,0,0
2.095,0,0
2.096,0,0
2.097,0,0
2.098,0,0
2.099,0,0
2.1,0,0
2.101,0,0
2.102,0,0
2.103,0,0
2.104,0,0
2.105,0,0
2.106,0,0
2.107,0,0
2.108,0,0
2.109,0,0
2.11,0,0
2.111,0,0
2.112,0,0
2.113,0,0
2.114,0,0
2.115,0,0
2.116,0,0
2.117,0,0
2.118,0,0
2.119,0,0
2.12,0,0
2.121,0,0
2.122,0,0
2.123,0,0
2.124,0,0
2.125,0,0
2.126,0,0
2.127,0,0
2.128,0,0
2.129,0,0
2.13,0,0
2.131,0,0
2.132,0,0
2.133,0,0
2.134,0,0
2.135,0,0
2.136,0,0
2.137,0,0
2.138,0,0
2.139,0,0
2.14,0,0
2.141,0,0
2.142,0,0
2.143,0,0
2.144,0,0
2.145,0,0
2.146,0,0
2.147,0,0
2.148,0,0
2.149,0,0
2.15,0,0
2.151,0,0
2.152,0,0
2.153,0,0
2.154,0,0
2.155,0,0
2.156,0,0
2.157,0,0
2.158,0,0
2.159,0,0
2.16,0,0
2.161,0,0
2.162,0,0
2.163,0,0
2.164,0,0
2.165,0,0
2.166,0,0
2.167,0,0
2.168,0,0
2.169,0,0
2.17,0,0
2.171,0,0
2.172,0,0
2.173,0,0
2.174,0,0
2.175,0,0
2.176,0,0
2.177,0,0
2.178,0,0
2.179,0,0
2.18,0,0
2.181,0,0
2.182,0,0
2.183,0,0
2.184,0,0
2.185,0,0
2.186,0,0
2.187,0,0
2.188,0,0
2.189,0,0
2.19,0,0
2.191,0,0
2.192,0,0
2.193,0,0
2.194,0,0
2.195,0,0
2.196,0,0
2.197,0,0
2.198,0,0
2.199,0,0
2.2,0,0
2.201,0,0
2.202,0,0
2.203,0,0
2.204,0,0
2.205,0,0
2.206,0,0
2.207,0,0
2.208,0,0
2.209,0,0
2.21,0,0
2.211,0,0
2.212,0,0
2.213,0,0
2.214,0,0
2.215,0,0
2.216,0,0
2.217,0,0
2.218,0,0
2.219,0,0
2.22,0,0
2.221,0,0
2.222,0,0
2.223,0,0
2.224,0,0
2.225,0,0
2.226,0,0
2.227,0,0
2.228,0,0
2.229,0,0
2.23,0,0
2.231,0,0
2.232,0,0
2.233,0,0
2.234,0,0
2.235,0,0
2.236,0,0
2.237,0,0
2.238,0,0
2.239,0,0
2.24,0,0
2.241,0,0
2.242,0,0
2.243,0,0
2.244,0,0
2.245,0,0
2.246,0,0
2.247,0,0
2.248,0,0
2.249,0,0
2.25,0,0
2.251,0,0
2.252,0,0
2.253,0,0
2.254,0,0
2.255,0,0
2.256,0,0
2.257,0,0
2.258,0,0
2.259,0,0
2.26,0,0
2.261,0,0
2.262,0,0
2.263,0,0
2.264,0,0
2.265,0,0
2.266,0,0
2.267,0,0
2.268,0,0
2.269,0,0
2.27,0,0
2.271,0,0
2.272,0,0
2.273,0,0
2.274,0,0
2.275,0,0
2.276,0,0
2.277,0,0
2.278,0,0
2.279,0,0
2.28,0,0
2.281,0,0
2.282,0,0
2.283,0,0
2.284,0,0
2.285,0,0
2.286,0,0
2.287,0,0
2.288,0,0
2.289,0,0
2.29,0,0
2.291,0,0
2.292,0,0
2.293,0,0
2.294,0,0
2.295,0,0
2.296,0,0
2.297,0,0
2.298,0,0
2.299,0,0
2.3,0,0
2.301,0,0
2.302,0,0
2.303,0,0
2.304,0,0
2.305,0,0
2.306,0,0
2.307,0,0
2.308,0,0
2.309,0,0
2.31,0,0
2.311,0,0
2.312,0,0
2.313,0,0
2.314,0,0
2.315,0,0
2.316,0,0
2.317,0,0
2.318,0,0
2.319,0,0
2.32,0,0
2.321,0,0
2.322,0,0
2.323,0,0
2.324,0,0
2.325,0,0
2.326,0,0
2.327,0,0
2.328,0,0
2.329,0,0
2.33,0,0
2.331,0,0
2.332,0,0
2.333,0,0
2.334,0,0
2.335,0,0
2.336,0,0
2.337,0,0
2.338,0,0
2.339,0,0
2.34,0,0
2.341,0,0
2.342,0,0
2.343,0,0
2.344,0,0
2.345,0,0
2.346,0,0
2.347,0,0
2.348,0,0
2.349,0,0
2.35,0,0
2.351,0,0
2.352,0,0
2.353,0,0
2.354,0,0
2.355,0,0
2.356,0,0
2.357,0,0
2.358,0,0
2.359,0,0
2.36,0,0
2.361,0,0
2.362,0,0
2.363,0,0
2.364,0,0
2.365,0,0
2.366,0,0
2.367,0,0
2.368,0,0
2.369,0,0
2.37,0,0
2.371,0,0
2.372,0,0
2.373,0,0
2.374,0,0
2.375,0,0
2.376,0,0
2.377,0,0
2.378,0,0
2.379,0,0
2.38,0,0
2.381,0,0
2.382,0,0
2.383,0,0
2.384,0,0
2.385,0,0
2.386,0,0
2.387,0,0
2.388,0,0
2.389,0,0
2.39,0,0
2.391,0,0
2.392,0,0
2.393,0,0
2.394,0,0
2.395,0,0
2.396,0,0
2.397,0,0
2.398,0,0
2.399,0,0
2.4,0,0
2.401,0,0
2.402,0,0
2.403,0,0
2.404,0,0
2.405,0,0
2.406,0,0
2.407,0,0
2.408,0,0
2.409,0,0
2.41,0,0
2.411,0,0
2.412,0,0
2.413,0,0
2.414,0,0
2.415,0,0
2.416,0,0
2.417,0,0
2.418,0,0
2.419,0,0
2.42,0,0
2.421,0,0
2.422,0,0
2.423,0,0
2.424,0,0
2.425,0,0
2.426,0,0
2.427,0,0
2.428,0,0
2.429,0,0
2.43,0,0
2.431,0,0
2.432,0,0
2.433,0,0
2.434,0,0
2.435,0,0
2.436,0,0
2.437,0,0
2.438,0,0
2.439,0,0
2.44,0,0
2.441,0,0
2.442,0,0
2.443,0,0
2.444,0,0
2.445,0,0
2.446,0,0
2.447,0,0
2.448,0,0
2.449,0,0
2.45,0,0
2.451,0,0
2.452,0,0
2.453,0,0
2.454,0,0
2.455,0,0
2.456,0,0
2.457,0,0
2.458,0,0
2.459,0,0
2.46,0,0
2.461,0,0
2.462,0,0
2.463,0,0
2.464,0,0
2.465,0,0
2.466,0,0
2.467,0,0
2.468,0,0
2.469,0,0
2.47,0,0
2.471,0,0
2.472,0,0
2.473,0,0
2.474,0,0
2.475,0,0
2.476,0,0
2.477,0,0
2.478,0,0
2.479,0,0
2.48,0,0
2.481,0,0
2.482,0,0
2.483,0,0
2.484,0,0
2.485,0,0
2.486,0,0
2.487,0,0
2.488,0,0
2.489,0,0
2.49,0,0
2.491,0,0
2.492,0,0
2.493,0,0
2.494,0,0
2.495,0,0
2.496,0,0
2.497,0,0
2.498,0,0
2.499,0,0
2.5,0,0
2.501,0,0
2.502,0,0
2.503,0,0
2.504,0,0
2.505,0,0
2.506,0,0
2.507,0,0
2.508,0,0
2.509,0,0
2.51,0,0
2.511,0,0
2.512,0,0
2.513,0,0
2.514,0,0
2.515,0,0
2.516,0,0
2.517,0,0
2.518,0,0
2.519,0,0
2.52,0,0
2.521,0,0
2.522,0,0
2.523,0,0
2.524,0,0
2.525,0,0
2.526,0,0
2.527,0,0
2.528,0,0
2.529,0,0
2.53,0,0
2.531,0,0
2.532,0,0
2.533,0,0
2.534,0,0
2.535,0,0
2.536,0,0
2.537,0,0
2.538,0,0
2.539,0,0
2.54,0,0
2.541,0,0
2.542,0,0
2.543,0,0
2.544,0,0
2.545,0,0
2.546,0,0
2.547,0,0
2.548,0,0
2.549,0,0
2.55,0,0
2.551,0,0
2.552,0,0
2.553,0,0
2.554,0,0
2.555,0,0
2.556,0,0
2.557,0,0
2.558,0,0
2.559,0,0
2.56,0,0
2.561,0,0
2.562,0,0
2.563,0,0
2.564,0,0
2.565,0,0
2.566,0,0
2.567,0,0
2.568,0,0
2.569,0,0
2.57,0,0
2.571,0,0
2.572,0,0
2.573,0,0
2.574,0,0
2.575,0,0
2.576,0,0
2.577,0,0
2.578,0,0
2.579,0,0
2.58,0,0
2.581,0,0
2.582,0,0
2.583,0,0
2.584,0,0
2.585,0,0
2.586,0,0
2.587,0,0
2.588,0,0
2.589,0,0
2.59,0,0
2.591,0,0
2.592,0,0
2.593,0,0
2.594,0,0
2.595,0,0
2.596,0,0
2.597,0,0
2.598,0,0
2.599,0,0
2.6,0,0
2.601,0,0
2.602,0,0
2.603,0,0
2.604,0,0
2.605,0,0
2.606,0,0
2.607,0,0
2.608,0,0
2.609,0,0
2.61,0,0
2.611,0,0
2.612,0,0
2.613,0,0
2.614,0,0
2.615,0,0
2.616,0,0
2.617,0,0
2.618,0,0
2.619,0,0
2.62,0,0
2.621,0,0
2.622,0,0
2.623,0,0
2.624,0,0
2.625,0,0
2.626,0,0
2.627,0,0
2.628,0,0
2.629,0,0
2.63,0,0
2.631,0,0
2.632,0,0
2.633,0,0
2.634,0,0
2.635,0,0
2.636,0,0
2.637,0,0
2.638,0,0
2.639,0,0
2.64,0,0
2.641,0,0
2.642,0,0
2.643,0,0
2.644,0,0
2.645,0,0
2.646,0,0
2.647,0,0
2.648,0,0
2.649,0,0
2.65,0,0
2.651,0,0
2.652,0,0
2.653,0,0
2.654,0,0
2.655,0,0
2.656,0,0
2.657,0,0
2.658,0,0
2.659,0,0
2.66,0,0
2.661,0,0
2.662,0,0
2.663,0,0
2.664,0,0
2.665,0,0
2.666,0,0
2.667,0,0
2.668,0,0
2.669,0,0
2.67,0,0
2.671,0,0
2.672,0,0
2.673,0,0
2.674,0,0
2.675,0,0
2.676,0,0
2.677,0,0
2.678,0,0
2.679,0,0
2.68,0,0
2.681,0,0
2.682,0,0
2.683,0,0
2.684,0,0
2.685,0,0
2.686,0,0
2.687,0,0
2.688,0,0
2.689,0,0
2.69,0,0
2.691,0,0
2.692,0,0
2.693,0,0
2.694,0,0
2.695,0,0
2.696,0,0
2.697,0,0
2.698,0,0
2.699,0,0
2.7,0,0
2.701,0,0
2.702,0,0
2.703,0,0
2.704,0,0
2.705,0,0
2.706,0,0
2.707,0,0
2.708,0,0
2.709,0,0
2.71,0,0
2.711,0,0
2.712,0,0
2.713,0,0
2.714,0,0
2.715,0,0
2.716,0,0
2.717,0,0
2.718,0,0
2.719,0,0
2.72,0,0
2.721,0,0
2.722,0,0
2.723,0,0
2.724,0,0
2.725,0,0
2.726,0,0
2.727,0,0
2.728,0,0
2.729,0,0
2.73,0,0
2.731,0,0
2.732,0,0
2.733,0,0
2.734,0,0
2.735,0,0
2.736,0,0
2.737,0,0
2.738,0,0
2.739,0,0
2.74,0,0
2.741,0,0
2.742,0,0
2.743,0,0
2.744,0,0
2.745,0,0
2.746,0,0
2.747,0,0
2.748,0,0
2.749,0,0
2.75,0,0
2.751,0,0
2.752,0,0
2.753,0,0
2.754,0,0
2.755,0,0
2.756,0,0
2.757,0,0
2.758,0,0
2.759,0,0
2.76,0,0
2.761,0,0
2.762,0,0
2.763,0,0
2.764,0,0
2.765,0,0
2.766,0,0
2.767,0,0
2.768,0,0
2.769,0,0
2.77,0,0
2.771,0,0
2.772,0,0
2.773,0,0
2.774,0,0
2.775,0,0
2.776,0,0
2.777,0,0
2.778,0,0
2.779,0,0
2.78,0,0
2.781,0,0
2.782,0,0
2.783,0,0
2.784,0,0
2.785,0,0
2.786,0,0
2.787,0,0
2.788,0,0
2.789,0,0
2.79,0,0
2.791,0,0
2.792,0,0
2.793,0,0
2.794,0,0
2.795,0,0
2.796,0,0
2.797,0,0
2.798,0,0
2.799,0,0
2.8,0,0
2.801,0,0
2.802,0,0
2.803,0,0
2.804,0,0
2.805,0,0
2.806,0,0
2.807,0,0
2.808,0,0
2.809,0,0
2.81,0,0
2.811,0,0
2.812,0,0
2.813,0,0
2.814,0,0
2.815,0,0
2.816,0,0
2.817,0,0
2.818,0,0
2.819,0,0
2.82,0,0
2.821,0,0
2.822,0,0
2.823,0,0
2.824,0,0
2.825,0,0
2.826,0,0
2.827,0,0
2.828,0,0
2.829,0,0
2.83,0,0
2.831,0,0
2.832,0,0
2.833,0,0
2.834,0,0
2.835,0,0
2.836,0,0
2.837,0,0
2.838,0,0
2.839,0,0
2.84,0,0
2.841,0,0
2.842,0,0
2.843,0,0
2.844,0,0
2.845,0,0
2.846,0,0
2.847,0,0
2.848,0,0
2.849,0,0
2.85,0,0
2.851,0,0
2.852,0,0
2.853,0,0
2.854,0,0
2.855,0,0
2.856,0,0
2.857,0,0
2.858,0,0
2.859,0,0
2.86,0,0
2.861,0,0
2.862,0,0
2.863,0,0
2.864,0,0
2.865,0,0
2.866,0,0
2.867,0,0
2.868,0,0
2.869,0,0
2.87,0,0
2.871,0,0
2.872,0,0
2.873,0,0
2.874,0,0
2.875,0,0
2.876,0,0
2.877,0,0
2.878,0,0
2.879,0,0
2.88,0,0
2.881,0,0
2.882,0,0
2.883,0,0
2.884,0,0
2.885,0,0
2.886,0,0
2.887,0,0
2.888,0,0
2.889,0,0
2.89,0,0
2.891,0,0
2.892,0,0
2.893,0,0
2.894,0,0
2.895,0,0
2.896,0,0
2.897,0,0
2.898,0,0
2.899,0,0
2.9,0,0
2.901,0,0
2.902,0,0
2.903,0,0
2.904,0,0
2.905,0,0
2.906,0,0
2.907,0,0
2.908,0,0
2.909,0,0
2.91,0,0
2.911,0,0
2.912,0,0
2.913,0,0
2.914,0,0
2.915,0,0
2.916,0,0
2.917,0,0
2.918,0,0
2.919,0,0
2.92,0,0
2.921,0,0
2.922,0,0
2.923,0,0
2.924,0,0
2.925,0,0
2.926,0,0
2.927,0,0
2.928,0,0
2.929,0,0
2.93,0,0
2.931,0,0
2.932,0,0
2.933,0,0
2.934,0,0
2.935,0,0
2.936,0,0
2.937,0,0
2.938,0,0
2.939,0,0
2.94,0,0
2.941,0,0
2.942,0,0
2.943,0,0
2.944,0,0
2.945,0,0
2.946,0,0
2.947,0,0
2.948,0,0
2.949,0,0
2.95,0,0
2.951,0,0
2.952,0,0
2.953,0,0
2.954,0,0
2.955,0,0
2.956,0,0
2.957,0,0
2.958,0,0
2.959,0,0
2.96,0,0
2.961,0,0
2.962,0,0
2.963,0,0
2.964,0,0
2.965,0,0
2.966,0,0
2.967,0,0
2.968,0,0
2.969,0,0
2.97,0,0
2.971,0,0
2.972,0,0
2.973,0,0
2.974,0,0
2.975,0,0
2.976,0,0
2.977,0,0
2.978,0,0
2.979,0,0
2.98,0,0
2.981,0,0
2.982,0,0
2.983,0,0
2.984,0,0
2.985,0,0
2.986,0,0
2.987,0,0
2.988,0,0
2.989,0,0
2.99,0,0
2.991,0,0
2.992,0,0
2.993,0,0
2.994,0,0
2.995,0,0
2.996,0,0
2.997,0,0
2.998,0,0
2.999,0,0
3,0,0
x,y
0,0
