x,y
0,0
time,x,y
0,0,0
0.001,5.31168e-05,0
0.002,0.00015935,0
0.003,0.000265584,0
0.004,0.000371818,0
0.005,0.000478051,0
0.006,0.000584285,0
0.007,0.000690519,0
0.008,0.000796752,0
0.009,0.000902986,0
0.01,0.00100922,0
0.011,0.00111545,0
0.012,0.00122169,0
0.013,0.00132792,0
0.014,0.00143416,0
0.015,0.00154039,0
0.016,0.00164662,0
0.017,0.00175286,0
0.018,0.00185909,0
0.019,0.00196533,0
0.02,0.00207156,0
0.021,0.0021778,0
0.022,0.00228403,0
0.023,0.00239027,0
0.024,0.0024965,0
0.025,0.00260274,0
0.026,0.00270897,0
0.027,0.00281521,0
0.028,0.00292144,0
0.029,0.00302768,0
0.03,0.00313391,0
0.031,0.00324015,0
0.032,0.00334638,0
0.033,0.00345262,0
0.034,0.00355886,0
0.035,0.00366509,0
0.036,0.00377133,0
0.037,0.00387757,0
0.038,0.0039838,0
0.039,0.00409004,0
0.04,0.00419628,0
0.041,0.00430252,0
0.042,0.00440875,0
0.043,0.00451499,0
0.044,0.00462123,0
0.045,0.00472747,0
0.046,0.00483371,0
0.047,0.00493995,0
0.048,0.00504619,0
0.049,0.00515243,0
0.05,0.00525867,0
0.051,0.00536491,0
0.052,0.00547115,0
0.053,0.00557739,0
0.054,0.00568363,0
0.055,0.00578987,0
0.056,0.00589611,0
0.057,0.00600235,0
0.058,0.00610859,0
0.059,0.00621484,0
0.06,0.00632108,0
0.061,0.00642732,0
0.062,0.00653356,0
0.063,0.00663981,0
0.064,0.00674605,0
0.065,0.0068523,0
0.066,0.00695854,0
0.067,0.00706479,0
0.068,0.00717103,0
0.069,0.00727728,0
0.07,0.00738352,0
0.071,0.00748977,0
0.072,0.00759601,0
0.073,0.00770226,0
0.074,0.00780851,0
0.075,0.00791476,0
0.076,0.008021,0
0.077,0.00812725,0
0.078,0.0082335,0
0.079,0.00833975,0
0.08,0.008446,0
0.081,0.00855225,0
0.082,0.0086585,0
0.083,0.00876475,0
0.084,0.008871,0
0.085,0.00897725,0
0.086,0.00908351,0
0.087,0.00918976,0
0.088,0.00929601,0
0.089,0.00940227,0
0.09,0.00950852,0
0.091,0.00961477,0
0.092,0.00972103,0
0.093,0.00982728,0
0.094,0.00993354,0
0.095,0.0100398,0
0.096,0.0101461,0
0.097,0.0102523,0
0.098,0.0103586,0
0.099,0.0104648,0
0.1,0.0105711,0
0.101,0.0106773,0
0.102,0.0107836,0
0.103,0.0108899,0
0.104,0.0109961,0
0.105,0.0111024,0
0.106,0.0112086,0
0.107,0.0113149,0
0.108,0.0114212,0
0.109,0.0115274,0
0.11,0.0116337,0
0.111,0.01174,0
0.112,0.0118462,0
0.113,0.0119525,0
0.114,0.0120588,0
0.115,0.012165,0
0.116,0.0122713,0
0.117,0.0123776,0
0.118,0.0124838,0
0.119,0.0125901,0
0.12,0.0126964,0
0.121,0.0128026,0
0.122,0.0129089,0
0.123,0.0130152,0
0.124,0.0131215,0
0.125,0.0132277,0
0.126,0.013334,0
0.127,0.0134403,0
0.128,0.0135466,0
0.129,0.0136528,0
0.13,0.0137591,0
0.131,0.0138654,0
0.132,0.0139717,0
0.133,0.0140779,0
0.134,0.0141842,0
0.135,0.0142905,0
0.136,0.0143968,0
0.137,0.0145031,0
0.138,0.0146093,0
0.139,0.0147156,0
0.14,0.0148219,0
0.141,0.0149282,0
0.142,0.0150345,0
0.143,0.0151408,0
0.144,0.015247,0
0.145,0.0153533,0
0.146,0.0154596,0
0.147,0.0155659,0
0.148,0.0156722,0
0.149,0.0157785,0
0.15,0.0158848,0
0.151,0.0159911,0
0.152,0.0160974,0
0.153,0.0162037,0
0.154,0.0163099,0
0.155,0.0164162,0
0.156,0.0165225,0
0.157,0.0166288,0
0.158,0.0167351,0
0.159,0.0168414,0
0.16,0.0169477,0
0.161,0.017054,0
0.162,0.0171603,0
0.163,0.0172666,0
0.164,0.0173729,0
0.165,0.0174792,0
0.166,0.0175855,0
0.167,0.0176918,0
0.168,0.0177981,0
0.169,0.0179044,0
0.17,0.0180108,0
0.171,0.0181171,0
0.172,0.0182234,0
0.173,0.0183297,0
0.174,0.018436,0
0.175,0.0185423,0
0.176,0.0186486,0
0.177,0.0187549,0
0.178,0.0188612,0
0.179,0.0189676,0
0.18,0.0190739,0
0.181,0.0191802,0
0.182,0.0192865,0
0.183,0.0193928,0
0.184,0.0194991,0
0.185,0.0196055,0
0.186,0.0197118,0
0.187,0.0198181,0
0.188,0.0199244,0
0.189,0.0200308,0
0.19,0.0201371,0
0.191,0.0202434,0
0.192,0.0203497,0
0.193,0.0204561,0
0.194,0.0205624,0
0.195,0.0206687,0
0.196,0.020775,0
0.197,0.0208814,0
0.198,0.0209877,0
0.199,0.021094,0
0.2,0.0212004,0
0.201,0.0213067,0
0.202,0.0214131,0
0.203,0.0215194,0
0.204,0.0216257,0
0.205,0.0217321,0
0.206,0.0218384,0
0.207,0.0219448,0
0.208,0.0220511,0
0.209,0.0221574,0
0.21,0.0222638,0
0.211,0.0223701,0
0.212,0.0224765,0
0.213,0.0225828,0
0.214,0.0226892,0
0.215,0.0227955,0
0.216,0.0229019,0
0.217,0.0230082,0
0.218,0.0230646,0
0.219,0.0230709,0
0.22,0.0230773,0
0.221,0.0230837,0
0.222,0.02309,0
0.223,0.0230964,0
0.224,0.0231027,0
0.225,0.0231091,0
0.226,0.0231155,0
0.227,0.0231218,0
0.228,0.0231282,0
0.229,0.0231346,0
0.23,0.0231409,0
0.231,0.0231473,0
0.232,0.0231537,0
0.233,0.02316,0
0.234,0.0231664,0
0.235,0.0231728,0
0.236,0.0231791,0
0.237,0.0231855,0
0.238,0.0231919,0
0.239,0.0231983,0
0.24,0.0232047,0
0.241,0.023211,0
0.242,0.0232174,0
0.243,0.0232238,0
0.244,0.0232302,0
0.245,0.0232366,0
0.246,0.0232429,0
0.247,0.0232493,0
0.248,0.0232557,0
0.249,0.0232621,0
0.25,0.0232685,0
0.251,0.0232749,0
0.252,0.0232813,0
0.253,0.0232877,0
0.254,0.0232941,0
0.255,0.0233005,0
0.256,0.0233069,0
0.257,0.0233133,0
0.258,0.0233197,0
0.259,0.0233261,0
0.26,0.0233325,0
0.261,0.0233389,0
0.262,0.0233453,0
0.263,0.0233517,0
0.264,0.0233581,0
0.265,0.0233645,0
0.266,0.0233709,0
0.267,0.0233773,0
0.268,0.0233837,0
0.269,0.0233901,0
0.27,0.0233965,0
0.271,0.0234029,0
0.272,0.0234094,0
0.273,0.0234158,0
0.274,0.0234222,0
0.275,0.0234286,0
0.276,0.023435,0
0.277,0.0234414,0
0.278,0.0234479,0
0.279,0.0234543,0
0.28,0.0234607,0
0.281,0.0234671,0
0.282,0.0234736,0
0.283,0.02348,0
0.284,0.0234864,0
0.285,0.0234928,0
0.286,0.0234993,0
0.287,0.0235057,0
0.288,0.0235121,0
0.289,0.0235186,0
0.29,0.023525,0
0.291,0.0235314,0
0.292,0.0235379,0
0.293,0.0235443,0
0.294,0.0235507,0
0.295,0.0235572,0
0.296,0.0235636,0
0.297,0.0235701,0
0.298,0.0235765,0
0.299,0.023583,0
0.3,0.0235894,0
0.301,0.0235958,0
0.302,0.0236023,0
0.303,0.0236087,0
0.304,0.0236152,0
0.305,0.0236216,0
0.306,0.0236281,0
0.307,0.0236346,0
0.308,0.023641,0
0.309,0.0236475,0
0.31,0.0236539,0
0.311,0.0236604,0
0.312,0.0236668,0
0.313,0.0236733,0
0.314,0.0236798,0
0.315,0.0236862,0
0.316,0.0236927,0
0.317,0.0236992,0
0.318,0.0237056,0
0.319,0.0237121,0
0.32,0.0237186,0
0.321,0.023725,0
0.322,0.0237315,0
0.323,0.023738,0
0.324,0.0237444,0
0.325,0.0237509,0
0.326,0.0237574,0
0.327,0.0237639,0
0.328,0.0237703,0
0.329,0.0237768,0
0.33,0.0237833,0
0.331,0.0237898,0
0.332,0.0237963,0
0.333,0.0238027,0
0.334,0.0238092,0
0.335,0.0238157,0
0.336,0.0238222,0
0.337,0.0238287,0
0.338,0.0238352,0
0.339,0.0238417,0
0.34,0.0238482,0
0.341,0.0238547,0
0.342,0.0238611,0
0.343,0.0238676,0
0.344,0.0238741,0
0.345,0.0238806,0
0.346,0.0238871,0
0.347,0.0238936,0
0.348,0.0239001,0
0.349,0.0239066,0
0.35,0.0239131,0
0.351,0.0239196,0
0.352,0.0239261,0
0.353,0.0239326,0
0.354,0.0239392,0
0.355,0.0239457,0
0.356,0.0239522,0
0.357,0.0239587,0
0.358,0.0239652,0
0.359,0.0239717,0
0.36,0.0239782,0
0.361,0.0239847,0
0.362,0.0239913,0
0.363,0.0239978,0
0.364,0.0240043,0
0.365,0.0240108,0
0.366,0.0240173,0
0.367,0.0240239,0
0.368,0.0240304,0
0.369,0.0240369,0
0.37,0.0240434,0
0.371,0.02405,0
0.372,0.0240565,0
0.373,0.024063,0
0.374,0.0240695,0
0.375,0.0240761,0
0.376,0.0240826,0
0.377,0.0240891,0
0.378,0.0240957,0
0.379,0.0241022,0
0.38,0.0241087,0
0.381,0.0241153,0
0.382,0.0241218,0
0.383,0.0241284,0
0.384,0.0241349,0
0.385,0.0241414,0
0.386,0.024148,0
0.387,0.0241545,0
0.388,0.0241611,0
0.389,0.0241676,0
0.39,0.0241742,0
0.391,0.0241807,0
0.392,0.0241873,0
0.393,0.0241938,0
0.394,0.0242004,0
0.395,0.0242069,0
0.396,0.0242135,0
0.397,0.0242201,0
0.398,0.0242266,0
0.399,0.0242332,0
0.4,0.0242397,0
0.401,0.0242463,0
0.402,0.0242529,0
0.403,0.0242594,0
0.404,0.024266,0
0.405,0.0242726,0
0.406,0.0242791,0
0.407,0.0242857,0
0.408,0.0242923,0
0.409,0.0242988,0
0.41,0.0243054,0
0.411,0.024312,0
0.412,0.0243185,0
0.413,0.0243251,0
0.414,0.0243317,0
0.415,0.0243383,0
0.416,0.0243449,0
0.417,0.0243514,0
0.418,0.024358,0
0.419,0.0243646,0
0.42,0.0243712,0
0.421,0.0243778,0
0.422,0.0243844,0
0.423,0.0243909,0
0.424,0.0243975,0
0.425,0.0244041,0
0.426,0.0244107,0
0.427,0.0244173,0
0.428,0.0244239,0
0.429,0.0244305,0
0.43,0.0244371,0
0.431,0.0244437,0
0.432,0.0244503,0
0.433,0.0244569,0
0.434,0.0244635,0
0.435,0.0244701,0
0.436,0.0244767,0
0.437,0.0244833,0
0.438,0.0244899,0
0.439,0.0244965,0
0.44,0.0245031,0
0.441,0.0245097,0
0.442,0.0245163,0
0.443,0.0245229,0
0.444,0.0245295,0
0.445,0.0245362,0
0.446,0.0245428,0
0.447,0.0245494,0
0.448,0.024556,0
0.449,0.0245626,0
0.45,0.0245692,0
0.451,0.0245759,0
0.452,0.0245825,0
0.453,0.0245891,0
0.454,0.0245957,0
0.455,0.0246024,0
0.456,0.024609,0
0.457,0.0246156,0
0.458,0.0246222,0
0.459,0.0246289,0
0.46,0.0246355,0
0.461,0.0246421,0
0.462,0.0246488,0
0.463,0.0246554,0
0.464,0.024662,0
0.465,0.0246687,0
0.466,0.0246753,0
0.467,0.0246819,0
0.468,0.0246886,0
0.469,0.0246952,0
0.47,0.0247019,0
0.471,0.0247085,0
0.472,0.0247152,0
0.473,0.0247218,0
0.474,0.0247285,0
0.475,0.0247351,0
0.476,0.0247418,0
0.477,0.0247484,0
0.478,0.0247551,0
0.479,0.0247617,0
0.48,0.0247684,0
0.481,0.024775,0
0.482,0.0247817,0
0.483,0.0247883,0
0.484,0.024795,0
0.485,0.0248017,0
0.486,0.0248083,0
0.487,0.024815,0
0.488,0.0248216,0
0.489,0.0248283,0
0.49,0.024835,0
0.491,0.0248416,0
0.492,0.0248483,0
0.493,0.024855,0
0.494,0.0248617,0
0.495,0.0248683,0
0.496,0.024875,0
0.497,0.0248817,0
0.498,0.0248883,0
0.499,0.024895,0
0.5,0.0249017,0
0.501,0.0249084,0
0.502,0.0249151,0
0.503,0.0249217,0
0.504,0.0249284,0
0.505,0.0249351,0
0.506,0.0249418,0
0.507,0.0249485,0
0.508,0.0249552,0
0.509,0.0249619,0
0.51,0.0249686,0
0.511,0.0249752,0
0.512,0.0249819,0
0.513,0.0249886,0
0.514,0.0249953,0
0.515,0.025002,0
0.516,0.0250087,0
0.517,0.0250154,0
0.518,0.0250221,0
0.519,0.0250288,0
0.52,0.0250355,0
0.521,0.0250422,0
0.522,0.0250489,0
0.523,0.0250556,0
0.524,0.0250623,0
0.525,0.0250691,0
0.526,0.0250758,0
0.527,0.0250825,0
0.528,0.0250892,0
0.529,0.0250959,0
0.53,0.0251026,0
0.531,0.0251093,0
0.532,0.025116,0
0.533,0.0251228,0
0.534,0.0251295,0
0.535,0.0251362,0
0.536,0.0251429,0
0.537,0.0251497,0
0.538,0.0251564,0
0.539,0.0251631,0
0.54,0.0251698,0
0.541,0.0251766,0
0.542,0.0251833,0
0.543,0.02519,0
0.544,0.0251967,0
0.545,0.0252035,0
0.546,0.0252102,0
0.547,0.0252169,0
0.548,0.0252237,0
0.549,0.0252304,0
0.55,0.0252372,0
0.551,0.0252439,0
0.552,0.0252506,0
0.553,0.0252574,0
0.554,0.0252641,0
0.555,0.0252709,0
0.556,0.0252776,0
0.557,0.0252844,0
0.558,0.0252911,0
0.559,0.0252979,0
0.56,0.0253046,0
0.561,0.0253114,0
0.562,0.0253181,0
0.563,0.0253249,0
0.564,0.0253316,0
0.565,0.0253384,0
0.566,0.0253451,0
0.567,0.0253519,0
0.568,0.0253587,0
0.569,0.0253654,0
0.57,0.0253722,0
0.571,0.025379,0
0.572,0.0253857,0
0.573,0.0253925,0
0.574,0.0253993,0
0.575,0.025406,0
0.576,0.0254128,0
0.577,0.0254196,0
0.578,0.0254263,0
0.579,0.0254331,0
0.58,0.0254399,0
0.581,0.0254467,0
0.582,0.0254534,0
0.583,0.0254602,0
0.584,0.025467,0
0.585,0.0254738,0
0.586,0.0254806,0
0.587,0.0254873,0
0.588,0.0254941,0
0.589,0.0255009,0
0.59,0.0255077,0
0.591,0.0255145,0
0.592,0.0255213,0
0.593,0.0255281,0
0.594,0.0255349,0
0.595,0.0255417,0
0.596,0.0255485,0
0.597,0.0255553,0
0.598,0.0255621,0
0.599,0.0255689,0
0.6,0.0255757,0
0.601,0.0255825,0
0.602,0.0255893,0
0.603,0.0255961,0
0.604,0.0256029,0
0.605,0.0256097,0
0.606,0.0256165,0
0.607,0.0256233,0
0.608,0.0256301,0
0.609,0.0256369,0
0.61,0.0256437,0
0.611,0.0256505,0
0.612,0.0256573,0
0.613,0.0256642,0
0.614,0.025671,0
0.615,0.0256778,0
0.616,0.0256846,0
0.617,0.0256914,0
0.618,0.0256983,0
0.619,0.0257051,0
0.62,0.0257119,0
0.621,0.0257187,0
0.622,0.0257256,0
0.623,0.0257324,0
0.624,0.0257392,0
0.625,0.025746,0
0.626,0.0257529,0
0.627,0.0257597,0
0.628,0.0257665,0
0.629,0.0257734,0
0.63,0.0257802,0
0.631,0.0257871,0
0.632,0.0257939,0
0.633,0.0258007,0
0.634,0.0258076,0
0.635,0.0258144,0
0.636,0.0258213,0
0.637,0.0258281,0
0.638,0.025835,0
0.639,0.0258418,0
0.64,0.0258487,0
0.641,0.0258555,0
0.642,0.0258624,0
0.643,0.0258692,0
0.644,0.0258761,0
0.645,0.0258829,0
0.646,0.0258898,0
0.647,0.0258966,0
0.648,0.0259035,0
0.649,0.0259104,0
0.65,0.0259172,0
0.651,0.0259241,0
0.652,0.0259309,0
0.653,0.0259378,0
0.654,0.0259447,0
0.655,0.0259515,0
0.656,0.0259584,0
0.657,0.0259653,0
0.658,0.0259722,0
0.659,0.025979,0
0.66,0.0259859,0
0.661,0.0259928,0
0.662,0.0259997,0
0.663,0.0260065,0
0.664,0.0260134,0
0.665,0.0260203,0
0.666,0.0260272,0
0.667,0.0260341,0
0.668,0.0260409,0
0.669,0.0260478,0
0.67,0.0260547,0
0.671,0.0260616,0
0.672,0.0260685,0
0.673,0.0260754,0
0.674,0.0260823,0
0.675,0.0260892,0
0.676,0.0260961,0
0.677,0.026103,0
0.678,0.0261099,0
0.679,0.0261168,0
0.68,0.0261237,0
0.681,0.0261306,0
0.682,0.0261375,0
0.683,0.0261444,0
0.684,0.0261513,0
0.685,0.0261582,0
0.686,0.0261651,0
0.687,0.026172,0
0.688,0.0261789,0
0.689,0.0261858,0
0.69,0.0261927,0
0.691,0.0261996,0
0.692,0.0262066,0
0.693,0.0262135,0
0.694,0.0262204,0
0.695,0.0262273,0
0.696,0.0262342,0
0.697,0.0262411,0
0.698,0.0262481,0
0.699,0.026255,0
0.7,0.0262619,0
0.701,0.0262688,0
0.702,0.0262758,0
0.703,0.0262827,0
0.704,0.0262896,0
0.705,0.0262966,0
0.706,0.0263035,0
0.707,0.0263104,0
0.708,0.0263174,0
0.709,0.0263243,0
0.71,0.0263312,0
0.711,0.0263382,0
0.712,0.0263451,0
0.713,0.026352,0
0.714,0.026359,0
0.715,0.0263659,0
0.716,0.0263729,0
0.717,0.0263798,0
0.718,0.0263868,0
0.719,0.0263937,0
0.72,0.0264007,0
0.721,0.0264076,0
0.722,0.0264146,0
0.723,0.0264215,0
0.724,0.0264285,0
0.725,0.0264354,0
0.726,0.0264424,0
0.727,0.0264494,0
0.728,0.0264563,0
0.729,0.0264633,0
0.73,0.0264702,0
0.731,0.0264772,0
0.732,0.0264842,0
0.733,0.0264911,0
0.734,0.0264981,0
0.735,0.0265051,0
0.736,0.026512,0
0.737,0.026519,0
0.738,0.026526,0
0.739,0.026533,0
0.74,0.0265399,0
0.741,0.0265469,0
0.742,0.0265539,0
0.743,0.0265609,0
0.744,0.0265679,0
0.745,0.0265748,0
0.746,0.0265818,0
0.747,0.0265888,0
0.748,0.0265958,0
0.749,0.0266028,0
0.75,0.0266098,0
0.751,0.0266168,0
0.752,0.0266238,0
0.753,0.0266307,0
0.754,0.0266377,0
0.755,0.0266447,0
0.756,0.0266517,0
0.757,0.0266587,0
0.758,0.0266657,0
0.759,0.0266727,0
0.76,0.0266797,0
0.761,0.0266867,0
0.762,0.0266937,0
0.763,0.0267007,0
0.764,0.0267077,0
0.765,0.0267148,0
0.766,0.0267218,0
0.767,0.0267288,0
0.768,0.0267358,0
0.769,0.0267428,0
0.77,0.0267498,0
0.771,0.0267568,0
0.772,0.0267638,0
0.773,0.0267709,0
0.774,0.0267779,0
0.775,0.0267849,0
0.776,0.0267919,0
0.777,0.0267989,0
0.778,0.026806,0
0.779,0.026813,0
0.78,0.02682,0
0.781,0.0268271,0
0.782,0.0268341,0
0.783,0.0268411,0
0.784,0.0268481,0
0.785,0.0268552,0
0.786,0.0268622,0
0.787,0.0268692,0
0.788,0.0268763,0
0.789,0.0268833,0
0.79,0.0268904,0
0.791,0.0268974,0
0.792,0.0269044,0
0.793,0.0269115,0
0.794,0.0269185,0
0.795,0.0269256,0
0.796,0.0269326,0
0.797,0.0269397,0
0.798,0.0269467,0
0.799,0.0269538,0
0.8,0.0269608,0
0.801,0.0269679,0
0.802,0.0269749,0
0.803,0.026982,0
0.804,0.0269891,0
0.805,0.0269961,0
0.806,0.0270032,0
0.807,0.0270102,0
0.808,0.0270173,0
0.809,0.0270244,0
0.81,0.0270314,0
0.811,0.0270385,0
0.812,0.0270456,0
0.813,0.0270526,0
0.814,0.0270597,0
0.815,0.0270668,0
0.816,0.0270739,0
0.817,0.0270809,0
0.818,0.027088,0
0.819,0.0270951,0
0.82,0.0271022,0
0.821,0.0271093,0
0.822,0.0271163,0
0.823,0.0271234,0
0.824,0.0271305,0
0.825,0.0271376,0
0.826,0.0271447,0
0.827,0.0271518,0
0.828,0.0271589,0
0.829,0.0271659,0
0.83,0.027173,0
0.831,0.0271801,0
0.832,0.0271872,0
0.833,0.0271943,0
0.834,0.0272014,0
0.835,0.0272085,0
0.836,0.0272156,0
0.837,0.0272227,0
0.838,0.0272298,0
0.839,0.0272369,0
0.84,0.027244,0
0.841,0.0272511,0
0.842,0.0272582,0
0.843,0.0272654,0
0.844,0.0272725,0
0.845,0.0272796,0
0.846,0.0272867,0
0.847,0.0272938,0
0.848,0.0273009,0
0.849,0.027308,0
0.85,0.0273152,0
0.851,0.0273223,0
0.852,0.0273294,0
0.853,0.0273365,0
0.854,0.0273436,0
0.855,0.0273508,0
0.856,0.0273579,0
0.857,0.027365,0
0.858,0.0273722,0
0.859,0.0273793,0
0.86,0.0273864,0
0.861,0.0273935,0
0.862,0.0274007,0
0.863,0.0274078,0
0.864,0.027415,0
0.865,0.0274221,0
0.866,0.0274292,0
0.867,0.0274364,0
0.868,0.0274435,0
0.869,0.0274507,0
0.87,0.0274578,0
0.871,0.027465,0
0.872,0.0274721,0
0.873,0.0274793,0
0.874,0.0274864,0
0.875,0.0274936,0
0.876,0.0275007,0
0.877,0.0275079,0
0.878,0.027515,0
0.879,0.0275222,0
0.88,0.0275293,0
0.881,0.0275365,0
0.882,0.0275437,0
0.883,0.0275508,0
0.884,0.027558,0
0.885,0.0275651,0
0.886,0.0275723,0
0.887,0.0275795,0
0.888,0.0275866,0
0.889,0.0275938,0
0.89,0.027601,0
0.891,0.0276082,0
0.892,0.0276153,0
0.893,0.0276225,0
0.894,0.0276297,0
0.895,0.0276369,0
0.896,0.027644,0
0.897,0.0276512,0
0.898,0.0276584,0
0.899,0.0276656,0
0.9,0.0276728,0
0.901,0.02768,0
0.902,0.0276872,0
0.903,0.0276943,0
0.904,0.0277015,0
0.905,0.0277087,0
0.906,0.0277159,0
0.907,0.0277231,0
0.908,0.0277303,0
0.909,0.0277375,0
0.91,0.0277447,0
0.911,0.0277519,0
0.912,0.0277591,0
0.913,0.0277663,0
0.914,0.0277735,0
0.915,0.0277807,0
0.916,0.0277879,0
0.917,0.0277951,0
0.918,0.0278023,0
0.919,0.0278095,0
0.92,0.0278168,0
0.921,0.027824,0
0.922,0.0278312,0
0.923,0.0278384,0
0.924,0.0278456,0
0.925,0.0278528,0
0.926,0.0278601,0
0.927,0.0278673,0
0.928,0.0278745,0
0.929,0.0278817,0
0.93,0.027889,0
0.931,0.0278962,0
0.932,0.0279034,0
0.933,0.0279106,0
0.934,0.0279179,0
0.935,0.0279251,0
0.936,0.0279323,0
0.937,0.0279396,0
0.938,0.0279468,0
0.939,0.027954,0
0.94,0.0279613,0
0.941,0.0279685,0
0.942,0.0279758,0
0.943,0.027983,0
0.944,0.0279902,0
0.945,0.0279975,0
0.946,0.0280047,0
0.947,0.028012,0
0.948,0.0280192,0
0.949,0.0280265,0
0.95,0.0280337,0
0.951,0.028041,0
0.952,0.0280483,0
0.953,0.0280555,0
0.954,0.0280628,0
0.955,0.02807,0
0.956,0.0280773,0
0.957,0.0280845,0
0.958,0.0280918,0
0.959,0.0280991,0
0.96,0.0281063,0
0.961,0.0281136,0
0.962,0.0281209,0
0.963,0.0281281,0
0.964,0.0281354,0
0.965,0.0281427,0
0.966,0.02815,0
0.967,0.0281572,0
0.968,0.0281645,0
0.969,0.0281718,0
0.97,0.0281791,0
0.971,0.0281864,0
0.972,0.0281936,0
0.973,0.0282009,0
0.974,0.0282082,0
0.975,0.0282155,0
0.976,0.0282228,0
0.977,0.0282301,0
0.978,0.0282374,0
0.979,0.0282447,0
0.98,0.0282519,0
0.981,0.0282592,0
0.982,0.0282665,0
0.983,0.0282738,0
0.984,0.0282811,0
0.985,0.0282884,0
0.986,0.0282957,0
0.987,0.028303,0
0.988,0.0283103,0
0.989,0.0283176,0
0.99,0.028325,0
0.991,0.0283323,0
0.992,0.0283396,0
0.993,0.0283469,0
0.994,0.0283542,0
0.995,0.0283615,0
0.996,0.0283688,0
0.997,0.0283761,0
0.998,0.0283835,0
0.999,0.0283908,0
1,0.0283981,0
1.001,0.0284054,0
1.002,0.0284127,0
1.003,0.0284201,0
1.004,0.0284274,0
1.005,0.0284347,0
1.006,0.028442,0
1.007,0.0284494,0
1.008,0.0284567,0
1.009,0.028464,0
1.01,0.0284714,0
1.011,0.0284787,0
1.012,0.028486,0
1.013,0.0284934,0
1.014,0.0285007,0
1.015,0.0285081,0
1.016,0.0285154,0
1.017,0.0285228,0
1.018,0.0285301,0
1.019,0.0285374,0
1.02,0.0285448,0
1.021,0.0285521,0
1.022,0.0285595,0
1.023,0.0285668,0
1.024,0.0285742,0
1.025,0.0285816,0
1.026,0.0285889,0
1.027,0.0285963,0
1.028,0.0286036,0
1.029,0.028611,0
1.03,0.0286184,0
1.031,0.0286257,0
1.032,0.0286331,0
1.033,0.0286404,0
1.034,0.0286478,0
1.035,0.0286552,0
1.036,0.0286626,0
1.037,0.0286699,0
1.038,0.0286773,0
1.039,0.0286847,0
1.04,0.0286921,0
1.041,0.0286994,0
1.042,0.0287068,0
1.043,0.0287142,0
1.044,0.0287216,0
1.045,0.028729,0
1.046,0.0287363,0
1.047,0.0287437,0
1.048,0.0287511,0
1.049,0.0287585,0
1.05,0.0287659,0
1.051,0.0287733,0
1.052,0.0287807,0
1.053,0.0287881,0
1.054,0.0287955,0
1.055,0.0288029,0
1.056,0.0288103,0
1.057,0.0288177,0
1.058,0.0288251,0
1.059,0.0288325,0
1.06,0.0288399,0
1.061,0.0288473,0
1.062,0.0288547,0
1.063,0.0288621,0
1.064,0.0288695,0
1.065,0.0288769,0
1.066,0.0288843,0
1.067,0.0288917,0
1.068,0.0288991,0
1.069,0.0289066,0
1.07,0.028914,0
1.071,0.0289214,0
1.072,0.0289288,0
1.073,0.0289362,0
1.074,0.0289437,0
1.075,0.0289511,0
1.076,0.0289585,0
1.077,0.0289659,0
1.078,0.0289734,0
1.079,0.0289808,0
1.08,0.0289882,0
1.081,0.0289957,0
1.082,0.0290031,0
1.083,0.0290105,0
1.084,0.029018,0
1.085,0.0290254,0
1.086,0.0290328,0
1.087,0.0290403,0
1.088,0.0290477,0
1.089,0.0290552,0
1.09,0.0290626,0
1.091,0.0290701,0
1.092,0.0290775,0
1.093,0.029085,0
1.094,0.0290924,0
1.095,0.0290999,0
1.096,0.0291073,0
1.097,0.0291148,0
1.098,0.0291222,0
1.099,0.0291297,0
1.1,0.0291372,0
1.101,0.0291446,0
1.102,0.0291521,0
1.103,0.0291595,0
1.104,0.029167,0
1.105,0.0291745,0
1.106,0.0291819,0
1.107,0.0291894,0
1.108,0.0291969,0
1.109,0.0292044,0
1.11,0.0292118,0
1.111,0.0292193,0
1.112,0.0292268,0
1.113,0.0292343,0
1.114,0.0292417,0
1.115,0.0292492,0
1.116,0.0292567,0
1.117,0.0292642,0
1.118,0.0292717,0
1.119,0.0292792,0
1.12,0.0292867,0
1.121,0.0292941,0
1.122,0.0293016,0
1.123,0.0293091,0
1.124,0.0293166,0
1.125,0.0293241,0
1.126,0.0293316,0
1.127,0.0293391,0
1.128,0.0293466,0
1.129,0.0293541,0
1.13,0.0293616,0
1.131,0.0293691,0
1.132,0.0293766,0
1.133,0.0293841,0
1.134,0.0293916,0
1.135,0.0293991,0
1.136,0.0294067,0
1.137,0.0294142,0
1.138,0.0294217,0
1.139,0.0294292,0
1.14,0.0294367,0
1.141,0.0294442,0
1.142,0.0294518,0
1.143,0.0294593,0
1.144,0.0294668,0
1.145,0.0294743,0
1.146,0.0294818,0
1.147,0.0294894,0
1.148,0.0294969,0
1.149,0.0295044,0
1.15,0.029512,0
1.151,0.0295195,0
1.152,0.029527,0
1.153,0.0295346,0
1.154,0.0295421,0
1.155,0.0295496,0
1.156,0.0295572,0
1.157,0.0295647,0
1.158,0.0295723,0
1.159,0.0295798,0
1.16,0.0295873,0
1.161,0.0295949,0
1.162,0.0296024,0
1.163,0.02961,0
1.164,0.0296175,0
1.165,0.0296251,0
1.166,0.0296326,0
1.167,0.0296402,0
1.168,0.0296478,0
1.169,0.0296553,0
1.17,0.0296629,0
1.171,0.0296704,0
1.172,0.029678,0
1.173,0.0296856,0
1.174,0.0296931,0
1.175,0.0297007,0
1.176,0.0297083,0
1.177,0.0297158,0
1.178,0.0297234,0
1.179,0.029731,0
1.18,0.0297386,0
1.181,0.0297461,0
1.182,0.0297537,0
1.183,0.0297613,0
1.184,0.0297689,0
1.185,0.0297764,0
1.186,0.029784,0
1.187,0.0297916,0
1.188,0.0297992,0
1.189,0.0298068,0
1.19,0.0298144,0
1.191,0.029822,0
1.192,0.0298296,0
1.193,0.0298371,0
1.194,0.0298447,0
1.195,0.0298523,0
1.196,0.0298599,0
1.197,0.0298675,0
1.198,0.0298751,0
1.199,0.0298827,0
1.2,0.0298903,0
1.201,0.0298979,0
1.202,0.0299055,0
1.203,0.0299132,0
1.204,0.0299208,0
1.205,0.0299284,0
1.206,0.029936,0
1.207,0.0299436,0
1.208,0.0299512,0
1.209,0.0299588,0
1.21,0.0299664,0
1.211,0.0299741,0
1.212,0.0299817,0
1.213,0.0299893,0
1.214,0.0299969,0
1.215,0.0300046,0
1.216,0.0300122,0
1.217,0.0300198,0
1.218,0.0300274,0
1.219,0.0300351,0
1.22,0.0300427,0
1.221,0.0300503,0
1.222,0.030058,0
1.223,0.0300656,0
1.224,0.0300732,0
1.225,0.0300809,0
1.226,0.0300885,0
1.227,0.0300962,0
1.228,0.0301038,0
1.229,0.0301115,0
1.23,0.0301191,0
1.231,0.0301268,0
1.232,0.0301344,0
1.233,0.0301421,0
1.234,0.0301497,0
1.235,0.0301574,0
1.236,0.030165,0
1.237,0.0301727,0
1.238,0.0301803,0
1.239,0.030188,0
1.24,0.0301957,0
1.241,0.0302033,0
1.242,0.030211,0
1.243,0.0302186,0
1.244,0.0302263,0
1.245,0.030234,0
1.246,0.0302416,0
1.247,0.0302493,0
1.248,0.030257,0
1.249,0.0302647,0
1.25,0.0302723,0
1.251,0.03028,0
1.252,0.0302877,0
1.253,0.0302954,0
1.254,0.0303031,0
1.255,0.0303107,0
1.256,0.0303184,0
1.257,0.0303261,0
1.258,0.0303338,0
1.259,0.0303415,0
1.26,0.0303492,0
1.261,0.0303569,0
1.262,0.0303646,0
1.263,0.0303723,0
1.264,0.03038,0
1.265,0.0303877,0
1.266,0.0303954,0
1.267,0.0304031,0
1.268,0.0304108,0
1.269,0.0304185,0
1.27,0.0304262,0
1.271,0.0304339,0
1.272,0.0304416,0
1.273,0.0304493,0
1.274,0.030457,0
1.275,0.0304647,0
1.276,0.0304724,0
1.277,0.0304802,0
1.278,0.0304879,0
1.279,0.0304956,0
1.28,0.0305033,0
1.281,0.030511,0
1.282,0.0305188,0
1.283,0.0305265,0
1.284,0.0305342,0
1.285,0.0305419,0
1.286,0.0305497,0
1.287,0.0305574,0
1.288,0.0305651,0
1.289,0.0305729,0
1.29,0.0305806,0
1.291,0.0305883,0
1.292,0.0305961,0
1.293,0.0306038,0
1.294,0.0306115,0
1.295,0.0306193,0
1.296,0.030627,0
1.297,0.0306348,0
1.298,0.0306425,0
1.299,0.0306503,0
1.3,0.030658,0
1.301,0.0306658,0
1.302,0.0306735,0
1.303,0.0306813,0
1.304,0.030689,0
1.305,0.0306968,0
1.306,0.0307046,0
1.307,0.0307123,0
1.308,0.0307201,0
1.309,0.0307278,0
1.31,0.0307356,0
1.311,0.0307434,0
1.312,0.0307511,0
1.313,0.0307589,0
1.314,0.0307667,0
1.315,0.0307744,0
1.316,0.0307822,0
1.317,0.03079,0
1.318,0.0307978,0
1.319,0.0308056,0
1.32,0.0308133,0
1.321,0.0308211,0
1.322,0.0308289,0
1.323,0.0308367,0
1.324,0.0308445,0
1.325,0.0308523,0
1.326,0.03086,0
1.327,0.0308678,0
1.328,0.0308756,0
1.329,0.0308834,0
1.33,0.0308912,0
1.331,0.030899,0
1.332,0.0309068,0
1.333,0.0309146,0
1.334,0.0309224,0
1.335,0.0309302,0
1.336,0.030938,0
1.337,0.0309458,0
1.338,0.0309536,0
1.339,0.0309614,0
1.34,0.0309692,0
1.341,0.0309771,0
1.342,0.0309849,0
1.343,0.0309927,0
1.344,0.0310005,0
1.345,0.0310083,0
1.346,0.0310161,0
1.347,0.031024,0
1.348,0.0310318,0
1.349,0.0310396,0
1.35,0.0310474,0
1.351,0.0310552,0
1.352,0.0310631,0
1.353,0.0310709,0
1.354,0.0310787,0
1.355,0.0310866,0
1.356,0.0310944,0
1.357,0.0311022,0
1.358,0.0311101,0
1.359,0.0311179,0
1.36,0.0311258,0
1.361,0.0311336,0
1.362,0.0311414,0
1.363,0.0311493,0
1.364,0.0311571,0
1.365,0.031165,0
1.366,0.0311728,0
1.367,0.0311807,0
1.368,0.0311885,0
1.369,0.0311964,0
1.37,0.0312042,0
1.371,0.0312121,0
1.372,0.03122,0
1.373,0.0312278,0
1.374,0.0312357,0
1.375,0.0312435,0
1.376,0.0312514,0
1.377,0.0312593,0
1.378,0.0312671,0
1.379,0.031275,0
1.38,0.0312829,0
1.381,0.0312907,0
1.382,0.0312986,0
1.383,0.0313065,0
1.384,0.0313144,0
1.385,0.0313222,0
1.386,0.0313301,0
1.387,0.031338,0
1.388,0.0313459,0
1.389,0.0313538,0
1.39,0.0313617,0
1.391,0.0313695,0
1.392,0.0313774,0
1.393,0.0313853,0
1.394,0.0313932,0
1.395,0.0314011,0
1.396,0.031409,0
1.397,0.0314169,0
1.398,0.0314248,0
1.399,0.0314327,0
1.4,0.0314406,0
1.401,0.0314485,0
1.402,0.0314564,0
1.403,0.0314643,0
1.404,0.0314722,0
1.405,0.0314801,0
1.406,0.031488,0
1.407,0.0314959,0
1.408,0.0315039,0
1.409,0.0315118,0
1.41,0.0315197,0
1.411,0.0315276,0
1.412,0.0315355,0
1.413,0.0315434,0
1.414,0.0315514,0
1.415,0.0315593,0
1.416,0.0315672,0
1.417,0.0315751,0
1.418,0.0315831,0
1.419,0.031591,0
1.42,0.0315989,0
1.421,0.0316069,0
1.422,0.0316148,0
1.423,0.0316227,0
1.424,0.0316307,0
1.425,0.0316386,0
1.426,0.0316466,0
1.427,0.0316545,0
1.428,0.0316624,0
1.429,0.0316704,0
1.43,0.0316783,0
1.431,0.0316863,0
1.432,0.0316942,0
1.433,0.0317022,0
1.434,0.0317101,0
1.435,0.0317181,0
1.436,0.031726,0
1.437,0.031734,0
1.438,0.031742,0
1.439,0.0317499,0
1.44,0.0317579,0
1.441,0.0317658,0
1.442,0.0317738,0
1.443,0.0317818,0
1.444,0.0317897,0
1.445,0.0317977,0
1.446,0.0318057,0
1.447,0.0318137,0
1.448,0.0318216,0
1.449,0.0318296,0
1.45,0.0318376,0
1.451,0.0318456,0
1.452,0.0318535,0
1.453,0.0318615,0
1.454,0.0318695,0
1.455,0.0318775,0
1.456,0.0318855,0
1.457,0.0318935,0
1.458,0.0319015,0
1.459,0.0319095,0
1.46,0.0319175,0
1.461,0.0319254,0
1.462,0.0319334,0
1.463,0.0319414,0
1.464,0.0319494,0
1.465,0.0319574,0
1.466,0.0319654,0
1.467,0.0319734,0
1.468,0.0319815,0
1.469,0.0319895,0
1.47,0.0319975,0
1.471,0.0320055,0
1.472,0.0320135,0
1.473,0.0320215,0
1.474,0.0320295,0
1.475,0.0320375,0
1.476,0.0320456,0
1.477,0.0320536,0
1.478,0.0320616,0
1.479,0.0320696,0
1.48,0.0320776,0
1.481,0.0320857,0
1.482,0.0320937,0
1.483,0.0321017,0
1.484,0.0321098,0
1.485,0.0321178,0
1.486,0.0321258,0
1.487,0.0321339,0
1.488,0.0321419,0
1.489,0.0321499,0
1.49,0.032158,0
1.491,0.032166,0
1.492,0.0321741,0
1.493,0.0321821,0
1.494,0.0321901,0
1.495,0.0321982,0
1.496,0.0322062,0
1.497,0.0322143,0
1.498,0.0322223,0
1.499,0.0322304,0
1.5,0.0322385,0
1.501,0.0322465,0
1.502,0.0322546,0
1.503,0.0322626,0
1.504,0.0322707,0
1.505,0.0322788,0
1.506,0.0322868,0
1.507,0.0322949,0
1.508,0.032303,0
1.509,0.032311,0
1.51,0.0323191,0
1.511,0.0323272,0
1.512,0.0323352,0
1.513,0.0323433,0
1.514,0.0323514,0
1.515,0.0323595,0
1.516,0.0323676,0
1.517,0.0323756,0
1.518,0.0323837,0
1.519,0.0323918,0
1.52,0.0323999,0
1.521,0.032408,0
1.522,0.0324161,0
1.523,0.0324242,0
1.524,0.0324323,0
1.525,0.0324404,0
1.526,0.0324485,0
1.527,0.0324566,0
1.528,0.0324646,0
1.529,0.0324728,0
1.53,0.0324809,0
1.531,0.032489,0
1.532,0.0324971,0
1.533,0.0325052,0
1.534,0.0325133,0
1.535,0.0325214,0
1.536,0.0325295,0
1.537,0.0325376,0
1.538,0.0325457,0
1.539,0.0325539,0
1.54,0.032562,0
1.541,0.0325701,0
1.542,0.0325782,0
1.543,0.0325863,0
1.544,0.0325945,0
1.545,0.0326026,0
1.546,0.0326107,0
1.547,0.0326188,0
1.548,0.032627,0
1.549,0.0326351,0
1.55,0.0326432,0
1.551,0.0326514,0
1.552,0.0326595,0
1.553,0.0326677,0
1.554,0.0326758,0
1.555,0.0326839,0
1.556,0.0326921,0
1.557,0.0327002,0
1.558,0.0327084,0
1.559,0.0327165,0
1.56,0.0327247,0
1.561,0.0327328,0
1.562,0.032741,0
1.563,0.0327491,0
1.564,0.0327573,0
1.565,0.0327655,0
1.566,0.0327736,0
1.567,0.0327818,0
1.568,0.0327899,0
1.569,0.0327981,0
1.57,0.0328063,0
1.571,0.0328144,0
1.572,0.0328226,0
1.573,0.0328308,0
1.574,0.032839,0
1.575,0.0328471,0
1.576,0.0328553,0
1.577,0.0328635,0
1.578,0.0328717,0
1.579,0.0328798,0
1.58,0.032888,0
1.581,0.0328962,0
1.582,0.0329044,0
1.583,0.0329126,0
1.584,0.0329208,0
1.585,0.032929,0
1.586,0.0329371,0
1.587,0.0329453,0
1.588,0.0329535,0
1.589,0.0329617,0
1.59,0.0329699,0
1.591,0.0329781,0
1.592,0.0329863,0
1.593,0.0329945,0
1.594,0.0330027,0
1.595,0.0330109,0
1.596,0.0330192,0
1.597,0.0330274,0
1.598,0.0330356,0
1.599,0.0330438,0
1.6,0.033052,0
1.601,0.0330602,0
1.602,0.0330684,0
1.603,0.0330767,0
1.604,0.0330849,0
1.605,0.0330931,0
1.606,0.0331013,0
1.607,0.0331096,0
1.608,0.0331178,0
1.609,0.033126,0
1.61,0.0331342,0
1.611,0.0331425,0
1.612,0.0331507,0
1.613,0.0331589,0
1.614,0.0331672,0
1.615,0.0331754,0
1.616,0.0331837,0
1.617,0.0331919,0
1.618,0.0332001,0
1.619,0.0332084,0
1.62,0.0332166,0
1.621,0.0332249,0
1.622,0.0332331,0
1.623,0.0332414,0
1.624,0.0332496,0
1.625,0.0332579,0
1.626,0.0332661,0
1.627,0.0332744,0
1.628,0.0332827,0
1.629,0.0332909,0
1.63,0.0332992,0
1.631,0.0333075,0
1.632,0.0333157,0
1.633,0.033324,0
1.634,0.0333323,0
1.635,0.0333405,0
1.636,0.0333488,0
1.637,0.0333571,0
1.638,0.0333654,0
1.639,0.0333736,0
1.64,0.0333819,0
1.641,0.0333902,0
1.642,0.0333985,0
1.643,0.0334068,0
1.644,0.033415,0
1.645,0.0334233,0
1.646,0.0334316,0
1.647,0.0334399,0
1.648,0.0334482,0
1.649,0.0334565,0
1.65,0.0334648,0
1.651,0.0334731,0
1.652,0.0334814,0
1.653,0.0334897,0
1.654,0.033498,0
1.655,0.0335063,0
1.656,0.0335146,0
1.657,0.0335229,0
1.658,0.0335312,0
1.659,0.0335395,0
1.66,0.0335478,0
1.661,0.0335562,0
1.662,0.0335645,0
1.663,0.0335728,0
1.664,0.0335811,0
1.665,0.0335894,0
1.666,0.0335977,0
1.667,0.0336061,0
1.668,0.0336144,0
1.669,0.0336227,0
1.67,0.033631,0
1.671,0.0336394,0
1.672,0.0336477,0
1.673,0.033656,0
1.674,0.0336644,0
1.675,0.0336727,0
1.676,0.0336811,0
1.677,0.0336894,0
1.678,0.0336977,0
1.679,0.0337061,0
1.68,0.0337144,0
1.681,0.0337228,0
1.682,0.0337311,0
1.683,0.0337395,0
1.684,0.0337478,0
1.685,0.0337562,0
1.686,0.0337645,0
1.687,0.0337729,0
1.688,0.0337812,0
1.689,0.0337896,0
1.69,0.033798,0
1.691,0.0338063,0
1.692,0.0338147,0
1.693,0.0338231,0
1.694,0.0338314,0
1.695,0.0338398,0
1.696,0.0338482,0
1.697,0.0338565,0
1.698,0.0338649,0
1.699,0.0338733,0
1.7,0.0338817,0
1.701,0.03389,0
1.702,0.0338984,0
1.703,0.0339068,0
1.704,0.0339152,0
1.705,0.0339236,0
1.706,0.033932,0
1.707,0.0339403,0
1.708,0.0339487,0
1.709,0.0339571,0
1.71,0.0339655,0
1.711,0.0339739,0
1.712,0.0339823,0
1.713,0.0339907,0
1.714,0.0339991,0
1.715,0.0340075,0
1.716,0.0340159,0
1.717,0.0340243,0
1.718,0.0340327,0
1.719,0.0340411,0
1.72,0.0340496,0
1.721,0.034058,0
1.722,0.0340664,0
1.723,0.0340748,0
1.724,0.0340832,0
1.725,0.0340916,0
1.726,0.0341001,0
1.727,0.0341085,0
1.728,0.0341169,0
1.729,0.0341253,0
1.73,0.0341338,0
1.731,0.0341422,0
1.732,0.0341506,0
1.733,0.0341591,0
1.734,0.0341675,0
1.735,0.0341759,0
1.736,0.0341844,0
1.737,0.0341928,0
1.738,0.0342012,0
1.739,0.0342097,0
1.74,0.0342181,0
1.741,0.0342266,0
1.742,0.034235,0
1.743,0.0342435,0
1.744,0.0342519,0
1.745,0.0342604,0
1.746,0.0342688,0
1.747,0.0342773,0
1.748,0.0342857,0
1.749,0.0342942,0
1.75,0.0343027,0
1.751,0.0343111,0
1.752,0.0343196,0
1.753,0.034328,0
1.754,0.0343365,0
1.755,0.034345,0
1.756,0.0343535,0
1.757,0.0343619,0
1.758,0.0343704,0
1.759,0.0343789,0
1.76,0.0343874,0
1.761,0.0343958,0
1.762,0.0344043,0
1.763,0.0344128,0
1.764,0.0344213,0
1.765,0.0344298,0
1.766,0.0344383,0
1.767,0.0344467,0
1.768,0.0344552,0
1.769,0.0344637,0
1.77,0.0344722,0
1.771,0.0344807,0
1.772,0.0344892,0
1.773,0.0344977,0
1.774,0.0345062,0
1.775,0.0345147,0
1.776,0.0345232,0
1.777,0.0345317,0
1.778,0.0345402,0
1.779,0.0345487,0
1.78,0.0345573,0
1.781,0.0345658,0
1.782,0.0345743,0
1.783,0.0345828,0
1.784,0.0345913,0
1.785,0.0345998,0
1.786,0.0346084,0
1.787,0.0346169,0
1.788,0.0346254,0
1.789,0.0346339,0
1.79,0.0346425,0
1.791,0.034651,0
1.792,0.0346595,0
1.793,0.0346681,0
1.794,0.0346766,0
1.795,0.0346851,0
1.796,0.0346937,0
1.797,0.0347022,0
1.798,0.0347107,0
1.799,0.0347193,0
1.8,0.0347278,0
1.801,0.0347364,0
1.802,0.0347449,0
1.803,0.0347535,0
1.804,0.034762,0
1.805,0.0347706,0
1.806,0.0347791,0
1.807,0.0347877,0
1.808,0.0347963,0
1.809,0.0348048,0
1.81,0.0348134,0
1.811,0.0348219,0
1.812,0.0348305,0
1.813,0.0348391,0
1.814,0.0348476,0
1.815,0.0348562,0
1.816,0.0348648,0
1.817,0.0348734,0
1.818,0.0348819,0
1.819,0.0348905,0
1.82,0.0348991,0
1.821,0.0349077,0
1.822,0.0349163,0
1.823,0.0349248,0
1.824,0.0349334,0
1.825,0.034942,0
1.826,0.0349506,0
1.827,0.0349592,0
1.828,0.0349678,0
1.829,0.0349764,0
1.83,0.034985,0
1.831,0.0349936,0
1.832,0.0350022,0
1.833,0.0350108,0
1.834,0.0350194,0
1.835,0.035028,0
1.836,0.0350366,0
1.837,0.0350452,0
1.838,0.0350538,0
1.839,0.0350624,0
1.84,0.035071,0
1.841,0.0350796,0
1.842,0.0350883,0
1.843,0.0350969,0
1.844,0.0351055,0
1.845,0.0351141,0
1.846,0.0351227,0
1.847,0.0351314,0
1.848,0.03514,0
1.849,0.0351486,0
1.85,0.0351573,0
1.851,0.0351659,0
1.852,0.0351745,0
1.853,0.0351832,0
1.854,0.0351918,0
1.855,0.0352004,0
1.856,0.0352091,0
1.857,0.0352177,0
1.858,0.0352264,0
1.859,0.035235,0
1.86,0.0352436,0
1.861,0.0352523,0
1.862,0.0352609,0
1.863,0.0352696,0
1.864,0.0352783,0
1.865,0.0352869,0
1.866,0.0352956,0
1.867,0.0353042,0
1.868,0.0353129,0
1.869,0.0353216,0
1.87,0.0353302,0
1.871,0.0353389,0
1.872,0.0353476,0
1.873,0.0353562,0
1.874,0.0353649,0
1.875,0.0353736,0
1.876,0.0353822,0
1.877,0.0353909,0
1.878,0.0353996,0
1.879,0.0354083,0
1.88,0.035417,0
1.881,0.0354256,0
1.882,0.0354343,0
1.883,0.035443,0
1.884,0.0354517,0
1.885,0.0354604,0
1.886,0.0354691,0
1.887,0.0354778,0
1.888,0.0354865,0
1.889,0.0354952,0
1.89,0.0355039,0
1.891,0.0355126,0
1.892,0.0355213,0
1.893,0.03553,0
1.894,0.0355387,0
1.895,0.0355474,0
1.896,0.0355561,0
1.897,0.0355648,0
1.898,0.0355735,0
1.899,0.0355822,0
1.9,0.035591,0
1.901,0.0355997,0
1.902,0.0356084,0
1.903,0.0356171,0
1.904,0.0356258,0
1.905,0.0356346,0
1.906,0.0356433,0
1.907,0.035652,0
1.908,0.0356608,0
1.909,0.0356695,0
1.91,0.0356782,0
1.911,0.035687,0
1.912,0.0356957,0
1.913,0.0357044,0
1.914,0.0357132,0
1.915,0.0357219,0
1.916,0.0357307,0
1.917,0.0357394,0
1.918,0.0357482,0
1.919,0.0357569,0
1.92,0.0357657,0
1.921,0.0357744,0
1.922,0.0357832,0
1.923,0.0357919,0
1.924,0.0358007,0
1.925,0.0358094,0
1.926,0.0358182,0
1.927,0.035827,0
1.928,0.0358357,0
1.929,0.0358445,0
1.93,0.0358533,0
1.931,0.035862,0
1.932,0.0358708,0
1.933,0.0358796,0
1.934,0.0358884,0
1.935,0.0358971,0
1.936,0.0359059,0
1.937,0.0359147,0
1.938,0.0359235,0
1.939,0.0359323,0
1.94,0.0359411,0
1.941,0.0359498,0
1.942,0.0359586,0
1.943,0.0359674,0
1.944,0.0359762,0
1.945,0.035985,0
1.946,0.0359938,0
1.947,0.0360026,0
1.948,0.0360114,0
1.949,0.0360202,0
1.95,0.036029,0
1.951,0.0360378,0
1.952,0.0360466,0
1.953,0.0360554,0
1.954,0.0360642,0
1.955,0.0360731,0
1.956,0.0360819,0
1.957,0.0360907,0
1.958,0.0360995,0
1.959,0.0361083,0
1.96,0.0361172,0
1.961,0.036126,0
1.962,0.0361348,0
1.963,0.0361436,0
1.964,0.0361525,0
1.965,0.0361613,0
1.966,0.0361701,0
1.967,0.036179,0
1.968,0.0361878,0
1.969,0.0361966,0
1.97,0.0362055,0
1.971,0.0362143,0
1.972,0.0362231,0
1.973,0.036232,0
1.974,0.0362408,0
1.975,0.0362497,0
1.976,0.0362585,0
1.977,0.0362674,0
1.978,0.0362762,0
1.979,0.0362851,0
1.98,0.036294,0
1.981,0.0363028,0
1.982,0.0363117,0
1.983,0.0363205,0
1.984,0.0363294,0
1.985,0.0363383,0
1.986,0.0363471,0
1.987,0.036356,0
1.988,0.0363649,0
1.989,0.0363737,0
1.99,0.0363826,0
1.991,0.0363915,0
1.992,0.0364004,0
1.993,0.0364093,0
1.994,0.0364181,0
1.995,0.036427,0
1.996,0.0364359,0
1.997,0.0364448,0
1.998,0.0364537,0
1.999,0.0364626,0
2,0.0364715,0
2.001,0.0364804,0
2.002,0.0364893,0
2.003,0.0364982,0
2.004,0.0365071,0
2.005,0.036516,0
2.006,0.0365249,0
2.007,0.0365338,0
2.008,0.0365427,0
2.009,0.0365516,0
2.01,0.0365605,0
2.011,0.0365694,0
2.012,0.0365783,0
2.013,0.0365872,0
2.014,0.0365962,0
2.015,0.0366051,0
2.016,0.036614,0
2.017,0.0366229,0
2.018,0.0366318,0
2.019,0.0366408,0
2.02,0.0366497,0
2.021,0.0366586,0
2.022,0.0366676,0
2.023,0.0366765,0
2.024,0.0366854,0
2.025,0.0366944,0
2.026,0.0367033,0
2.027,0.0367122,0
2.028,0.0367212,0
2.029,0.0367301,0
2.03,0.0367391,0
2.031,0.036748,0
2.032,0.036757,0
2.033,0.0367659,0
2.034,0.0367749,0
2.035,0.0367838,0
2.036,0.0367928,0
2.037,0.0368018,0
2.038,0.0368107,0
2.039,0.0368197,0
2.04,0.0368286,0
2.041,0.0368376,0
2.042,0.0368466,0
2.043,0.0368555,0
2.044,0.0368645,0
2.045,0.0368735,0
2.046,0.0368825,0
2.047,0.0368914,0
2.048,0.0369004,0
2.049,0.0369094,0
2.05,0.0369184,0
2.051,0.0369274,0
2.052,0.0369363,0
2.053,0.0369453,0
2.054,0.0369543,0
2.055,0.0369633,0
2.056,0.0369723,0
2.057,0.0369813,0
2.058,0.0369903,0
2.059,0.0369993,0
2.06,0.0370083,0
2.061,0.0370173,0
2.062,0.0370263,0
2.063,0.0370353,0
2.064,0.0370443,0
2.065,0.0370533,0
2.066,0.0370623,0
2.067,0.0370714,0
2.068,0.0370804,0
2.069,0.0370894,0
2.07,0.0370984,0
2.071,0.0371074,0
2.072,0.0371164,0
2.073,0.0371255,0
2.074,0.0371345,0
2.075,0.0371435,0
2.076,0.0371526,0
2.077,0.0371616,0
2.078,0.0371706,0
2.079,0.0371797,0
2.08,0.0371887,0
2.081,0.0371977,0
2.082,0.0372068,0
2.083,0.0372158,0
2.084,0.0372249,0
2.085,0.0372339,0
2.086,0.0372429,0
2.087,0.037252,0
2.088,0.037261,0
2.089,0.0372701,0
2.09,0.0372792,0
2.091,0.0372882,0
2.092,0.0372973,0
2.093,0.0373063,0
2.094,0.0373154,0
2.095,0.0373245,0
2.096,0.0373335,0
2.097,0.0373426,0
2.098,0.0373517,0
2.099,0.0373607,0
2.1,0.0373698,0
2.101,0.0373789,0
2.102,0.037388,0
2.103,0.037397,0
2.104,0.0374061,0
2.105,0.0374152,0
2.106,0.0374243,0
2.107,0.0374334,0
2.108,0.0374425,0
2.109,0.0374515,0
2.11,0.0374606,0
2.111,0.0374697,0
2.112,0.0374788,0
2.113,0.0374879,0
2.114,0.037497,0
2.115,0.0375061,0
2.116,0.0375152,0
2.117,0.0375243,0
2.118,0.0375334,0
2.119,0.0375425,0
2.12,0.0375516,0
2.121,0.0375608,0
2.122,0.0375699,0
2.123,0.037579,0
2.124,0.0375881,0
2.125,0.0375972,0
2.126,0.0376063,0
2.127,0.0376155,0
2.128,0.0376246,0
2.129,0.0376337,0
2.13,0.0376428,0
2.131,0.037652,0
2.132,0.0376611,0
2.133,0.0376702,0
2.134,0.0376794,0
2.135,0.0376885,0
2.136,0.0376977,0
2.137,0.0377068,0
2.138,0.0377159,0
2.139,0.0377251,0
2.14,0.0377342,0
2.141,0.0377434,0
2.142,0.0377525,0
2.143,0.0377617,0
2.144,0.0377708,0
2.145,0.03778,0
2.146,0.0377891,0
2.147,0.0377983,0
2.148,0.0378075,0
2.149,0.0378166,0
2.15,0.0378258,0
2.151,0.037835,0
2.152,0.0378441,0
2.153,0.0378533,0
2.154,0.0378625,0
2.155,0.0378716,0
2.156,0.0378808,0
2.157,0.03789,0
2.158,0.0378992,0
2.159,0.0379084,0
2.16,0.0379175,0
2.161,0.0379267,0
2.162,0.0379359,0
2.163,0.0379451,0
2.164,0.0379543,0
2.165,0.0379635,0
2.166,0.0379727,0
2.167,0.0379819,0
2.168,0.0379911,0
2.169,0.0380003,0
2.17,0.0380095,0
2.171,0.0380187,0
2.172,0.0380279,0
2.173,0.0380371,0
2.174,0.0380463,0
2.175,0.0380555,0
2.176,0.0380647,0
2.177,0.038074,0
2.178,0.0380832,0
2.179,0.0380924,0
2.18,0.0381016,0
2.181,0.0381108,0
2.182,0.0381201,0
2.183,0.0381293,0
2.184,0.0381385,0
2.185,0.0381477,0
2.186,0.038157,0
2.187,0.0381662,0
2.188,0.0381754,0
2.189,0.0381847,0
2.19,0.0381939,0
2.191,0.0382032,0
2.192,0.0382124,0
2.193,0.0382216,0
2.194,0.0382309,0
2.195,0.0382401,0
2.196,0.0382494,0
2.197,0.0382586,0
2.198,0.0382679,0
2.199,0.0382772,0
2.2,0.0382864,0
2.201,0.0382957,0
2.202,0.0383049,0
2.203,0.0383142,0
2.204,0.0383235,0
2.205,0.0383327,0
2.206,0.038342,0
2.207,0.0383513,0
2.208,0.0383605,0
2.209,0.0383698,0
2.21,0.0383791,0
2.211,0.0383884,0
2.212,0.0383977,0
2.213,0.0384069,0
2.214,0.0384162,0
2.215,0.0384255,0
2.216,0.0384348,0
2.217,0.0384441,0
2.218,0.0384534,0
2.219,0.0384627,0
2.22,0.038472,0
2.221,0.0384813,0
2.222,0.0384906,0
2.223,0.0384999,0
2.224,0.0385092,0
2.225,0.0385185,0
2.226,0.0385278,0
2.227,0.0385371,0
2.228,0.0385464,0
2.229,0.0385557,0
2.23,0.038565,0
2.231,0.0385743,0
2.232,0.0385837,0
2.233,0.038593,0
2.234,0.0386023,0
2.235,0.0386116,0
2.236,0.038621,0
2.237,0.0386303,0
2.238,0.0386396,0
2.239,0.0386489,0
2.24,0.0386583,0
2.241,0.0386676,0
2.242,0.0386769,0
2.243,0.0386863,0
2.244,0.0386956,0
2.245,0.038705,0
2.246,0.0387143,0
2.247,0.0387237,0
2.248,0.038733,0
2.249,0.0387424,0
2.25,0.0387517,0
2.251,0.0387611,0
2.252,0.0387704,0
2.253,0.0387798,0
2.254,0.0387891,0
2.255,0.0387985,0
2.256,0.0388079,0
2.257,0.0388172,0
2.258,0.0388266,0
2.259,0.038836,0
2.26,0.0388453,0
2.261,0.0388547,0
2.262,0.0388641,0
2.263,0.0388735,0
2.264,0.0388828,0
2.265,0.0388922,0
2.266,0.0389016,0
2.267,0.038911,0
2.268,0.0389204,0
2.269,0.0389298,0
2.27,0.0389392,0
2.271,0.0389486,0
2.272,0.0389579,0
2.273,0.0389673,0
2.274,0.0389767,0
2.275,0.0389861,0
2.276,0.0389955,0
2.277,0.0390049,0
2.278,0.0390143,0
2.279,0.0390238,0
2.28,0.0390332,0
2.281,0.0390426,0
2.282,0.039052,0
2.283,0.0390614,0
2.284,0.0390708,0
2.285,0.0390802,0
2.286,0.0390897,0
2.287,0.0390991,0
2.288,0.0391085,0
2.289,0.0391179,0
2.29,0.0391274,0
2.291,0.0391368,0
2.292,0.0391462,0
2.293,0.0391557,0
2.294,0.0391651,0
2.295,0.0391745,0
2.296,0.039184,0
2.297,0.0391934,0
2.298,0.0392029,0
2.299,0.0392123,0
2.3,0.0392218,0
2.301,0.0392312,0
2.302,0.0392407,0
2.303,0.0392501,0
2.304,0.0392596,0
2.305,0.039269,0
2.306,0.0392785,0
2.307,0.0392879,0
2.308,0.0392974,0
2.309,0.0393069,0
2.31,0.0393163,0
2.311,0.0393258,0
2.312,0.0393353,0
2.313,0.0393448,0
2.314,0.0393542,0
2.315,0.0393637,0
2.316,0.0393732,0
2.317,0.0393827,0
2.318,0.0393921,0
2.319,0.0394016,0
2.32,0.0394111,0
2.321,0.0394206,0
2.322,0.0394301,0
2.323,0.0394396,0
2.324,0.0394491,0
2.325,0.0394586,0
2.326,0.0394681,0
2.327,0.0394776,0
2.328,0.0394871,0
2.329,0.0394966,0
2.33,0.0395061,0
2.331,0.0395156,0
2.332,0.0395251,0
2.333,0.0395346,0
2.334,0.0395441,0
2.335,0.0395536,0
2.336,0.0395632,0
2.337,0.0395727,0
2.338,0.0395822,0
2.339,0.0395917,0
2.34,0.0396012,0
2.341,0.0396108,0
2.342,0.0396203,0
2.343,0.0396298,0
2.344,0.0396394,0
2.345,0.0396489,0
2.346,0.0396584,0
2.347,0.039668,0
2.348,0.0396775,0
2.349,0.0396871,0
2.35,0.0396966,0
2.351,0.0397061,0
2.352,0.0397157,0
2.353,0.0397252,0
2.354,0.0397348,0
2.355,0.0397443,0
2.356,0.0397539,0
2.357,0.0397635,0
2.358,0.039773,0
2.359,0.0397826,0
2.36,0.0397921,0
2.361,0.0398017,0
2.362,0.0398113,0
2.363,0.0398208,0
2.364,0.0398304,0
2.365,0.03984,0
2.366,0.0398496,0
2.367,0.0398591,0
2.368,0.0398687,0
2.369,0.0398783,0
2.37,0.0398879,0
2.371,0.0398975,0
2.372,0.0399071,0
2.373,0.0399167,0
2.374,0.0399262,0
2.375,0.0399358,0
2.376,0.0399454,0
2.377,0.039955,0
2.378,0.0399646,0
2.379,0.0399742,0
2.38,0.0399838,0
2.381,0.0399934,0
2.382,0.040003,0
2.383,0.0400127,0
2.384,0.0400223,0
2.385,0.0400319,0
2.386,0.0400415,0
2.387,0.0400511,0
2.388,0.0400607,0
2.389,0.0400703,0
2.39,0.04008,0
2.391,0.0400896,0
2.392,0.0400992,0
2.393,0.0401088,0
2.394,0.0401185,0
2.395,0.0401281,0
2.396,0.0401377,0
2.397,0.0401474,0
2.398,0.040157,0
2.399,0.0401667,0
2.4,0.0401763,0
2.401,0.0401859,0
2.402,0.0401956,0
2.403,0.0402052,0
2.404,0.0402149,0
2.405,0.0402245,0
2.406,0.0402342,0
2.407,0.0402438,0
2.408,0.0402535,0
2.409,0.0402632,0
2.41,0.0402728,0
2.411,0.0402825,0
2.412,0.0402922,0
2.413,0.0403018,0
2.414,0.0403115,0
2.415,0.0403212,0
2.416,0.0403308,0
2.417,0.0403405,0
2.418,0.0403502,0
2.419,0.0403599,0
2.42,0.0403696,0
2.421,0.0403792,0
2.422,0.0403889,0
2.423,0.0403986,0
2.424,0.0404083,0
2.425,0.040418,0
2.426,0.0404277,0
2.427,0.0404374,0
2.428,0.0404471,0
2.429,0.0404568,0
2.43,0.0404665,0
2.431,0.0404762,0
2.432,0.0404859,0
2.433,0.0404956,0
2.434,0.0405053,0
2.435,0.040515,0
2.436,0.0405247,0
2.437,0.0405344,0
2.438,0.0405442,0
2.439,0.0405539,0
2.44,0.0405636,0
2.441,0.0405733,0
2.442,0.040583,0
2.443,0.0405928,0
2.444,0.0406025,0
2.445,0.0406122,0
2.446,0.040622,0
2.447,0.0406317,0
2.448,0.0406414,0
2.449,0.0406512,0
2.45,0.0406609,0
2.451,0.0406707,0
2.452,0.0406804,0
2.453,0.0406902,0
2.454,0.0406999,0
2.455,0.0407097,0
2.456,0.0407194,0
2.457,0.0407292,0
2.458,0.0407389,0
2.459,0.0407487,0
2.46,0.0407584,0
2.461,0.0407682,0
2.462,0.040778,0
2.463,0.0407877,0
2.464,0.0407975,0
2.465,0.0408073,0
2.466,0.040817,0
2.467,0.0408268,0
2.468,0.0408366,0
2.469,0.0408464,0
2.47,0.0408562,0
2.471,0.0408659,0
2.472,0.0408757,0
2.473,0.0408855,0
2.474,0.0408953,0
2.475,0.0409051,0
2.476,0.0409149,0
2.477,0.0409247,0
2.478,0.0409345,0
2.479,0.0409443,0
2.48,0.0409541,0
2.481,0.0409639,0
2.482,0.0409737,0
2.483,0.0409835,0
2.484,0.0409933,0
2.485,0.0410031,0
2.486,0.0410129,0
2.487,0.0410227,0
2.488,0.0410326,0
2.489,0.0410424,0
2.49,0.0410522,0
2.491,0.041062,0
2.492,0.0410718,0
2.493,0.0410817,0
2.494,0.0410915,0
2.495,0.0411013,0
2.496,0.0411112,0
2.497,0.041121,0
2.498,0.0411308,0
2.499,0.0411407,0
2.5,0.0411505,0
2.501,0.0411604,0
2.502,0.0411702,0
2.503,0.04118,0
2.504,0.0411899,0
2.505,0.0411997,0
2.506,0.0412096,0
2.507,0.0412195,0
2.508,0.0412293,0
2.509,0.0412392,0
2.51,0.041249,0
2.511,0.0412589,0
2.512,0.0412688,0
2.513,0.0412786,0
2.514,0.0412885,0
2.515,0.0412984,0
2.516,0.0413082,0
2.517,0.0413181,0
2.518,0.041328,0
2.519,0.0413379,0
2.52,0.0413478,0
2.521,0.0413576,0
2.522,0.0413675,0
2.523,0.0413774,0
2.524,0.0413873,0
2.525,0.0413972,0
2.526,0.0414071,0
2.527,0.041417,0
2.528,0.0414269,0
2.529,0.0414368,0
2.53,0.0414467,0
2.531,0.0414566,0
2.532,0.0414665,0
2.533,0.0414764,0
2.534,0.0414863,0
2.535,0.0414962,0
2.536,0.0415061,0
2.537,0.0415161,0
2.538,0.041526,0
2.539,0.0415359,0
2.54,0.0415458,0
2.541,0.0415557,0
2.542,0.0415657,0
2.543,0.0415756,0
2.544,0.0415855,0
2.545,0.0415955,0
2.546,0.0416054,0
2.547,0.0416153,0
2.548,0.0416253,0
2.549,0.0416352,0
2.55,0.0416451,0
2.551,0.0416551,0
2.552,0.041665,0
2.553,0.041675,0
2.554,0.0416849,0
2.555,0.0416949,0
2.556,0.0417048,0
2.557,0.0417148,0
2.558,0.0417248,0
2.559,0.0417347,0
2.56,0.0417447,0
2.561,0.0417546,0
2.562,0.0417646,0
2.563,0.0417746,0
2.564,0.0417846,0
2.565,0.0417945,0
2.566,0.0418045,0
2.567,0.0418145,0
2.568,0.0418245,0
2.569,0.0418344,0
2.57,0.0418444,0
2.571,0.0418544,0
2.572,0.0418644,0
2.573,0.0418744,0
2.574,0.0418844,0
2.575,0.0418944,0
2.576,0.0419044,0
2.577,0.0419144,0
2.578,0.0419244,0
2.579,0.0419344,0
2.58,0.0419444,0
2.581,0.0419544,0
2.582,0.0419644,0
2.583,0.0419744,0
2.584,0.0419844,0
2.585,0.0419944,0
2.586,0.0420044,0
2.587,0.0420145,0
2.588,0.0420245,0
2.589,0.0420345,0
2.59,0.0420445,0
2.591,0.0420545,0
2.592,0.0420646,0
2.593,0.0420746,0
2.594,0.0420846,0
2.595,0.0420947,0
2.596,0.0421047,0
2.597,0.0421147,0
2.598,0.0421248,0
2.599,0.0421348,0
2.6,0.0421449,0
2.601,0.0421549,0
2.602,0.042165,0
2.603,0.042175,0
2.604,0.0421851,0
2.605,0.0421951,0
2.606,0.0422052,0
2.607,0.0422153,0
2.608,0.0422253,0
2.609,0.0422354,0
2.61,0.0422454,0
2.611,0.0422555,0
2.612,0.0422656,0
2.613,0.0422757,0
2.614,0.0422857,0
2.615,0.0422958,0
2.616,0.0423059,0
2.617,0.042316,0
2.618,0.042326,0
2.619,0.0423361,0
2.62,0.0423462,0
2.621,0.0423563,0
2.622,0.0423664,0
2.623,0.0423765,0
2.624,0.0423866,0
2.625,0.0423967,0
2.626,0.0424068,0
2.627,0.0424169,0
2.628,0.042427,0
2.629,0.0424371,0
2.63,0.0424472,0
2.631,0.0424573,0
2.632,0.0424674,0
2.633,0.0424775,0
2.634,0.0424876,0
2.635,0.0424978,0
2.636,0.0425079,0
2.637,0.042518,0
2.638,0.0425281,0
2.639,0.0425382,0
2.64,0.0425484,0
2.641,0.0425585,0
2.642,0.0425686,0
2.643,0.0425788,0
2.644,0.0425889,0
2.645,0.042599,0
2.646,0.0426092,0
2.647,0.0426193,0
2.648,0.0426295,0
2.649,0.0426396,0
2.65,0.0426498,0
2.651,0.0426599,0
2.652,0.0426701,0
2.653,0.0426802,0
2.654,0.0426904,0
2.655,0.0427005,0
2.656,0.0427107,0
2.657,0.0427209,0
2.658,0.042731,0
2.659,0.0427412,0
2.66,0.0427514,0
2.661,0.0427615,0
2.662,0.0427717,0
2.663,0.0427819,0
2.664,0.0427921,0
2.665,0.0428023,0
2.666,0.0428124,0
2.667,0.0428226,0
2.668,0.0428328,0
2.669,0.042843,0
2.67,0.0428532,0
2.671,0.0428634,0
2.672,0.0428736,0
2.673,0.0428838,0
2.674,0.042894,0
2.675,0.0429042,0
2.676,0.0429144,0
2.677,0.0429246,0
2.678,0.0429348,0
2.679,0.042945,0
2.68,0.0429552,0
2.681,0.0429654,0
2.682,0.0429756,0
2.683,0.0429859,0
2.684,0.0429961,0
2.685,0.0430063,0
2.686,0.0430165,0
2.687,0.0430267,0
2.688,0.043037,0
2.689,0.0430472,0
2.69,0.0430574,0
2.691,0.0430677,0
2.692,0.0430779,0
2.693,0.0430882,0
2.694,0.0430984,0
2.695,0.0431086,0
2.696,0.0431189,0
2.697,0.0431291,0
2.698,0.0431394,0
2.699,0.0431496,0
2.7,0.0431599,0
2.701,0.0431701,0
2.702,0.0431804,0
2.703,0.0431907,0
2.704,0.0432009,0
2.705,0.0432112,0
2.706,0.0432215,0
2.707,0.0432317,0
2.708,0.043242,0
2.709,0.0432523,0
2.71,0.0432625,0
2.711,0.0432728,0
2.712,0.0432831,0
2.713,0.0432934,0
2.714,0.0433037,0
2.715,0.0433139,0
2.716,0.0433242,0
2.717,0.0433345,0
2.718,0.0433448,0
2.719,0.0433551,0
2.72,0.0433654,0
2.721,0.0433757,0
2.722,0.043386,0
2.723,0.0433963,0
2.724,0.0434066,0
2.725,0.0434169,0
2.726,0.0434272,0
2.727,0.0434375,0
2.728,0.0434479,0
2.729,0.0434582,0
2.73,0.0434685,0
2.731,0.0434788,0
2.732,0.0434891,0
2.733,0.0434994,0
2.734,0.0435098,0
2.735,0.0435201,0
2.736,0.0435304,0
2.737,0.0435408,0
2.738,0.0435511,0
2.739,0.0435614,0
2.74,0.0435718,0
2.741,0.0435821,0
2.742,0.0435925,0
2.743,0.0436028,0
2.744,0.0436132,0
2.745,0.0436235,0
2.746,0.0436339,0
2.747,0.0436442,0
2.748,0.0436546,0
2.749,0.0436649,0
2.75,0.0436753,0
2.751,0.0436856,0
2.752,0.043696,0
2.753,0.0437064,0
2.754,0.0437167,0
2.755,0.0437271,0
2.756,0.0437375,0
2.757,0.0437479,0
2.758,0.0437582,0
2.759,0.0437686,0
2.76,0.043779,0
2.761,0.0437894,0
2.762,0.0437998,0
2.763,0.0438102,0
2.764,0.0438205,0
2.765,0.0438309,0
2.766,0.0438413,0
2.767,0.0438517,0
2.768,0.0438621,0
2.769,0.0438725,0
2.77,0.0438829,0
2.771,0.0438933,0
2.772,0.0439037,0
2.773,0.0439142,0
2.774,0.0439246,0
2.775,0.043935,0
2.776,0.0439454,0
2.777,0.0439558,0
2.778,0.0439662,0
2.779,0.0439767,0
2.78,0.0439871,0
2.781,0.0439975,0
2.782,0.0440079,0
2.783,0.0440184,0
2.784,0.0440288,0
2.785,0.0440392,0
2.786,0.0440497,0
2.787,0.0440601,0
2.788,0.0440706,0
2.789,0.044081,0
2.79,0.0440914,0
2.791,0.0441019,0
2.792,0.0441123,0
2.793,0.0441228,0
2.794,0.0441332,0
2.795,0.0441437,0
2.796,0.0441542,0
2.797,0.0441646,0
2.798,0.0441751,0
2.799,0.0441856,0
2.8,0.044196,0
2.801,0.0442065,0
2.802,0.044217,0
2.803,0.0442274,0
2.804,0.0442379,0
2.805,0.0442484,0
2.806,0.0442589,0
2.807,0.0442694,0
2.808,0.0442798,0
2.809,0.0442903,0
2.81,0.0443008,0
2.811,0.0443113,0
2.812,0.0443218,0
2.813,0.0443323,0
2.814,0.0443428,0
2.815,0.0443533,0
2.816,0.0443638,0
2.817,0.0443743,0
2.818,0.0443848,0
2.819,0.0443953,0
2.82,0.0444058,0
2.821,0.0444163,0
2.822,0.0444269,0
2.823,0.0444374,0
2.824,0.0444479,0
2.825,0.0444584,0
2.826,0.0444689,0
2.827,0.0444795,0
2.828,0.04449,0
2.829,0.0445005,0
2.83,0.0445111,0
2.831,0.0445216,0
2.832,0.0445321,0
2.833,0.0445427,0
2.834,0.0445532,0
2.835,0.0445638,0
2.836,0.0445743,0
2.837,0.0445849,0
2.838,0.0445954,0
2.839,0.044606,0
2.84,0.0446165,0
2.841,0.0446271,0
2.842,0.0446376,0
2.843,0.0446482,0
2.844,0.0446587,0
2.845,0.0446693,0
2.846,0.0446799,0
2.847,0.0446905,0
2.848,0.044701,0
2.849,0.0447116,0
2.85,0.0447222,0
2.851,0.0447328,0
2.852,0.0447433,0
2.853,0.0447539,0
2.854,0.0447645,0
2.855,0.0447751,0
2.856,0.0447857,0
2.857,0.0447963,0
2.858,0.0448069,0
2.859,0.0448175,0
2.86,0.0448281,0
2.861,0.0448387,0
2.862,0.0448493,0
2.863,0.0448599,0
2.864,0.0448705,0
2.865,0.0448811,0
2.866,0.0448917,0
2.867,0.0449023,0
2.868,0.0449129,0
2.869,0.0449235,0
2.87,0.0449342,0
2.871,0.0449448,0
2.872,0.0449554,0
2.873,0.044966,0
2.874,0.0449767,0
2.875,0.0449873,0
2.876,0.0449979,0
2.877,0.0450086,0
2.878,0.0450192,0
2.879,0.0450298,0
2.88,0.0450405,0
2.881,0.0450511,0
2.882,0.0450618,0
2.883,0.0450724,0
2.884,0.0450831,0
2.885,0.0450937,0
2.886,0.0451044,0
2.887,0.045115,0
2.888,0.0451257,0
2.889,0.0451364,0
2.89,0.045147,0
2.891,0.0451577,0
2.892,0.0451684,0
2.893,0.045179,0
2.894,0.0451897,0
2.895,0.0452004,0
2.896,0.0452111,0
2.897,0.0452217,0
2.898,0.0452324,0
2.899,0.0452431,0
2.9,0.0452538,0
2.901,0.0452645,0
2.902,0.0452752,0
2.903,0.0452859,0
2.904,0.0452966,0
2.905,0.0453073,0
2.906,0.045318,0
2.907,0.0453287,0
2.908,0.0453394,0
2.909,0.0453501,0
2.91,0.0453608,0
2.911,0.0453715,0
2.912,0.0453822,0
2.913,0.0453929,0
2.914,0.0454036,0
2.915,0.0454144,0
2.916,0.0454251,0
2.917,0.0454358,0
2.918,0.0454465,0
2.919,0.0454573,0
2.92,0.045468,0
2.921,0.0454787,0
2.922,0.0454895,0
2.923,0.0455002,0
2.924,0.0455109,0
2.925,0.0455217,0
2.926,0.0455324,0
2.927,0.0455432,0
2.928,0.0455539,0
2.929,0.0455647,0
2.93,0.0455754,0
2.931,0.0455862,0
2.932,0.0455969,0
2.933,0.0456077,0
2.934,0.0456185,0
2.935,0.0456292,0
2.936,0.04564,0
2.937,0.0456508,0
2.938,0.0456615,0
2.939,0.0456723,0
2.94,0.0456831,0
2.941,0.0456939,0
2.942,0.0457046,0
2.943,0.0457154,0
2.944,0.0457262,0
2.945,0.045737,0
2.946,0.0457478,0
2.947,0.0457586,0
2.948,0.0457694,0
2.949,0.0457802,0
2.95,0.045791,0
2.951,0.0458018,0
2.952,0.0458126,0
2.953,0.0458234,0
2.954,0.0458342,0
2.955,0.045845,0
2.956,0.0458558,0
2.957,0.0458666,0
2.958,0.0458774,0
2.959,0.0458882,0
2.96,0.0458991,0
2.961,0.0459099,0
2.962,0.0459207,0
2.963,0.0459315,0
2.964,0.0459424,0
2.965,0.0459532,0
2.966,0.045964,0
2.967,0.0459749,0
2.968,0.0459857,0
2.969,0.0459965,0
2.97,0.0460074,0
2.971,0.0460182,0
2.972,0.0460291,0
2.973,0.0460399,0
2.974,0.0460508,0
2.975,0.0460616,0
2.976,0.0460725,0
2.977,0.0460834,0
2.978,0.0460942,0
2.979,0.0461051,0
2.98,0.0461159,0
2.981,0.0461268,0
2.982,0.0461377,0
2.983,0.0461486,0
2.984,0.0461594,0
2.985,0.0461703,0
2.986,0.0461812,0
2.987,0.0461921,0
2.988,0.0462029,0
2.989,0.0462138,0
2.99,0.0462247,0
2.991,0.0462356,0
2.992,0.0462465,0
2.993,0.0462574,0
2.994,0.0462683,0
2.995,0.0462792,0
2.996,0.0462901,0
2.997,0.046301,0
2.998,0.0463119,0
2.999,0.0463228,0
3,0.0463337,0
3.001,0.0463446,0
3.002,0.0463555,0
3.003,0.0463665,0
3.004,0.0463774,0
3.005,0.0463883,0
3.006,0.0463992,0
3.007,0.0464102,0
3.008,0.0464211,0
3.009,0.046432,0
3.01,0.046443,0
3.011,0.0464539,0
3.012,0.0464648,0
3.013,0.0464758,0
3.014,0.0464867,0
3.015,0.0464977,0
3.016,0.0465086,0
3.017,0.0465195,0
3.018,0.0465305,0
3.019,0.0465415,0
3.02,0.0465524,0
3.021,0.0465634,0
3.022,0.0465743,0
3.023,0.0465853,0
3.024,0.0465963,0
3.025,0.0466072,0
3.026,0.0466182,0
3.027,0.0466292,0
3.028,0.0466401,0
3.029,0.0466511,0
3.03,0.0466621,0
3.031,0.0466731,0
3.032,0.0466841,0
3.033,0.046695,0
3.034,0.046706,0
3.035,0.046717,0
3.036,0.046728,0
3.037,0.046739,0
3.038,0.04675,0
3.039,0.046761,0
3.04,0.046772,0
3.041,0.046783,0
3.042,0.046794,0
3.043,0.046805,0
3.044,0.046816,0
3.045,0.046827,0
3.046,0.0468381,0
3.047,0.0468491,0
3.048,0.0468601,0
3.049,0.0468711,0
3.05,0.0468821,0
3.051,0.0468932,0
3.052,0.0469042,0
3.053,0.0469152,0
3.054,0.0469263,0
3.055,0.0469373,0
3.056,0.0469483,0
3.057,0.0469594,0
3.058,0.0469704,0
3.059,0.0469815,0
3.06,0.0469925,0
3.061,0.0470036,0
3.062,0.0470146,0
3.063,0.0470257,0
3.064,0.0470367,0
3.065,0.0470478,0
3.066,0.0470589,0
3.067,0.0470699,0
3.068,0.047081,0
3.069,0.047092,0
3.07,0.0471031,0
3.071,0.0471142,0
3.072,0.0471253,0
3.073,0.0471363,0
3.074,0.0471474,0
3.075,0.0471585,0
3.076,0.0471696,0
3.077,0.0471807,0
3.078,0.0471918,0
3.079,0.0472029,0
3.08,0.0472139,0
3.081,0.047225,0
3.082,0.0472361,0
3.083,0.0472472,0
3.084,0.0472583,0
3.085,0.0472695,0
3.086,0.0472806,0
3.087,0.0472917,0
3.088,0.0473028,0
3.089,0.0473139,0
3.09,0.047325,0
3.091,0.0473361,0
3.092,0.0473473,0
3.093,0.0473584,0
3.094,0.0473695,0
3.095,0.0473806,0
3.096,0.0473918,0
3.097,0.0474029,0
3.098,0.047414,0
3.099,0.0474252,0
3.1,0.0474363,0
3.101,0.0474474,0
3.102,0.0474586,0
3.103,0.0474697,0
3.104,0.0474809,0
3.105,0.047492,0
3.106,0.0475032,0
3.107,0.0475143,0
3.108,0.0475255,0
3.109,0.0475367,0
3.11,0.0475478,0
3.111,0.047559,0
3.112,0.0475702,0
3.113,0.0475813,0
3.114,0.0475925,0
3.115,0.0476037,0
3.116,0.0476149,0
3.117,0.047626,0
3.118,0.0476372,0
3.119,0.0476484,0
3.12,0.0476596,0
3.121,0.0476708,0
3.122,0.047682,0
3.123,0.0476932,0
3.124,0.0477044,0
3.125,0.0477156,0
3.126,0.0477268,0
3.127,0.047738,0
3.128,0.0477492,0
3.129,0.0477604,0
3.13,0.0477716,0
3.131,0.0477828,0
3.132,0.047794,0
3.133,0.0478052,0
3.134,0.0478164,0
3.135,0.0478277,0
3.136,0.0477889,0
3.137,0.0477001,0
3.138,0.0476113,0
3.139,0.0475226,0
3.14,0.0474338,0
3.141,0.047345,0
3.142,0.0472563,0
3.143,0.0471675,0
3.144,0.0470788,0
3.145,0.04699,0
3.146,0.0469012,0
3.147,0.0468125,0
3.148,0.0467237,0
3.149,0.046635,0
3.15,0.0465463,0
3.151,0.0464575,0
3.152,0.0463688,0
3.153,0.04628,0
3.154,0.0461913,0
3.155,0.0461026,0
3.156,0.0460138,0
3.157,0.0459251,0
3.158,0.0458364,0
3.159,0.0457477,0
3.16,0.0456589,0
3.161,0.0455702,0
3.162,0.0454815,0
3.163,0.0453928,0
3.164,0.0453041,0
3.165,0.0452154,0
3.166,0.0451267,0
3.167,0.0450379,0
3.168,0.0449492,0
3.169,0.0448605,0
3.17,0.0447718,0
3.171,0.0446831,0
3.172,0.0445945,0
3.173,0.0445058,0
3.174,0.0444171,0
3.175,0.0443284,0
3.176,0.0442397,0
3.177,0.044151,0
3.178,0.0440623,0
3.179,0.0439736,0
3.18,0.043885,0
3.181,0.0437963,0
3.182,0.0437076,0
3.183,0.043619,0
3.184,0.0435303,0
3.185,0.0434416,0
3.186,0.043353,0
3.187,0.0432643,0
3.188,0.0431756,0
3.189,0.043087,0
3.19,0.0429983,0
3.191,0.0429097,0
3.192,0.042821,0
3.193,0.0427324,0
3.194,0.0426437,0
3.195,0.0425551,0
3.196,0.0424664,0
3.197,0.0423778,0
3.198,0.0422891,0
3.199,0.0422005,0
3.2,0.0421119,0
3.201,0.0420232,0
3.202,0.0419346,0
3.203,0.041846,0
3.204,0.0417573,0
3.205,0.0416687,0
3.206,0.0415801,0
3.207,0.0414915,0
3.208,0.0414029,0
3.209,0.0413142,0
3.21,0.0412256,0
3.211,0.041137,0
3.212,0.0410484,0
3.213,0.0409598,0
3.214,0.0408712,0
3.215,0.0407826,0
3.216,0.040694,0
3.217,0.0406054,0
3.218,0.0405168,0
3.219,0.0404282,0
3.22,0.0403396,0
3.221,0.040251,0
3.222,0.0401624,0
3.223,0.0400738,0
3.224,0.0399852,0
3.225,0.0398967,0
3.226,0.0398081,0
3.227,0.0397195,0
3.228,0.0396309,0
3.229,0.0395423,0
3.23,0.0394538,0
3.231,0.0393652,0
3.232,0.0392766,0
3.233,0.0391881,0
3.234,0.0390995,0
3.235,0.0390109,0
3.236,0.0389224,0
3.237,0.0388338,0
3.238,0.0387452,0
3.239,0.0386567,0
3.24,0.0385681,0
3.241,0.0384796,0
3.242,0.038391,0
3.243,0.0383025,0
3.244,0.0382139,0
3.245,0.0381254,0
3.246,0.0380368,0
3.247,0.0379483,0
3.248,0.0378598,0
3.249,0.0377712,0
3.25,0.0376827,0
3.251,0.0375941,0
3.252,0.0375056,0
3.253,0.0374171,0
3.254,0.0373286,0
3.255,0.03724,0
3.256,0.0371515,0
3.257,0.037063,0
3.258,0.0369745,0
3.259,0.0368859,0
3.26,0.0367974,0
3.261,0.0367089,0
3.262,0.0366204,0
3.263,0.0365319,0
3.264,0.0364434,0
3.265,0.0363549,0
3.266,0.0362664,0
3.267,0.0361779,0
3.268,0.0360894,0
3.269,0.0360009,0
3.27,0.0359124,0
3.271,0.0358239,0
3.272,0.0357354,0
3.273,0.0356469,0
3.274,0.0355584,0
3.275,0.0354699,0
3.276,0.0353814,0
3.277,0.0352929,0
3.278,0.0352044,0
3.279,0.0351159,0
3.28,0.0350275,0
3.281,0.034939,0
3.282,0.0348505,0
3.283,0.034762,0
3.284,0.0346735,0
3.285,0.0345851,0
3.286,0.0344966,0
3.287,0.0344081,0
3.288,0.0343197,0
3.289,0.0342312,0
3.29,0.0341427,0
3.291,0.0340543,0
3.292,0.0339658,0
3.293,0.0338774,0
3.294,0.0337889,0
3.295,0.0337004,0
3.296,0.033612,0
3.297,0.0335235,0
3.298,0.0334351,0
3.299,0.0333466,0
3.3,0.0332582,0
3.301,0.0331697,0
3.302,0.0330813,0
3.303,0.0329929,0
3.304,0.0329044,0
3.305,0.032816,0
3.306,0.0327275,0
3.307,0.0326391,0
3.308,0.0325507,0
3.309,0.0324622,0
3.31,0.0323738,0
3.311,0.0322854,0
3.312,0.0321969,0
3.313,0.0321085,0
3.314,0.0320201,0
3.315,0.0319317,0
3.316,0.0318433,0
3.317,0.0317548,0
3.318,0.0316664,0
3.319,0.031578,0
3.32,0.0314896,0
3.321,0.0314012,0
3.322,0.0313128,0
3.323,0.0312244,0
3.324,0.0311359,0
3.325,0.0310475,0
3.326,0.0309591,0
3.327,0.0308707,0
3.328,0.0307823,0
3.329,0.0306939,0
3.33,0.0306055,0
3.331,0.0305171,0
3.332,0.0304287,0
3.333,0.0303403,0
3.334,0.0302519,0
3.335,0.0301636,0
3.336,0.0300752,0
3.337,0.0299868,0
3.338,0.0298984,0
3.339,0.02981,0
3.34,0.0297216,0
3.341,0.0296332,0
3.342,0.0295449,0
3.343,0.0294565,0
3.344,0.0293681,0
3.345,0.0292797,0
3.346,0.0291913,0
3.347,0.029103,0
3.348,0.0290146,0
3.349,0.0289262,0
3.35,0.0288379,0
3.351,0.0287495,0
3.352,0.0286611,0
3.353,0.0285728,0
3.354,0.0284844,0
3.355,0.028396,0
3.356,0.0283077,0
3.357,0.0282193,0
3.358,0.028131,0
3.359,0.0280426,0
3.36,0.0279542,0
3.361,0.0278659,0
3.362,0.0277775,0
3.363,0.0276892,0
3.364,0.0276008,0
3.365,0.0275125,0
3.366,0.0274241,0
3.367,0.0273358,0
3.368,0.0272475,0
3.369,0.0271591,0
3.37,0.0270708,0
3.371,0.0269824,0
3.372,0.0268941,0
3.373,0.0268058,0
3.374,0.0267174,0
3.375,0.0266291,0
3.376,0.0265408,0
3.377,0.0264524,0
3.378,0.0263641,0
3.379,0.0262758,0
3.38,0.0261874,0
3.381,0.0260991,0
3.382,0.0260108,0
3.383,0.0259225,0
3.384,0.0258341,0
3.385,0.0257458,0
3.386,0.0256575,0
3.387,0.0255692,0
3.388,0.0254809,0
3.389,0.0253926,0
3.39,0.0253042,0
3.391,0.0252159,0
3.392,0.0251276,0
3.393,0.0250393,0
3.394,0.024951,0
3.395,0.0248627,0
3.396,0.0247744,0
3.397,0.0246861,0
3.398,0.0245978,0
3.399,0.0245095,0
3.4,0.0244212,0
3.401,0.0243329,0
3.402,0.0242446,0
3.403,0.0241563,0
3.404,0.024068,0
3.405,0.0239797,0
3.406,0.0238914,0
3.407,0.0238031,0
3.408,0.0237148,0
3.409,0.0236265,0
3.41,0.0235382,0
3.411,0.0234499,0
3.412,0.0233616,0
3.413,0.0232733,0
3.414,0.0231851,0
3.415,0.0230968,0
3.416,0.0230085,0
3.417,0.0229202,0
3.418,0.0228319,0
3.419,0.0227437,0
3.42,0.0226554,0
3.421,0.0225671,0
3.422,0.0224788,0
3.423,0.0223906,0
3.424,0.0223023,0
3.425,0.022214,0
3.426,0.0221257,0
3.427,0.0220375,0
3.428,0.0219492,0
3.429,0.0218609,0
3.43,0.0217727,0
3.431,0.0216844,0
3.432,0.0215961,0
3.433,0.0215079,0
3.434,0.0214196,0
3.435,0.0213313,0
3.436,0.0212431,0
3.437,0.0211548,0
3.438,0.0210666,0
3.439,0.0209783,0
3.44,0.0208901,0
3.441,0.0208018,0
3.442,0.0207135,0
3.443,0.0206253,0
3.444,0.020537,0
3.445,0.0204488,0
3.446,0.0203605,0
3.447,0.0202723,0
3.448,0.020184,0
3.449,0.0200958,0
3.45,0.0200076,0
3.451,0.0199193,0
3.452,0.0198311,0
3.453,0.0197428,0
3.454,0.0196546,0
3.455,0.0195663,0
3.456,0.0194781,0
3.457,0.0193899,0
3.458,0.0193016,0
3.459,0.0192134,0
3.46,0.0191252,0
3.461,0.0190369,0
3.462,0.0189487,0
3.463,0.0188605,0
3.464,0.0187722,0
3.465,0.018684,0
3.466,0.0185958,0
3.467,0.0185075,0
3.468,0.0184193,0
3.469,0.0183311,0
3.47,0.0182429,0
3.471,0.0181546,0
3.472,0.0180664,0
3.473,0.0179782,0
3.474,0.01789,0
3.475,0.0178017,0
3.476,0.0177135,0
3.477,0.0176253,0
3.478,0.0175371,0
3.479,0.0174489,0
3.48,0.0173606,0
3.481,0.0172724,0
3.482,0.0171842,0
3.483,0.017096,0
3.484,0.0170078,0
3.485,0.0169196,0
3.486,0.0168314,0
3.487,0.0167432,0
3.488,0.0166549,0
3.489,0.0165667,0
3.49,0.0164785,0
3.491,0.0163903,0
3.492,0.0163021,0
3.493,0.0162139,0
3.494,0.0161257,0
3.495,0.0160375,0
3.496,0.0159493,0
3.497,0.0158611,0
3.498,0.0157729,0
3.499,0.0156847,0
3.5,0.0155965,0
3.501,0.0155083,0
3.502,0.0154201,0
3.503,0.0153319,0
3.504,0.0152437,0
3.505,0.0151555,0
3.506,0.0150673,0
3.507,0.0149791,0
3.508,0.0148909,0
3.509,0.0148027,0
3.51,0.0147145,0
3.511,0.0146263,0
3.512,0.0145382,0
3.513,0.01445,0
3.514,0.0143618,0
3.515,0.0142736,0
3.516,0.0141854,0
3.517,0.0140972,0
3.518,0.014009,0
3.519,0.0139208,0
3.52,0.0138327,0
3.521,0.0137445,0
3.522,0.0136563,0
3.523,0.0135681,0
3.524,0.0134799,0
3.525,0.0133917,0
3.526,0.0133036,0
3.527,0.0132154,0
3.528,0.0131272,0
3.529,0.013039,0
3.53,0.0129508,0
3.531,0.0128627,0
3.532,0.0127745,0
3.533,0.0126863,0
3.534,0.0125981,0
3.535,0.01251,0
3.536,0.0124218,0
3.537,0.0123336,0
3.538,0.0122454,0
3.539,0.0121573,0
3.54,0.0120691,0
3.541,0.0119809,0
3.542,0.0118928,0
3.543,0.0118046,0
3.544,0.0117164,0
3.545,0.0116283,0
3.546,0.0115401,0
3.547,0.0114519,0
3.548,0.0113638,0
3.549,0.0112756,0
3.55,0.0111874,0
3.551,0.0110993,0
3.552,0.0110111,0
3.553,0.0109229,0
3.554,0.0108348,0
3.555,0.0107466,0
3.556,0.0106584,0
3.557,0.0105703,0
3.558,0.0104821,0
3.559,0.010394,0
3.56,0.0103058,0
3.561,0.0102176,0
3.562,0.0101295,0
3.563,0.0100413,0
3.564,0.00995316,0
3.565,0.00986501,0
3.566,0.00977685,0
3.567,0.00968869,0
3.568,0.00960054,0
3.569,0.00951238,0
3.57,0.00942423,0
3.571,0.00933607,0
3.572,0.00924792,0
3.573,0.00915976,0
3.574,0.00907161,0
3.575,0.00898346,0
3.576,0.00889531,0
3.577,0.00880716,0
3.578,0.008719,0
3.579,0.00863085,0
3.58,0.0085427,0
3.581,0.00845455,0
3.582,0.0083664,0
3.583,0.00827825,0
3.584,0.00819011,0
3.585,0.00810196,0
3.586,0.00801381,0
3.587,0.00792566,0
3.588,0.00783752,0
3.589,0.00774937,0
3.59,0.00766122,0
3.591,0.00757308,0
3.592,0.00748493,0
3.593,0.00739679,0
3.594,0.00730864,0
3.595,0.0072205,0
3.596,0.00713235,0
3.597,0.00704421,0
3.598,0.00695607,0
3.599,0.00686792,0
3.6,0.00677978,0
3.601,0.00669164,0
3.602,0.0066035,0
3.603,0.00651536,0
3.604,0.00642722,0
3.605,0.00633908,0
3.606,0.00625093,0
3.607,0.00616279,0
3.608,0.00607465,0
3.609,0.00598652,0
3.61,0.00589838,0
3.611,0.00581024,0
3.612,0.0057221,0
3.613,0.00563396,0
3.614,0.00554582,0
3.615,0.00545768,0
3.616,0.00536955,0
3.617,0.00528141,0
3.618,0.00519327,0
3.619,0.00510514,0
3.62,0.005017,0
3.621,0.00492886,0
3.622,0.00484073,0
3.623,0.00475259,0
3.624,0.00466446,0
3.625,0.00457632,0
3.626,0.00448819,0
3.627,0.00440005,0
3.628,0.00431192,0
3.629,0.00422378,0
3.63,0.00413565,0
3.631,0.00404752,0
3.632,0.00395938,0
3.633,0.00387125,0
3.634,0.00378312,0
3.635,0.00369498,0
3.636,0.00360685,0
3.637,0.00351872,0
3.638,0.00343059,0
3.639,0.00334245,0
3.64,0.00325432,0
3.641,0.00316619,0
3.642,0.00307806,0
3.643,0.00298993,0
3.644,0.00290179,0
3.645,0.00281366,0
3.646,0.00272553,0
3.647,0.0026374,0
3.648,0.00254927,0
3.649,0.00246114,0
3.65,0.00237301,0
3.651,0.00228488,0
3.652,0.00219675,0
3.653,0.00210862,0
3.654,0.00202049,0
3.655,0.00193236,0
3.656,0.00184423,0
3.657,0.0017561,0
3.658,0.00166797,0
3.659,0.00157984,0
3.66,0.00149171,0
3.661,0.00140358,0
3.662,0.00131545,0
3.663,0.00122732,0
3.664,0.00113919,0
3.665,0.00105106,0
3.666,0.000962933,0
3.667,0.000874804,0
3.668,0.000786675,0
3.669,0.000698546,0
3.67,0.000610417,0
3.671,0.000522288,0
3.672,0.000434159,0
3.673,0.00034603,0
3.674,0.000257901,0
3.675,0.000169772,0
3.676,8.16429e-05,0
3.677,-6.48604e-06,0
3.678,-9.46149e-05,0
3.679,-0.000182744,0
3.68,-0.000270873,0
3.681,-0.000359002,0
3.682,-0.000447131,0
3.683,-0.00053526,0
3.684,-0.000623389,0
3.685,-0.000711518,0
3.686,-0.000799647,0
3.687,-0.000887776,0
3.688,-0.000975905,0
3.689,-0.00106403,0
3.69,-0.00115216,0
3.691,-0.00124029,0
3.692,-0.00132842,0
3.693,-0.00141655,0
3.694,-0.00150468,0
3.695,-0.00159281,0
3.696,-0.00168094,0
3.697,-0.00176907,0
3.698,-0.0018572,0
3.699,-0.00194533,0
3.7,-0.00203346,0
3.701,-0.00212159,0
3.702,-0.00220972,0
3.703,-0.00229785,0
3.704,-0.00238598,0
3.705,-0.00247411,0
3.706,-0.00256224,0
3.707,-0.00265037,0
3.708,-0.0027385,0
3.709,-0.00282664,0
3.71,-0.00291477,0
3.711,-0.0030029,0
3.712,-0.00309103,0
3.713,-0.00317916,0
3.714,-0.00326729,0
3.715,-0.00335543,0
3.716,-0.00344356,0
3.717,-0.00353169,0
3.718,-0.00361982,0
3.719,-0.00370796,0
3.72,-0.00379609,0
3.721,-0.00388422,0
3.722,-0.00397236,0
3.723,-0.00406049,0
3.724,-0.00414862,0
3.725,-0.00423676,0
3.726,-0.00432489,0
3.727,-0.00441303,0
3.728,-0.00450116,0
3.729,-0.0045893,0
3.73,-0.00467743,0
3.731,-0.00476557,0
3.732,-0.0048537,0
3.733,-0.00494184,0
3.734,-0.00502997,0
3.735,-0.00511811,0
3.736,-0.00520625,0
3.737,-0.00529438,0
3.738,-0.00538252,0
3.739,-0.00547066,0
3.74,-0.0055588,0
3.741,-0.00564693,0
3.742,-0.00573507,0
3.743,-0.00582321,0
3.744,-0.00591135,0
3.745,-0.00599949,0
3.746,-0.00608763,0
3.747,-0.00617577,0
3.748,-0.00626391,0
3.749,-0.00635205,0
3.75,-0.00644019,0
3.751,-0.00652833,0
3.752,-0.00661647,0
3.753,-0.00670461,0
3.754,-0.00679276,0
3.755,-0.0068809,0
3.756,-0.00696904,0
3.757,-0.00705718,0
3.758,-0.00714533,0
3.759,-0.00723347,0
3.76,-0.00732162,0
3.761,-0.00740976,0
3.762,-0.00749791,0
3.763,-0.00758605,0
3.764,-0.0076742,0
3.765,-0.00776234,0
3.766,-0.00785049,0
3.767,-0.00793864,0
3.768,-0.00802678,0
3.769,-0.00811493,0
3.77,-0.00820308,0
3.771,-0.00829123,0
3.772,-0.00837938,0
3.773,-0.00846753,0
3.774,-0.00855568,0
3.775,-0.00864383,0
3.776,-0.00873198,0
3.777,-0.00882013,0
3.778,-0.00890828,0
3.779,-0.00899643,0
3.78,-0.00908459,0
3.781,-0.00917274,0
3.782,-0.00926089,0
3.783,-0.00934905,0
3.784,-0.0094372,0
3.785,-0.00952536,0
3.786,-0.00961351,0
3.787,-0.00970167,0
3.788,-0.00978983,0
3.789,-0.00987798,0
3.79,-0.00996614,0
3.791,-0.0100543,0
3.792,-0.0101425,0
3.793,-0.0102306,0
3.794,-0.0103188,0
3.795,-0.0104069,0
3.796,-0.0104951,0
3.797,-0.0105833,0
3.798,-0.0106714,0
3.799,-0.0107596,0
3.8,-0.0108477,0
3.801,-0.0109359,0
3.802,-0.0110241,0
3.803,-0.0111122,0
3.804,-0.0112004,0
3.805,-0.0112886,0
3.806,-0.0113767,0
3.807,-0.0114649,0
3.808,-0.0115531,0
3.809,-0.0116412,0
3.81,-0.0117294,0
3.811,-0.0118176,0
3.812,-0.0119057,0
3.813,-0.0119939,0
3.814,-0.0120821,0
3.815,-0.0121703,0
3.816,-0.0122584,0
3.817,-0.0123466,0
3.818,-0.0124348,0
3.819,-0.0125229,0
3.82,-0.0126111,0
3.821,-0.0126993,0
3.822,-0.0127875,0
3.823,-0.0128757,0
3.824,-0.0129638,0
3.825,-0.013052,0
3.826,-0.0131402,0
3.827,-0.0132284,0
3.828,-0.0133165,0
3.829,-0.0134047,0
3.83,-0.0134929,0
3.831,-0.0135811,0
3.832,-0.0136693,0
3.833,-0.0137575,0
3.834,-0.0138456,0
3.835,-0.0139338,0
3.836,-0.014022,0
3.837,-0.0141102,0
3.838,-0.0141984,0
3.839,-0.0142866,0
3.84,-0.0143748,0
3.841,-0.0144629,0
3.842,-0.0145511,0
3.843,-0.0146393,0
3.844,-0.0147275,0
3.845,-0.0148157,0
3.846,-0.0149039,0
3.847,-0.0149921,0
3.848,-0.0150803,0
3.849,-0.0151685,0
3.85,-0.0152567,0
3.851,-0.0153449,0
3.852,-0.0154331,0
3.853,-0.0155213,0
3.854,-0.0156095,0
3.855,-0.0156977,0
3.856,-0.0157859,0
3.857,-0.0158741,0
3.858,-0.0159623,0
3.859,-0.0160505,0
3.86,-0.0161387,0
3.861,-0.0162269,0
3.862,-0.0163151,0
3.863,-0.0164033,0
3.864,-0.0164915,0
3.865,-0.0165797,0
3.866,-0.0166679,0
3.867,-0.0167561,0
3.868,-0.0168444,0
3.869,-0.0169326,0
3.87,-0.0170208,0
3.871,-0.017109,0
3.872,-0.0171972,0
3.873,-0.0172854,0
3.874,-0.0173736,0
3.875,-0.0174619,0
3.876,-0.0175501,0
3.877,-0.0176383,0
3.878,-0.0177265,0
3.879,-0.0178147,0
3.88,-0.0179029,0
3.881,-0.0179912,0
3.882,-0.0180794,0
3.883,-0.0181676,0
3.884,-0.0182558,0
3.885,-0.0183441,0
3.886,-0.0184323,0
3.887,-0.0185205,0
3.888,-0.0186088,0
3.889,-0.018697,0
3.89,-0.0187852,0
3.891,-0.0188734,0
3.892,-0.0189617,0
3.893,-0.0190499,0
3.894,-0.0191381,0
3.895,-0.0192264,0
3.896,-0.0193146,0
3.897,-0.0194029,0
3.898,-0.0194911,0
3.899,-0.0195793,0
3.9,-0.0196676,0
3.901,-0.0197558,0
3.902,-0.0198441,0
3.903,-0.0199323,0
3.904,-0.0200205,0
3.905,-0.0201088,0
3.906,-0.020197,0
3.907,-0.0202853,0
3.908,-0.0203735,0
3.909,-0.0204618,0
3.91,-0.02055,0
3.911,-0.0206383,0
3.912,-0.0207265,0
3.913,-0.0208148,0
3.914,-0.020903,0
3.915,-0.0209913,0
3.916,-0.0210796,0
3.917,-0.0211678,0
3.918,-0.0212561,0
3.919,-0.0213443,0
3.92,-0.0214326,0
3.921,-0.0215209,0
3.922,-0.0216091,0
3.923,-0.0216974,0
3.924,-0.0217857,0
3.925,-0.0218739,0
3.926,-0.0219622,0
3.927,-0.0220505,0
3.928,-0.0221387,0
3.929,-0.022227,0
3.93,-0.0223153,0
3.931,-0.0224035,0
3.932,-0.0224918,0
3.933,-0.0225801,0
3.934,-0.0226684,0
3.935,-0.0227567,0
3.936,-0.0228449,0
3.937,-0.0229332,0
3.938,-0.0230215,0
3.939,-0.0231098,0
3.94,-0.0231981,0
3.941,-0.0232863,0
3.942,-0.0233746,0
3.943,-0.0234629,0
3.944,-0.0235512,0
3.945,-0.0236395,0
3.946,-0.0237278,0
3.947,-0.0238161,0
3.948,-0.0239044,0
3.949,-0.0239927,0
3.95,-0.024081,0
3.951,-0.0241693,0
3.952,-0.0242576,0
3.953,-0.0243459,0
3.954,-0.0244342,0
3.955,-0.0245225,0
3.956,-0.0246108,0
3.957,-0.0246991,0
3.958,-0.0247874,0
3.959,-0.0248757,0
3.96,-0.024964,0
3.961,-0.0250523,0
3.962,-0.0251406,0
3.963,-0.0252289,0
3.964,-0.0253172,0
3.965,-0.0254055,0
3.966,-0.0254939,0
3.967,-0.0255822,0
3.968,-0.0256705,0
3.969,-0.0257588,0
3.97,-0.0258471,0
3.971,-0.0259355,0
3.972,-0.0260238,0
3.973,-0.0261121,0
3.974,-0.0262004,0
3.975,-0.0262888,0
3.976,-0.0263771,0
3.977,-0.0264654,0
3.978,-0.0265538,0
3.979,-0.0266421,0
3.98,-0.0267304,0
3.981,-0.0268188,0
3.982,-0.0269071,0
3.983,-0.0269954,0
3.984,-0.0270838,0
3.985,-0.0271721,0
3.986,-0.0272605,0
3.987,-0.0273488,0
3.988,-0.0274371,0
3.989,-0.0275255,0
3.99,-0.0276138,0
3.991,-0.0277022,0
3.992,-0.0277905,0
3.993,-0.0278789,0
3.994,-0.0279673,0
3.995,-0.0280556,0
3.996,-0.028144,0
3.997,-0.0282323,0
3.998,-0.0283207,0
3.999,-0.028409,0
4,-0.0284974,0
4.001,-0.0285858,0
4.002,-0.0286741,0
4.003,-0.0287625,0
4.004,-0.0288509,0
4.005,-0.0289392,0
4.006,-0.0290276,0
4.007,-0.029116,0
4.008,-0.0292044,0
4.009,-0.0292927,0
4.01,-0.0293811,0
4.011,-0.0294695,0
4.012,-0.0295579,0
4.013,-0.0296462,0
4.014,-0.0297346,0
4.015,-0.029823,0
4.016,-0.0299114,0
4.017,-0.0299998,0
4.018,-0.0300882,0
4.019,-0.0301766,0
4.02,-0.030265,0
4.021,-0.0303533,0
4.022,-0.0304417,0
4.023,-0.0305301,0
4.024,-0.0306185,0
4.025,-0.0307069,0
4.026,-0.0307953,0
4.027,-0.0308837,0
4.028,-0.0309721,0
4.029,-0.0310605,0
4.03,-0.031149,0
4.031,-0.0312374,0
4.032,-0.0313258,0
4.033,-0.0314142,0
4.034,-0.0315026,0
4.035,-0.031591,0
4.036,-0.0316794,0
4.037,-0.0317678,0
4.038,-0.0318563,0
4.039,-0.0319447,0
4.04,-0.0320331,0
4.041,-0.0321215,0
4.042,-0.03221,0
4.043,-0.0322984,0
4.044,-0.0323868,0
4.045,-0.0324753,0
4.046,-0.0325637,0
4.047,-0.0326521,0
4.048,-0.0327406,0
4.049,-0.032829,0
4.05,-0.0329174,0
4.051,-0.0330059,0
4.052,-0.0330943,0
4.053,-0.0331828,0
4.054,-0.0332712,0
4.055,-0.0333597,0
4.056,-0.0334481,0
4.057,-0.0335366,0
4.058,-0.033625,0
4.059,-0.0337135,0
4.06,-0.0338019,0
4.061,-0.0338904,0
4.062,-0.0339788,0
4.063,-0.0340673,0
4.064,-0.0341558,0
4.065,-0.0342442,0
4.066,-0.0343327,0
4.067,-0.0344212,0
4.068,-0.0345096,0
4.069,-0.0345981,0
4.07,-0.0346866,0
4.071,-0.034775,0
4.072,-0.0348635,0
4.073,-0.034952,0
4.074,-0.0350405,0
4.075,-0.035129,0
4.076,-0.0352174,0
4.077,-0.0353059,0
4.078,-0.0353944,0
4.079,-0.0354829,0
4.08,-0.0355714,0
4.081,-0.0356599,0
4.082,-0.0357484,0
4.083,-0.0358369,0
4.084,-0.0359254,0
4.085,-0.0360139,0
4.086,-0.0361024,0
4.087,-0.0361909,0
4.088,-0.0362794,0
4.089,-0.0363679,0
4.09,-0.0364564,0
4.091,-0.0365449,0
4.092,-0.0366334,0
4.093,-0.0367219,0
4.094,-0.0368105,0
4.095,-0.036899,0
4.096,-0.0369875,0
4.097,-0.037076,0
4.098,-0.0371645,0
4.099,-0.0372531,0
4.1,-0.0373416,0
4.101,-0.0374301,0
4.102,-0.0375186,0
4.103,-0.0376072,0
4.104,-0.0376957,0
4.105,-0.0377843,0
4.106,-0.0378728,0
4.107,-0.0379613,0
4.108,-0.0380499,0
4.109,-0.0381384,0
4.11,-0.038227,0
4.111,-0.0383155,0
4.112,-0.0384041,0
4.113,-0.0384926,0
4.114,-0.0385812,0
4.115,-0.0386697,0
4.116,-0.0387583,0
4.117,-0.0388468,0
4.118,-0.0389354,0
4.119,-0.039024,0
4.12,-0.0391125,0
4.121,-0.0392011,0
4.122,-0.0392897,0
4.123,-0.0393782,0
4.124,-0.0394668,0
4.125,-0.0395554,0
4.126,-0.039644,0
4.127,-0.0397325,0
4.128,-0.0398211,0
4.129,-0.0399097,0
4.13,-0.0399983,0
4.131,-0.0400869,0
4.132,-0.0401755,0
4.133,-0.040264,0
4.134,-0.0403526,0
4.135,-0.0404412,0
4.136,-0.0405298,0
4.137,-0.0406184,0
4.138,-0.040707,0
4.139,-0.0407956,0
4.14,-0.0408842,0
4.141,-0.0409728,0
4.142,-0.0410615,0
4.143,-0.0411501,0
4.144,-0.0412387,0
4.145,-0.0413273,0
4.146,-0.0414159,0
4.147,-0.0415045,0
4.148,-0.0415931,0
4.149,-0.0416818,0
4.15,-0.0417704,0
4.151,-0.041859,0
4.152,-0.0419477,0
4.153,-0.0420363,0
4.154,-0.0421249,0
4.155,-0.0422136,0
4.156,-0.0423022,0
4.157,-0.0423908,0
4.158,-0.0424795,0
4.159,-0.0425681,0
4.16,-0.0426568,0
4.161,-0.0427454,0
4.162,-0.0428341,0
4.163,-0.0429227,0
4.164,-0.0430114,0
4.165,-0.0431,0
4.166,-0.0431887,0
4.167,-0.0432773,0
4.168,-0.043366,0
4.169,-0.0434547,0
4.17,-0.0435433,0
4.171,-0.043632,0
4.172,-0.0437207,0
4.173,-0.0438093,0
4.174,-0.043898,0
4.175,-0.0439867,0
4.176,-0.0440754,0
4.177,-0.0441641,0
4.178,-0.0442527,0
4.179,-0.0443414,0
4.18,-0.0444301,0
4.181,-0.0445188,0
4.182,-0.0446075,0
4.183,-0.0446962,0
4.184,-0.0447849,0
4.185,-0.0448736,0
4.186,-0.0449623,0
4.187,-0.045051,0
4.188,-0.0451397,0
4.189,-0.0452284,0
4.19,-0.0453171,0
4.191,-0.0454058,0
4.192,-0.0454946,0
4.193,-0.0455833,0
4.194,-0.045672,0
4.195,-0.0457607,0
4.196,-0.0458494,0
4.197,-0.0459382,0
4.198,-0.0460269,0
4.199,-0.0461156,0
4.2,-0.0462044,0
4.201,-0.0462931,0
4.202,-0.0463818,0
4.203,-0.0464706,0
4.204,-0.0465593,0
4.205,-0.0466481,0
4.206,-0.0467368,0
4.207,-0.0468256,0
4.208,-0.0469143,0
4.209,-0.0470031,0
4.21,-0.0470918,0
4.211,-0.0471806,0
4.212,-0.0472693,0
4.213,-0.0473581,0
4.214,-0.0474469,0
4.215,-0.0475356,0
4.216,-0.0476244,0
4.217,-0.0477132,0
4.218,-0.0478019,0
4.219,-0.0478407,0
4.22,-0.0478295,0
4.221,-0.0478183,0
4.222,-0.0478071,0
4.223,-0.0477959,0
4.224,-0.0477846,0
4.225,-0.0477734,0
4.226,-0.0477622,0
4.227,-0.047751,0
4.228,-0.0477398,0
4.229,-0.0477286,0
4.23,-0.0477174,0
4.231,-0.0477062,0
4.232,-0.047695,0
4.233,-0.0476838,0
4.234,-0.0476727,0
4.235,-0.0476615,0
4.236,-0.0476503,0
4.237,-0.0476391,0
4.238,-0.0476279,0
4.239,-0.0476168,0
4.24,-0.0476056,0
4.241,-0.0475944,0
4.242,-0.0475832,0
4.243,-0.0475721,0
4.244,-0.0475609,0
4.245,-0.0475497,0
4.246,-0.0475386,0
4.247,-0.0475274,0
4.248,-0.0475163,0
4.249,-0.0475051,0
4.25,-0.047494,0
4.251,-0.0474828,0
4.252,-0.0474717,0
4.253,-0.0474605,0
4.254,-0.0474494,0
4.255,-0.0474382,0
4.256,-0.0474271,0
4.257,-0.047416,0
4.258,-0.0474048,0
4.259,-0.0473937,0
4.26,-0.0473826,0
4.261,-0.0473715,0
4.262,-0.0473603,0
4.263,-0.0473492,0
4.264,-0.0473381,0
4.265,-0.047327,0
4.266,-0.0473159,0
4.267,-0.0473048,0
4.268,-0.0472936,0
4.269,-0.0472825,0
4.27,-0.0472714,0
4.271,-0.0472603,0
4.272,-0.0472492,0
4.273,-0.0472381,0
4.274,-0.047227,0
4.275,-0.0472159,0
4.276,-0.0472049,0
4.277,-0.0471938,0
4.278,-0.0471827,0
4.279,-0.0471716,0
4.28,-0.0471605,0
4.281,-0.0471494,0
4.282,-0.0471384,0
4.283,-0.0471273,0
4.284,-0.0471162,0
4.285,-0.0471051,0
4.286,-0.0470941,0
4.287,-0.047083,0
4.288,-0.0470719,0
4.289,-0.0470609,0
4.29,-0.0470498,0
4.291,-0.0470388,0
4.292,-0.0470277,0
4.293,-0.0470167,0
4.294,-0.0470056,0
4.295,-0.0469946,0
4.296,-0.0469835,0
4.297,-0.0469725,0
4.298,-0.0469614,0
4.299,-0.0469504,0
4.3,-0.0469394,0
4.301,-0.0469283,0
4.302,-0.0469173,0
4.303,-0.0469063,0
4.304,-0.0468952,0
4.305,-0.0468842,0
4.306,-0.0468732,0
4.307,-0.0468622,0
4.308,-0.0468512,0
4.309,-0.0468401,0
4.31,-0.0468291,0
4.311,-0.0468181,0
4.312,-0.0468071,0
4.313,-0.0467961,0
4.314,-0.0467851,0
4.315,-0.0467741,0
4.316,-0.0467631,0
4.317,-0.0467521,0
4.318,-0.0467411,0
4.319,-0.0467301,0
4.32,-0.0467191,0
4.321,-0.0467081,0
4.322,-0.0466972,0
4.323,-0.0466862,0
4.324,-0.0466752,0
4.325,-0.0466642,0
4.326,-0.0466532,0
4.327,-0.0466423,0
4.328,-0.0466313,0
4.329,-0.0466203,0
4.33,-0.0466094,0
4.331,-0.0465984,0
4.332,-0.0465874,0
4.333,-0.0465765,0
4.334,-0.0465655,0
4.335,-0.0465546,0
4.336,-0.0465436,0
4.337,-0.0465327,0
4.338,-0.0465217,0
4.339,-0.0465108,0
4.34,-0.0464998,0
4.341,-0.0464889,0
4.342,-0.0464779,0
4.343,-0.046467,0
4.344,-0.0464561,0
4.345,-0.0464451,0
4.346,-0.0464342,0
4.347,-0.0464233,0
4.348,-0.0464124,0
4.349,-0.0464014,0
4.35,-0.0463905,0
4.351,-0.0463796,0
4.352,-0.0463687,0
4.353,-0.0463578,0
4.354,-0.0463468,0
4.355,-0.0463359,0
4.356,-0.046325,0
4.357,-0.0463141,0
4.358,-0.0463032,0
4.359,-0.0462923,0
4.36,-0.0462814,0
4.361,-0.0462705,0
4.362,-0.0462596,0
4.363,-0.0462487,0
4.364,-0.0462378,0
4.365,-0.046227,0
4.366,-0.0462161,0
4.367,-0.0462052,0
4.368,-0.0461943,0
4.369,-0.0461834,0
4.37,-0.0461726,0
4.371,-0.0461617,0
4.372,-0.0461508,0
4.373,-0.0461399,0
4.374,-0.0461291,0
4.375,-0.0461182,0
4.376,-0.0461073,0
4.377,-0.0460965,0
4.378,-0.0460856,0
4.379,-0.0460748,0
4.38,-0.0460639,0
4.381,-0.0460531,0
4.382,-0.0460422,0
4.383,-0.0460314,0
4.384,-0.0460205,0
4.385,-0.0460097,0
4.386,-0.0459988,0
4.387,-0.045988,0
4.388,-0.0459772,0
4.389,-0.0459663,0
4.39,-0.0459555,0
4.391,-0.0459447,0
4.392,-0.0459338,0
4.393,-0.045923,0
4.394,-0.0459122,0
4.395,-0.0459014,0
4.396,-0.0458906,0
4.397,-0.0458797,0
4.398,-0.0458689,0
4.399,-0.0458581,0
4.4,-0.0458473,0
4.401,-0.0458365,0
4.402,-0.0458257,0
4.403,-0.0458149,0
4.404,-0.0458041,0
4.405,-0.0457933,0
4.406,-0.0457825,0
4.407,-0.0457717,0
4.408,-0.0457609,0
4.409,-0.0457501,0
4.41,-0.0457394,0
4.411,-0.0457286,0
4.412,-0.0457178,0
4.413,-0.045707,0
4.414,-0.0456962,0
4.415,-0.0456855,0
4.416,-0.0456747,0
4.417,-0.0456639,0
4.418,-0.0456531,0
4.419,-0.0456424,0
4.42,-0.0456316,0
4.421,-0.0456209,0
4.422,-0.0456101,0
4.423,-0.0455993,0
4.424,-0.0455886,0
4.425,-0.0455778,0
4.426,-0.0455671,0
4.427,-0.0455563,0
4.428,-0.0455456,0
4.429,-0.0455348,0
4.43,-0.0455241,0
4.431,-0.0455134,0
4.432,-0.0455026,0
4.433,-0.0454919,0
4.434,-0.0454812,0
4.435,-0.0454704,0
4.436,-0.0454597,0
4.437,-0.045449,0
4.438,-0.0454382,0
4.439,-0.0454275,0
4.44,-0.0454168,0
4.441,-0.0454061,0
4.442,-0.0453954,0
4.443,-0.0453847,0
4.444,-0.0453739,0
4.445,-0.0453632,0
4.446,-0.0453525,0
4.447,-0.0453418,0
4.448,-0.0453311,0
4.449,-0.0453204,0
4.45,-0.0453097,0
4.451,-0.045299,0
4.452,-0.0452883,0
4.453,-0.0452777,0
4.454,-0.045267,0
4.455,-0.0452563,0
4.456,-0.0452456,0
4.457,-0.0452349,0
4.458,-0.0452242,0
4.459,-0.0452136,0
4.46,-0.0452029,0
4.461,-0.0451922,0
4.462,-0.0451815,0
4.463,-0.0451709,0
4.464,-0.0451602,0
4.465,-0.0451495,0
4.466,-0.0451389,0
4.467,-0.0451282,0
4.468,-0.0451176,0
4.469,-0.0451069,0
4.47,-0.0450963,0
4.471,-0.0450856,0
4.472,-0.045075,0
4.473,-0.0450643,0
4.474,-0.0450537,0
4.475,-0.045043,0
4.476,-0.0450324,0
4.477,-0.0450217,0
4.478,-0.0450111,0
4.479,-0.0450005,0
4.48,-0.0449898,0
4.481,-0.0449792,0
4.482,-0.0449686,0
4.483,-0.044958,0
4.484,-0.0449473,0
4.485,-0.0449367,0
4.486,-0.0449261,0
4.487,-0.0449155,0
4.488,-0.0449049,0
4.489,-0.0448943,0
4.49,-0.0448837,0
4.491,-0.0448731,0
4.492,-0.0448624,0
4.493,-0.0448518,0
4.494,-0.0448412,0
4.495,-0.0448306,0
4.496,-0.0448201,0
4.497,-0.0448095,0
4.498,-0.0447989,0
4.499,-0.0447883,0
4.5,-0.0447777,0
4.501,-0.0447671,0
4.502,-0.0447565,0
4.503,-0.0447459,0
4.504,-0.0447354,0
4.505,-0.0447248,0
4.506,-0.0447142,0
4.507,-0.0447036,0
4.508,-0.0446931,0
4.509,-0.0446825,0
4.51,-0.0446719,0
4.511,-0.0446614,0
4.512,-0.0446508,0
4.513,-0.0446403,0
4.514,-0.0446297,0
4.515,-0.0446192,0
4.516,-0.0446086,0
4.517,-0.0445981,0
4.518,-0.0445875,0
4.519,-0.044577,0
4.52,-0.0445664,0
4.521,-0.0445559,0
4.522,-0.0445453,0
4.523,-0.0445348,0
4.524,-0.0445243,0
4.525,-0.0445137,0
4.526,-0.0445032,0
4.527,-0.0444927,0
4.528,-0.0444821,0
4.529,-0.0444716,0
4.53,-0.0444611,0
4.531,-0.0444506,0
4.532,-0.0444401,0
4.533,-0.0444296,0
4.534,-0.044419,0
4.535,-0.0444085,0
4.536,-0.044398,0
4.537,-0.0443875,0
4.538,-0.044377,0
4.539,-0.0443665,0
4.54,-0.044356,0
4.541,-0.0443455,0
4.542,-0.044335,0
4.543,-0.0443245,0
4.544,-0.044314,0
4.545,-0.0443035,0
4.546,-0.0442931,0
4.547,-0.0442826,0
4.548,-0.0442721,0
4.549,-0.0442616,0
4.55,-0.0442511,0
4.551,-0.0442407,0
4.552,-0.0442302,0
4.553,-0.0442197,0
4.554,-0.0442092,0
4.555,-0.0441988,0
4.556,-0.0441883,0
4.557,-0.0441778,0
4.558,-0.0441674,0
4.559,-0.0441569,0
4.56,-0.0441465,0
4.561,-0.044136,0
4.562,-0.0441256,0
4.563,-0.0441151,0
4.564,-0.0441047,0
4.565,-0.0440942,0
4.566,-0.0440838,0
4.567,-0.0440733,0
4.568,-0.0440629,0
4.569,-0.0440525,0
4.57,-0.044042,0
4.571,-0.0440316,0
4.572,-0.0440212,0
4.573,-0.0440107,0
4.574,-0.0440003,0
4.575,-0.0439899,0
4.576,-0.0439795,0
4.577,-0.043969,0
4.578,-0.0439586,0
4.579,-0.0439482,0
4.58,-0.0439378,0
4.581,-0.0439274,0
4.582,-0.043917,0
4.583,-0.0439066,0
4.584,-0.0438962,0
4.585,-0.0438858,0
4.586,-0.0438754,0
4.587,-0.043865,0
4.588,-0.0438546,0
4.589,-0.0438442,0
4.59,-0.0438338,0
4.591,-0.0438234,0
4.592,-0.043813,0
4.593,-0.0438026,0
4.594,-0.0437922,0
4.595,-0.0437819,0
4.596,-0.0437715,0
4.597,-0.0437611,0
4.598,-0.0437507,0
4.599,-0.0437404,0
4.6,-0.04373,0
4.601,-0.0437196,0
4.602,-0.0437093,0
4.603,-0.0436989,0
4.604,-0.0436885,0
4.605,-0.0436782,0
4.606,-0.0436678,0
4.607,-0.0436575,0
4.608,-0.0436471,0
4.609,-0.0436368,0
4.61,-0.0436264,0
4.611,-0.0436161,0
4.612,-0.0436057,0
4.613,-0.0435954,0
4.614,-0.043585,0
4.615,-0.0435747,0
4.616,-0.0435644,0
4.617,-0.043554,0
4.618,-0.0435437,0
4.619,-0.0435334,0
4.62,-0.043523,0
4.621,-0.0435127,0
4.622,-0.0435024,0
4.623,-0.0434921,0
4.624,-0.0434817,0
4.625,-0.0434714,0
4.626,-0.0434611,0
4.627,-0.0434508,0
4.628,-0.0434405,0
4.629,-0.0434302,0
4.63,-0.0434199,0
4.631,-0.0434096,0
4.632,-0.0433993,0
4.633,-0.043389,0
4.634,-0.0433787,0
4.635,-0.0433684,0
4.636,-0.0433581,0
4.637,-0.0433478,0
4.638,-0.0433375,0
4.639,-0.0433272,0
4.64,-0.0433169,0
4.641,-0.0433066,0
4.642,-0.0432964,0
4.643,-0.0432861,0
4.644,-0.0432758,0
4.645,-0.0432655,0
4.646,-0.0432553,0
4.647,-0.043245,0
4.648,-0.0432347,0
4.649,-0.0432245,0
4.65,-0.0432142,0
4.651,-0.0432039,0
4.652,-0.0431937,0
4.653,-0.0431834,0
4.654,-0.0431732,0
4.655,-0.0431629,0
4.656,-0.0431527,0
4.657,-0.0431424,0
4.658,-0.0431322,0
4.659,-0.0431219,0
4.66,-0.0431117,0
4.661,-0.0431014,0
4.662,-0.0430912,0
4.663,-0.043081,0
4.664,-0.0430707,0
4.665,-0.0430605,0
4.666,-0.0430503,0
4.667,-0.04304,0
4.668,-0.0430298,0
4.669,-0.0430196,0
4.67,-0.0430094,0
4.671,-0.0429991,0
4.672,-0.0429889,0
4.673,-0.0429787,0
4.674,-0.0429685,0
4.675,-0.0429583,0
4.676,-0.0429481,0
4.677,-0.0429379,0
4.678,-0.0429277,0
4.679,-0.0429175,0
4.68,-0.0429073,0
4.681,-0.0428971,0
4.682,-0.0428869,0
4.683,-0.0428767,0
4.684,-0.0428665,0
4.685,-0.0428563,0
4.686,-0.0428461,0
4.687,-0.0428359,0
4.688,-0.0428257,0
4.689,-0.0428156,0
4.69,-0.0428054,0
4.691,-0.0427952,0
4.692,-0.042785,0
4.693,-0.0427748,0
4.694,-0.0427647,0
4.695,-0.0427545,0
4.696,-0.0427443,0
4.697,-0.0427342,0
4.698,-0.042724,0
4.699,-0.0427139,0
4.7,-0.0427037,0
4.701,-0.0426935,0
4.702,-0.0426834,0
4.703,-0.0426732,0
4.704,-0.0426631,0
4.705,-0.0426529,0
4.706,-0.0426428,0
4.707,-0.0426326,0
4.708,-0.0426225,0
4.709,-0.0426124,0
4.71,-0.0426022,0
4.711,-0.0425921,0
4.712,-0.042582,0
4.713,-0.0425718,0
4.714,-0.0425617,0
4.715,-0.0425516,0
4.716,-0.0425414,0
4.717,-0.0425313,0
4.718,-0.0425212,0
4.719,-0.0425111,0
4.72,-0.042501,0
4.721,-0.0424908,0
4.722,-0.0424807,0
4.723,-0.0424706,0
4.724,-0.0424605,0
4.725,-0.0424504,0
4.726,-0.0424403,0
4.727,-0.0424302,0
4.728,-0.0424201,0
4.729,-0.04241,0
4.73,-0.0423999,0
4.731,-0.0423898,0
4.732,-0.0423797,0
4.733,-0.0423696,0
4.734,-0.0423595,0
4.735,-0.0423495,0
4.736,-0.0423394,0
4.737,-0.0423293,0
4.738,-0.0423192,0
4.739,-0.0423091,0
4.74,-0.0422991,0
4.741,-0.042289,0
4.742,-0.0422789,0
4.743,-0.0422688,0
4.744,-0.0422588,0
4.745,-0.0422487,0
4.746,-0.0422387,0
4.747,-0.0422286,0
4.748,-0.0422185,0
4.749,-0.0422085,0
4.75,-0.0421984,0
4.751,-0.0421884,0
4.752,-0.0421783,0
4.753,-0.0421683,0
4.754,-0.0421582,0
4.755,-0.0421482,0
4.756,-0.0421381,0
4.757,-0.0421281,0
4.758,-0.0421181,0
4.759,-0.042108,0
4.76,-0.042098,0
4.761,-0.042088,0
4.762,-0.0420779,0
4.763,-0.0420679,0
4.764,-0.0420579,0
4.765,-0.0420478,0
4.766,-0.0420378,0
4.767,-0.0420278,0
4.768,-0.0420178,0
4.769,-0.0420078,0
4.77,-0.0419978,0
4.771,-0.0419877,0
4.772,-0.0419777,0
4.773,-0.0419677,0
4.774,-0.0419577,0
4.775,-0.0419477,0
4.776,-0.0419377,0
4.777,-0.0419277,0
4.778,-0.0419177,0
4.779,-0.0419077,0
4.78,-0.0418977,0
4.781,-0.0418877,0
4.782,-0.0418778,0
4.783,-0.0418678,0
4.784,-0.0418578,0
4.785,-0.0418478,0
4.786,-0.0418378,0
4.787,-0.0418278,0
4.788,-0.0418179,0
4.789,-0.0418079,0
4.79,-0.0417979,0
4.791,-0.041788,0
4.792,-0.041778,0
4.793,-0.041768,0
4.794,-0.0417581,0
4.795,-0.0417481,0
4.796,-0.0417381,0
4.797,-0.0417282,0
4.798,-0.0417182,0
4.799,-0.0417083,0
4.8,-0.0416983,0
4.801,-0.0416884,0
4.802,-0.0416784,0
4.803,-0.0416685,0
4.804,-0.0416585,0
4.805,-0.0416486,0
4.806,-0.0416386,0
4.807,-0.0416287,0
4.808,-0.0416188,0
4.809,-0.0416088,0
4.81,-0.0415989,0
4.811,-0.041589,0
4.812,-0.041579,0
4.813,-0.0415691,0
4.814,-0.0415592,0
4.815,-0.0415493,0
4.816,-0.0415394,0
4.817,-0.0415294,0
4.818,-0.0415195,0
4.819,-0.0415096,0
4.82,-0.0414997,0
4.821,-0.0414898,0
4.822,-0.0414799,0
4.823,-0.04147,0
4.824,-0.0414601,0
4.825,-0.0414502,0
4.826,-0.0414403,0
4.827,-0.0414304,0
4.828,-0.0414205,0
4.829,-0.0414106,0
4.83,-0.0414007,0
4.831,-0.0413908,0
4.832,-0.0413809,0
4.833,-0.041371,0
4.834,-0.0413612,0
4.835,-0.0413513,0
4.836,-0.0413414,0
4.837,-0.0413315,0
4.838,-0.0413216,0
4.839,-0.0413118,0
4.84,-0.0413019,0
4.841,-0.041292,0
4.842,-0.0412822,0
4.843,-0.0412723,0
4.844,-0.0412624,0
4.845,-0.0412526,0
4.846,-0.0412427,0
4.847,-0.0412329,0
4.848,-0.041223,0
4.849,-0.0412132,0
4.85,-0.0412033,0
4.851,-0.0411935,0
4.852,-0.0411836,0
4.853,-0.0411738,0
4.854,-0.0411639,0
4.855,-0.0411541,0
4.856,-0.0411442,0
4.857,-0.0411344,0
4.858,-0.0411246,0
4.859,-0.0411147,0
4.86,-0.0411049,0
4.861,-0.0410951,0
4.862,-0.0410853,0
4.863,-0.0410754,0
4.864,-0.0410656,0
4.865,-0.0410558,0
4.866,-0.041046,0
4.867,-0.0410362,0
4.868,-0.0410263,0
4.869,-0.0410165,0
4.87,-0.0410067,0
4.871,-0.0409969,0
4.872,-0.0409871,0
4.873,-0.0409773,0
4.874,-0.0409675,0
4.875,-0.0409577,0
4.876,-0.0409479,0
4.877,-0.0409381,0
4.878,-0.0409283,0
4.879,-0.0409185,0
4.88,-0.0409087,0
4.881,-0.0408989,0
4.882,-0.0408892,0
4.883,-0.0408794,0
4.884,-0.0408696,0
4.885,-0.0408598,0
4.886,-0.04085,0
4.887,-0.0408403,0
4.888,-0.0408305,0
4.889,-0.0408207,0
4.89,-0.0408109,0
4.891,-0.0408012,0
4.892,-0.0407914,0
4.893,-0.0407816,0
4.894,-0.0407719,0
4.895,-0.0407621,0
4.896,-0.0407524,0
4.897,-0.0407426,0
4.898,-0.0407329,0
4.899,-0.0407231,0
4.9,-0.0407134,0
4.901,-0.0407036,0
4.902,-0.0406939,0
4.903,-0.0406841,0
4.904,-0.0406744,0
4.905,-0.0406646,0
4.906,-0.0406549,0
4.907,-0.0406452,0
4.908,-0.0406354,0
4.909,-0.0406257,0
4.91,-0.040616,0
4.911,-0.0406062,0
4.912,-0.0405965,0
4.913,-0.0405868,0
4.914,-0.0405771,0
4.915,-0.0405673,0
4.916,-0.0405576,0
4.917,-0.0405479,0
4.918,-0.0405382,0
4.919,-0.0405285,0
4.92,-0.0405188,0
4.921,-0.0405091,0
4.922,-0.0404994,0
4.923,-0.0404896,0
4.924,-0.0404799,0
4.925,-0.0404702,0
4.926,-0.0404605,0
4.927,-0.0404509,0
4.928,-0.0404412,0
4.929,-0.0404315,0
4.93,-0.0404218,0
4.931,-0.0404121,0
4.932,-0.0404024,0
4.933,-0.0403927,0
4.934,-0.040383,0
4.935,-0.0403734,0
4.936,-0.0403637,0
4.937,-0.040354,0
4.938,-0.0403443,0
4.939,-0.0403346,0
4.94,-0.040325,0
4.941,-0.0403153,0
4.942,-0.0403056,0
4.943,-0.040296,0
4.944,-0.0402863,0
4.945,-0.0402767,0
4.946,-0.040267,0
4.947,-0.0402573,0
4.948,-0.0402477,0
4.949,-0.040238,0
4.95,-0.0402284,0
4.951,-0.0402187,0
4.952,-0.0402091,0
4.953,-0.0401994,0
4.954,-0.0401898,0
4.955,-0.0401802,0
4.956,-0.0401705,0
4.957,-0.0401609,0
4.958,-0.0401512,0
4.959,-0.0401416,0
4.96,-0.040132,0
4.961,-0.0401223,0
4.962,-0.0401127,0
4.963,-0.0401031,0
4.964,-0.0400935,0
4.965,-0.0400838,0
4.966,-0.0400742,0
4.967,-0.0400646,0
4.968,-0.040055,0
4.969,-0.0400454,0
4.97,-0.0400358,0
4.971,-0.0400262,0
4.972,-0.0400166,0
4.973,-0.0400069,0
4.974,-0.0399973,0
4.975,-0.0399877,0
4.976,-0.0399781,0
4.977,-0.0399685,0
4.978,-0.0399589,0
4.979,-0.0399494,0
4.98,-0.0399398,0
4.981,-0.0399302,0
4.982,-0.0399206,0
4.983,-0.039911,0
4.984,-0.0399014,0
4.985,-0.0398918,0
4.986,-0.0398822,0
4.987,-0.0398727,0
4.988,-0.0398631,0
4.989,-0.0398535,0
4.99,-0.0398439,0
4.991,-0.0398344,0
4.992,-0.0398248,0
4.993,-0.0398152,0
4.994,-0.0398057,0
4.995,-0.0397961,0
4.996,-0.0397866,0
4.997,-0.039777,0
4.998,-0.0397674,0
4.999,-0.0397579,0
x,y
-0.0397579,0
