time,x1,y1,x2,y2,x3,y3,x4,y4,x5,y5,x6,y6
0,0,0,0,0,0,0,0,0,0,0,0,0
0.001,1,-0.0180164,1,-0.0180165,1,-0.0180165,1,0.0180164,1,0.0180165,1,0.0180165
0.002,0.9995,0.0180256,0.9995,0.0180255,0.9995,0.0180255,0.9995,-0.0180256,0.9995,-0.0180255,0.9995,-0.0180255
0.003,0.9985,0.0180256,0.9985,0.0180255,0.9985,0.0180255,0.9985,-0.0180256,0.9985,-0.0180255,0.9985,-0.0180255
0.004,0.997501,-0.0180254,0.997501,-0.0180255,0.997501,-0.0180255,0.997501,0.0180254,0.997501,0.0180255,0.997501,0.0180255
0.005,0.996503,-0.0180254,0.996503,-0.0180255,0.996503,-0.0180255,0.996503,0.0180254,0.996503,0.0180255,0.996503,0.0180255
0.006,0.995506,0.0180256,0.995506,0.0180255,0.995506,0.0180255,0.995506,-0.0180256,0.995506,-0.0180255,0.995506,-0.0180255
0.007,0.99451,0.0180256,0.99451,0.0180255,0.99451,0.0180255,0.99451,-0.0180256,0.99451,-0.0180255,0.99451,-0.0180255
0.008,0.993515,-0.0180254,0.993515,-0.0180255,0.993515,-0.0180255,0.993515,0.0180254,0.993515,0.0180255,0.993515,0.0180255
0.009,0.992521,-0.0180254,0.992521,-0.0180255,0.992521,-0.0180255,0.992521,0.0180254,0.992521,0.0180255,0.992521,0.0180255
0.01,0.991528,0.0180256,0.991528,0.0180255,0.991528,0.0180255,0.991528,-0.0180256,0.991528,-0.0180255,0.991528,-0.0180255
0.011,0.990536,0.0180256,0.990536,0.0180255,0.990536,0.0180255,0.990536,-0.0180256,0.990536,-0.0180255,0.990536,-0.0180255
0.012,0.989545,-0.0180254,0.989545,-0.0180255,0.989545,-0.0180255,0.989545,0.0180254,0.989545,0.0180255,0.989545,0.0180255
0.013,0.988555,-0.0180254,0.988555,-0.0180255,0.988555,-0.0180255,0.988555,0.0180254,0.988555,0.0180255,0.988555,0.0180255
0.014,0.987566,0.0180256,0.987566,0.0180255,0.987566,0.0180255,0.987566,-0.0180256,0.987566,-0.0180255,0.987566,-0.0180255
0.015,0.986578,0.0180256,0.986578,0.0180255,0.986578,0.0180255,0.986578,-0.0180256,0.986578,-0.0180255,0.986578,-0.0180255
0.016,0.985591,-0.0180254,0.985591,-0.0180255,0.985591,-0.0180255,0.985591,0.0180254,0.985591,0.0180255,0.985591,0.0180255
0.017,0.984605,-0.0180254,0.984605,-0.0180255,0.984605,-0.0180255,0.984605,0.0180254,0.984605,0.0180255,0.984605,0.0180255
0.018,0.98362,0.0180256,0.983619,0.0180255,0.98362,0.0180255,0.98362,-0.0180256,0.983619,-0.0180255,0.98362,-0.0180255
0.019,0.982636,0.0180256,0.982635,0.0180255,0.982636,0.0180255,0.982636,-0.0180256,0.982635,-0.0180255,0.982636,-0.0180255
0.02,0.981653,-0.0180254,0.981652,-0.0180255,0.981653,-0.0180255,0.981653,0.0180254,0.981652,0.0180255,0.981653,0.0180255
0.021,0.98067,-0.0180254,0.98067,-0.0180255,0.98067,-0.0180255,0.98067,0.0180254,0.98067,0.0180255,0.98067,0.0180255
0.022,0.979689,0.0180256,0.979689,0.0180255,0.979689,0.0180255,0.979689,-0.0180256,0.979689,-0.0180255,0.979689,-0.0180255
0.023,0.978709,0.0180256,0.978709,0.0180255,0.978709,0.0180255,0.978709,-0.0180256,0.978709,-0.0180255,0.978709,-0.0180255
0.024,0.97773,-0.0180254,0.97773,-0.0180255,0.97773,-0.0180255,0.97773,0.0180254,0.97773,0.0180255,0.97773,0.0180255
0.025,0.976752,-0.0180254,0.976751,-0.0180255,0.976752,-0.0180255,0.976752,0.0180254,0.976751,0.0180255,0.976752,0.0180255
0.026,0.975774,0.0180256,0.975774,0.0180255,0.975774,0.0180255,0.975774,-0.0180256,0.975774,-0.0180255,0.975774,-0.0180255
0.027,0.974798,0.0180256,0.974798,0.0180255,0.974798,0.0180255,0.974798,-0.0180256,0.974798,-0.0180255,0.974798,-0.0180255
0.028,0.973823,-0.0180254,0.973823,-0.0180255,0.973823,-0.0180255,0.973823,0.0180254,0.973823,0.0180255,0.973823,0.0180255
0.029,0.972849,-0.0180254,0.972848,-0.0180255,0.972848,-0.0180255,0.972849,0.0180254,0.972848,0.0180255,0.972848,0.0180255
0.03,0.971875,0.0180256,0.971875,0.0180255,0.971875,0.0180255,0.971875,-0.0180256,0.971875,-0.0180255,0.971875,-0.0180255
0.031,0.970903,0.0180256,0.970903,0.0180255,0.970903,0.0180255,0.970903,-0.0180256,0.970903,-0.0180255,0.970903,-0.0180255
0.032,0.969931,-0.0180254,0.969931,-0.0180255,0.969931,-0.0180255,0.969931,0.0180254,0.969931,0.0180255,0.969931,0.0180255
0.033,0.968961,-0.0180254,0.968961,-0.0180255,0.968961,-0.0180255,0.968961,0.0180254,0.968961,0.0180255,0.968961,0.0180255
0.034,0.967992,0.0180256,0.967991,0.0180255,0.967992,0.0180255,0.967992,-0.0180256,0.967991,-0.0180255,0.967992,-0.0180255
0.035,0.967023,0.0180256,0.967023,0.0180255,0.967023,0.0180255,0.967023,-0.0180256,0.967023,-0.0180255,0.967023,-0.0180255
0.036,0.966056,-0.0180254,0.966055,-0.0180255,0.966056,-0.0180255,0.966056,0.0180254,0.966055,0.0180255,0.966056,0.0180255
0.037,0.965089,-0.0180254,0.965089,-0.0180255,0.965089,-0.0180255,0.965089,0.0180254,0.965089,0.0180255,0.965089,0.0180255
0.038,0.964123,0.0180256,0.964123,0.0180255,0.964123,0.0180255,0.964123,-0.0180256,0.964123,-0.0180255,0.964123,-0.0180255
0.039,0.963159,0.0180256,0.963159,0.0180255,0.963159,0.0180255,0.963159,-0.0180256,0.963159,-0.0180255,0.963159,-0.0180255
0.04,0.962195,-0.0180254,0.962195,-0.0180255,0.962195,-0.0180255,0.962195,0.0180254,0.962195,0.0180255,0.962195,0.0180255
0.041,0.961233,-0.0180254,0.961232,-0.0180255,0.961233,-0.0180255,0.961233,0.0180254,0.961232,0.0180255,0.961233,0.0180255
0.042,0.960271,0.0180256,0.960271,0.0180255,0.960271,0.0180255,0.960271,-0.0180256,0.960271,-0.0180255,0.960271,-0.0180255
0.043,0.95931,0.0180256,0.95931,0.0180255,0.95931,0.0180255,0.95931,-0.0180256,0.95931,-0.0180255,0.95931,-0.0180255
0.044,0.95835,-0.0180254,0.95835,-0.0180255,0.95835,-0.0180255,0.95835,0.0180254,0.95835,0.0180255,0.95835,0.0180255
0.045,0.957391,-0.0180254,0.957391,-0.0180255,0.957391,-0.0180255,0.957391,0.0180254,0.957391,0.0180255,0.957391,0.0180255
0.046,0.956434,0.0180256,0.956433,0.0180255,0.956434,0.0180255,0.956434,-0.0180256,0.956433,-0.0180255,0.956434,-0.0180255
0.047,0.955477,0.0180256,0.955476,0.0180255,0.955477,0.0180255,0.955477,-0.0180256,0.955476,-0.0180255,0.955477,-0.0180255
0.048,0.954521,-0.0180254,0.95452,-0.0180255,0.954521,-0.0180255,0.954521,0.0180254,0.95452,0.0180255,0.954521,0.0180255
0.049,0.953566,-0.0180254,0.953565,-0.0180255,0.953566,-0.0180255,0.953566,0.0180254,0.953565,0.0180255,0.953566,0.0180255
0.05,0.952612,0.0180256,0.952611,0.0180255,0.952612,0.0180255,0.952612,-0.0180256,0.952611,-0.0180255,0.952612,-0.0180255
0.051,0.951659,0.0180256,0.951658,0.0180255,0.951659,0.0180255,0.951659,-0.0180256,0.951658,-0.0180255,0.951659,-0.0180255
0.052,0.950706,-0.0180254,0.950706,-0.0180255,0.950706,-0.0180255,0.950706,0.0180254,0.950706,0.0180255,0.950706,0.0180255
0.053,0.949755,-0.0180254,0.949755,-0.0180255,0.949755,-0.0180255,0.949755,0.0180254,0.949755,0.0180255,0.949755,0.0180255
0.054,0.948805,0.0180256,0.948805,0.0180255,0.948805,0.0180255,0.948805,-0.0180256,0.948805,-0.0180255,0.948805,-0.0180255
0.055,0.947856,0.0180256,0.947855,0.0180255,0.947856,0.0180255,0.947856,-0.0180256,0.947855,-0.0180255,0.947856,-0.0180255
0.056,0.946907,-0.0180254,0.946907,-0.0180255,0.946907,-0.0180255,0.946907,0.0180254,0.946907,0.0180255,0.946907,0.0180255
0.057,0.94596,-0.0180254,0.94596,-0.0180255,0.94596,-0.0180255,0.94596,0.0180254,0.94596,0.0180255,0.94596,0.0180255
0.058,0.945014,0.0180256,0.945013,0.0180255,0.945014,0.0180255,0.945014,-0.0180256,0.945013,-0.0180255,0.945014,-0.0180255
0.059,0.944068,0.0180256,0.944068,0.0180255,0.944068,0.0180255,0.944068,-0.0180256,0.944068,-0.0180255,0.944068,-0.0180255
0.06,0.943124,-0.0180254,0.943123,-0.0180255,0.943124,-0.0180255,0.943124,0.0180254,0.943123,0.0180255,0.943124,0.0180255
0.061,0.94218,-0.0180254,0.94218,-0.0180255,0.94218,-0.0180255,0.94218,0.0180254,0.94218,0.0180255,0.94218,0.0180255
0.062,0.941237,0.0180256,0.941237,0.0180255,0.941237,0.0180255,0.941237,-0.0180256,0.941237,-0.0180255,0.941237,-0.0180255
0.063,0.940296,0.0180256,0.940295,0.0180255,0.940296,0.0180255,0.940296,-0.0180256,0.940295,-0.0180255,0.940296,-0.0180255
0.064,0.939355,-0.0180254,0.939355,-0.0180255,0.939355,-0.0180255,0.939355,0.0180254,0.939355,0.0180255,0.939355,0.0180255
0.065,0.938415,-0.0180254,0.938415,-0.0180255,0.938415,-0.0180255,0.938415,0.0180254,0.938415,0.0180255,0.938415,0.0180255
0.066,0.937476,0.0180256,0.937476,0.0180255,0.937476,0.0180255,0.937476,-0.0180256,0.937476,-0.0180255,0.937476,-0.0180255
0.067,0.936538,0.0180256,0.936538,0.0180255,0.936538,0.0180255,0.936538,-0.0180256,0.936538,-0.0180255,0.936538,-0.0180255
0.068,0.935601,-0.0180255,0.935601,-0.0180255,0.935601,-0.0180255,0.935601,0.0180254,0.935601,0.0180255,0.935601,0.0180255
0.069,0.934665,-0.0180255,0.934665,-0.0180255,0.934665,-0.0180255,0.934665,0.0180254,0.934665,0.0180255,0.934665,0.0180255
0.07,0.93373,0.0180256,0.93373,0.0180255,0.93373,0.0180255,0.93373,-0.0180256,0.93373,-0.0180255,0.93373,-0.0180255
0.071,0.932796,0.0180256,0.932796,0.0180255,0.932796,0.0180255,0.932796,-0.0180256,0.932796,-0.0180255,0.932796,-0.0180255
0.072,0.931863,-0.0180255,0.931862,-0.0180255,0.931863,-0.0180255,0.931863,0.0180254,0.931862,0.0180255,0.931863,0.0180255
0.073,0.93093,-0.0180255,0.93093,-0.0180255,0.93093,-0.0180255,0.93093,0.0180254,0.93093,0.0180255,0.93093,0.0180255
0.074,0.929999,0.0180256,0.929999,0.0180255,0.929999,0.0180255,0.929999,-0.0180256,0.929999,-0.0180255,0.929999,-0.0180255
0.075,0.929068,0.0180256,0.929068,0.0180255,0.929068,0.0180255,0.929068,-0.0180256,0.929068,-0.0180255,0.929068,-0.0180255
0.076,0.928139,-0.0180255,0.928139,-0.0180255,0.928139,-0.0180255,0.928139,0.0180254,0.928139,0.0180255,0.928139,0.0180255
0.077,0.92721,-0.0180255,0.92721,-0.0180255,0.92721,-0.0180255,0.92721,0.0180254,0.92721,0.0180255,0.92721,0.0180255
0.078,0.926283,0.0180256,0.926282,0.0180255,0.926283,0.0180255,0.926283,-0.0180256,0.926282,-0.0180255,0.926283,-0.0180255
0.079,0.925356,0.0180256,0.925356,0.0180255,0.925356,0.0180255,0.925356,-0.0180256,0.925356,-0.0180255,0.925356,-0.0180255
0.08,0.92443,-0.0180255,0.92443,-0.0180255,0.92443,-0.0180255,0.92443,0.0180254,0.92443,0.0180255,0.92443,0.0180255
0.081,0.923505,-0.0180255,0.923505,-0.0180255,0.923505,-0.0180255,0.923505,0.0180254,0.923505,0.0180255,0.923505,0.0180255
0.082,0.922581,0.0180256,0.922581,0.0180255,0.922581,0.0180255,0.922581,-0.0180256,0.922581,-0.0180255,0.922581,-0.0180255
0.083,0.921658,0.0180256,0.921658,0.0180255,0.921658,0.0180255,0.921658,-0.0180256,0.921658,-0.0180255,0.921658,-0.0180255
0.084,0.920736,-0.0180255,0.920736,-0.0180255,0.920736,-0.0180255,0.920736,0.0180254,0.920736,0.0180255,0.920736,0.0180255
0.085,0.919815,-0.0180255,0.919814,-0.0180255,0.919815,-0.0180255,0.919815,0.0180254,0.919814,0.0180255,0.919815,0.0180255
0.086,0.918894,0.0180256,0.918894,0.0180255,0.918894,0.0180255,0.918894,-0.0180256,0.918894,-0.0180255,0.918894,-0.0180255
0.087,0.917975,0.0180256,0.917975,0.0180255,0.917975,0.0180255,0.917975,-0.0180256,0.917975,-0.0180255,0.917975,-0.0180255
0.088,0.917057,-0.0180255,0.917056,-0.0180255,0.917057,-0.0180255,0.917057,0.0180254,0.917056,0.0180255,0.917057,0.0180255
0.089,0.916139,-0.0180255,0.916139,-0.0180255,0.916139,-0.0180255,0.916139,0.0180254,0.916139,0.0180255,0.916139,0.0180255
0.09,0.915223,0.0180256,0.915222,0.0180255,0.915223,0.0180255,0.915223,-0.0180256,0.915222,-0.0180255,0.915223,-0.0180255
0.091,0.914307,0.0180256,0.914307,0.0180255,0.914307,0.0180255,0.914307,-0.0180256,0.914307,-0.0180255,0.914307,-0.0180255
0.092,0.913392,-0.0180255,0.913392,-0.0180255,0.913392,-0.0180255,0.913392,0.0180254,0.913392,0.0180255,0.913392,0.0180255
0.093,0.912478,-0.0180255,0.912478,-0.0180255,0.912478,-0.0180255,0.912478,0.0180254,0.912478,0.0180255,0.912478,0.0180255
0.094,0.911565,0.0180256,0.911565,0.0180255,0.911565,0.0180255,0.911565,-0.0180256,0.911565,-0.0180255,0.911565,-0.0180255
0.095,0.910653,0.0180256,0.910653,0.0180255,0.910653,0.0180255,0.910653,-0.0180256,0.910653,-0.0180255,0.910653,-0.0180255
0.096,0.909742,-0.0180255,0.909742,-0.0180255,0.909742,-0.0180255,0.909742,0.0180254,0.909742,0.0180255,0.909742,0.0180255
0.097,0.908832,-0.0180255,0.908832,-0.0180255,0.908832,-0.0180255,0.908832,0.0180254,0.908832,0.0180255,0.908832,0.0180255
0.098,0.907923,0.0180256,0.907922,0.0180255,0.907923,0.0180255,0.907923,-0.0180256,0.907922,-0.0180255,0.907923,-0.0180255
0.099,0.907014,0.0180256,0.907014,0.0180255,0.907014,0.0180255,0.907014,-0.0180256,0.907014,-0.0180255,0.907014,-0.0180255
0.1,0.906107,-0.0180255,0.906107,-0.0180255,0.906107,-0.0180255,0.906107,0.0180254,0.906107,0.0180255,0.906107,0.0180255
0.101,0.9052,-0.0180255,0.9052,-0.0180255,0.9052,-0.0180255,0.9052,0.0180254,0.9052,0.0180255,0.9052,0.0180255
0.102,0.904295,0.0180256,0.904294,0.0180255,0.904295,0.0180255,0.904295,-0.0180256,0.904294,-0.0180255,0.904295,-0.0180255
0.103,0.90339,0.0180256,0.90339,0.0180255,0.90339,0.0180255,0.90339,-0.0180256,0.90339,-0.0180255,0.90339,-0.0180255
0.104,0.902486,-0.0180255,0.902486,-0.0180255,0.902486,-0.0180255,0.902486,0.0180254,0.902486,0.0180255,0.902486,0.0180255
0.105,0.901583,-0.0180255,0.901583,-0.0180255,0.901583,-0.0180255,0.901583,0.0180254,0.901583,0.0180255,0.901583,0.0180255
0.106,0.900681,0.0180256,0.900681,0.0180255,0.900681,0.0180255,0.900681,-0.0180256,0.900681,-0.0180255,0.900681,-0.0180255
0.107,0.89978,0.0180256,0.89978,0.0180255,0.89978,0.0180255,0.89978,-0.0180256,0.89978,-0.0180255,0.89978,-0.0180255
0.108,0.89888,-0.0180255,0.898879,-0.0180255,0.89888,-0.0180255,0.89888,0.0180254,0.898879,0.0180255,0.89888,0.0180255
0.109,0.89798,-0.0180255,0.89798,-0.0180255,0.89798,-0.0180255,0.89798,0.0180254,0.89798,0.0180255,0.89798,0.0180255
0.11,0.897082,0.0180256,0.897082,0.0180255,0.897082,0.0180255,0.897082,-0.0180256,0.897082,-0.0180255,0.897082,-0.0180255
0.111,0.896184,0.0180256,0.896184,0.0180255,0.896184,0.0180255,0.896184,-0.0180256,0.896184,-0.0180255,0.896184,-0.0180255
0.112,0.895288,-0.0180255,0.895288,-0.0180255,0.895288,-0.0180255,0.895288,0.0180255,0.895288,0.0180255,0.895288,0.0180255
0.113,0.894392,-0.0180255,0.894392,-0.0180255,0.894392,-0.0180255,0.894392,0.0180255,0.894392,0.0180255,0.894392,0.0180255
0.114,0.893497,0.0180256,0.893497,0.0180255,0.893497,0.0180255,0.893497,-0.0180256,0.893497,-0.0180255,0.893497,-0.0180255
0.115,0.892603,0.0180256,0.892603,0.0180255,0.892603,0.0180255,0.892603,-0.0180256,0.892603,-0.0180255,0.892603,-0.0180255
0.116,0.89171,-0.0180255,0.89171,-0.0180255,0.89171,-0.0180255,0.89171,0.0180255,0.89171,0.0180255,0.89171,0.0180255
0.117,0.890818,-0.0180255,0.890818,-0.0180255,0.890818,-0.0180255,0.890818,0.0180255,0.890818,0.0180255,0.890818,0.0180255
0.118,0.889927,0.0180256,0.889927,0.0180255,0.889927,0.0180255,0.889927,-0.0180256,0.889927,-0.0180255,0.889927,-0.0180255
0.119,0.889036,0.0180256,0.889036,0.0180255,0.889036,0.0180255,0.889036,-0.0180256,0.889036,-0.0180255,0.889036,-0.0180255
0.12,0.888147,-0.0180255,0.888147,-0.0180255,0.888147,-0.0180255,0.888147,0.0180255,0.888147,0.0180255,0.888147,0.0180255
0.121,0.887258,-0.0180255,0.887258,-0.0180255,0.887258,-0.0180255,0.887258,0.0180255,0.887258,0.0180255,0.887258,0.0180255
0.122,0.886371,0.0180256,0.88637,0.0180255,0.886371,0.0180255,0.886371,-0.0180256,0.88637,-0.0180255,0.886371,-0.0180255
0.123,0.885484,0.0180256,0.885484,0.0180255,0.885484,0.0180255,0.885484,-0.0180256,0.885484,-0.0180255,0.885484,-0.0180255
0.124,0.884598,-0.0180255,0.884598,-0.0180255,0.884598,-0.0180255,0.884598,0.0180255,0.884598,0.0180255,0.884598,0.0180255
0.125,0.883713,-0.0180255,0.883713,-0.0180255,0.883713,-0.0180255,0.883713,0.0180255,0.883713,0.0180255,0.883713,0.0180255
0.126,0.882829,0.0180256,0.882828,0.0180255,0.882829,0.0180255,0.882829,-0.0180256,0.882828,-0.0180255,0.882829,-0.0180255
0.127,0.881945,0.0180256,0.881945,0.0180255,0.881945,0.0180255,0.881945,-0.0180256,0.881945,-0.0180255,0.881945,-0.0180255
0.128,0.881063,-0.0180255,0.881063,-0.0180255,0.881063,-0.0180255,0.881063,0.0180255,0.881063,0.0180255,0.881063,0.0180255
0.129,0.880182,-0.0180255,0.880181,-0.0180255,0.880182,-0.0180255,0.880182,0.0180255,0.880181,0.0180255,0.880182,0.0180255
0.13,0.879301,0.0180256,0.879301,0.0180255,0.879301,0.0180255,0.879301,-0.0180256,0.879301,-0.0180255,0.879301,-0.0180255
0.131,0.878421,0.0180256,0.878421,0.0180255,0.878421,0.0180255,0.878421,-0.0180256,0.878421,-0.0180255,0.878421,-0.0180255
0.132,0.877542,-0.0180255,0.877542,-0.0180255,0.877542,-0.0180255,0.877542,0.0180255,0.877542,0.0180255,0.877542,0.0180255
0.133,0.876664,-0.0180255,0.876664,-0.0180255,0.876664,-0.0180255,0.876664,0.0180255,0.876664,0.0180255,0.876664,0.0180255
0.134,0.875787,0.0180256,0.875787,0.0180255,0.875787,0.0180255,0.875787,-0.0180256,0.875787,-0.0180255,0.875787,-0.0180255
0.135,0.874911,0.0180256,0.874911,0.0180255,0.874911,0.0180255,0.874911,-0.0180256,0.874911,-0.0180255,0.874911,-0.0180255
0.136,0.874036,-0.0180255,0.874035,-0.0180255,0.874036,-0.0180255,0.874036,0.0180255,0.874035,0.0180255,0.874036,0.0180255
0.137,0.873161,-0.0180255,0.873161,-0.0180255,0.873161,-0.0180255,0.873161,0.0180255,0.873161,0.0180255,0.873161,0.0180255
0.138,0.872288,0.0180256,0.872287,0.0180255,0.872288,0.0180255,0.872288,-0.0180256,0.872287,-0.0180255,0.872288,-0.0180255
0.139,0.871415,0.0180256,0.871415,0.0180255,0.871415,0.0180255,0.871415,-0.0180256,0.871415,-0.0180255,0.871415,-0.0180255
0.14,0.870543,-0.0180255,0.870543,-0.0180255,0.870543,-0.0180255,0.870543,0.0180255,0.870543,0.0180255,0.870543,0.0180255
0.141,0.869672,-0.0180255,0.869672,-0.0180255,0.869672,-0.0180255,0.869672,0.0180255,0.869672,0.0180255,0.869672,0.0180255
0.142,0.868802,0.0180256,0.868802,0.0180255,0.868802,0.0180255,0.868802,-0.0180256,0.868802,-0.0180255,0.868802,-0.0180255
0.143,0.867933,0.0180256,0.867932,0.0180255,0.867933,0.0180255,0.867933,-0.0180256,0.867932,-0.0180255,0.867933,-0.0180255
0.144,0.867064,-0.0180255,0.867064,-0.0180255,0.867064,-0.0180255,0.867064,0.0180255,0.867064,0.0180255,0.867064,0.0180255
0.145,0.866197,-0.0180255,0.866197,-0.0180255,0.866197,-0.0180255,0.866197,0.0180255,0.866197,0.0180255,0.866197,0.0180255
0.146,0.86533,0.0180256,0.86533,0.0180255,0.86533,0.0180255,0.86533,-0.0180256,0.86533,-0.0180255,0.86533,-0.0180255
0.147,0.864464,0.0180256,0.864464,0.0180255,0.864464,0.0180255,0.864464,-0.0180256,0.864464,-0.0180255,0.864464,-0.0180255
0.148,0.8636,-0.0180255,0.863599,-0.0180255,0.8636,-0.0180255,0.8636,0.0180255,0.863599,0.0180255,0.8636,0.0180255
0.149,0.862736,-0.0180255,0.862735,-0.0180255,0.862736,-0.0180255,0.862736,0.0180255,0.862735,0.0180255,0.862736,0.0180255
0.15,0.861872,0.0180256,0.861872,0.0180255,0.861872,0.0180255,0.861872,-0.0180256,0.861872,-0.0180255,0.861872,-0.0180255
0.151,0.86101,0.0180256,0.86101,0.0180255,0.86101,0.0180255,0.86101,-0.0180256,0.86101,-0.0180255,0.86101,-0.0180255
0.152,0.860149,-0.0180255,0.860148,-0.0180255,0.860149,-0.0180255,0.860149,0.0180255,0.860148,0.0180255,0.860149,0.0180255
0.153,0.859288,-0.0180255,0.859288,-0.0180255,0.859288,-0.0180255,0.859288,0.0180255,0.859288,0.0180255,0.859288,0.0180255
0.154,0.858428,0.0180256,0.858428,0.0180255,0.858428,0.0180255,0.858428,-0.0180256,0.858428,-0.0180255,0.858428,-0.0180255
0.155,0.857569,0.0180256,0.857569,0.0180255,0.857569,0.0180255,0.857569,-0.0180256,0.857569,-0.0180255,0.857569,-0.0180255
0.156,0.856711,-0.0180255,0.856711,-0.0180255,0.856711,-0.0180255,0.856711,0.0180255,0.856711,0.0180255,0.856711,0.0180255
0.157,0.855854,-0.0180255,0.855854,-0.0180255,0.855854,-0.0180255,0.855854,0.0180255,0.855854,0.0180255,0.855854,0.0180255
0.158,0.854998,0.0180256,0.854998,0.0180255,0.854998,0.0180255,0.854998,-0.0180256,0.854998,-0.0180255,0.854998,-0.0180255
0.159,0.854143,0.0180256,0.854142,0.0180255,0.854143,0.0180255,0.854143,-0.0180256,0.854142,-0.0180255,0.854143,-0.0180255
0.16,0.853288,-0.0180255,0.853288,-0.0180255,0.853288,-0.0180255,0.853288,0.0180255,0.853288,0.0180255,0.853288,0.0180255
0.161,0.852434,-0.0180255,0.852434,-0.0180255,0.852434,-0.0180255,0.852434,0.0180255,0.852434,0.0180255,0.852434,0.0180255
0.162,0.851581,0.0180256,0.851581,0.0180255,0.851581,0.0180255,0.851581,-0.0180256,0.851581,-0.0180255,0.851581,-0.0180255
0.163,0.850729,0.0180256,0.850729,0.0180255,0.850729,0.0180255,0.850729,-0.0180256,0.850729,-0.0180255,0.850729,-0.0180255
0.164,0.849878,-0.0180255,0.849878,-0.0180255,0.849878,-0.0180255,0.849878,0.0180255,0.849878,0.0180255,0.849878,0.0180255
0.165,0.849028,-0.0180255,0.849028,-0.0180255,0.849028,-0.0180255,0.849028,0.0180255,0.849028,0.0180255,0.849028,0.0180255
0.166,0.848179,0.0180256,0.848178,0.0180255,0.848179,0.0180255,0.848179,-0.0180256,0.848178,-0.0180255,0.848179,-0.0180255
0.167,0.84733,0.0180256,0.84733,0.0180255,0.84733,0.0180255,0.84733,-0.0180256,0.84733,-0.0180255,0.84733,-0.0180255
0.168,0.846482,-0.0180255,0.846482,-0.0180255,0.846482,-0.0180255,0.846482,0.0180255,0.846482,0.0180255,0.846482,0.0180255
0.169,0.845635,-0.0180255,0.845635,-0.0180255,0.845635,-0.0180255,0.845635,0.0180255,0.845635,0.0180255,0.845635,0.0180255
0.17,0.844789,0.0180256,0.844789,0.0180255,0.844789,0.0180255,0.844789,-0.0180256,0.844789,-0.0180255,0.844789,-0.0180255
0.171,0.843944,0.0180256,0.843944,0.0180255,0.843944,0.0180255,0.843944,-0.0180256,0.843944,-0.0180255,0.843944,-0.0180255
0.172,0.8431,-0.0180255,0.843099,-0.0180255,0.8431,-0.0180255,0.8431,0.0180255,0.843099,0.0180255,0.8431,0.0180255
0.173,0.842256,-0.0180255,0.842256,-0.0180255,0.842256,-0.0180255,0.842256,0.0180255,0.842256,0.0180255,0.842256,0.0180255
0.174,0.841413,0.0180256,0.841413,0.0180255,0.841413,0.0180255,0.841413,-0.0180256,0.841413,-0.0180255,0.841413,-0.0180255
0.175,0.840572,0.0180256,0.840571,0.0180255,0.840572,0.0180255,0.840572,-0.0180256,0.840571,-0.0180255,0.840572,-0.0180255
0.176,0.839731,-0.0180255,0.83973,-0.0180255,0.839731,-0.0180255,0.839731,0.0180255,0.83973,0.0180255,0.839731,0.0180255
0.177,0.83889,-0.0180255,0.83889,-0.0180255,0.83889,-0.0180255,0.83889,0.0180255,0.83889,0.0180255,0.83889,0.0180255
0.178,0.838051,0.0180256,0.838051,0.0180255,0.838051,0.0180255,0.838051,-0.0180256,0.838051,-0.0180255,0.838051,-0.0180255
0.179,0.837213,0.0180256,0.837212,0.0180255,0.837213,0.0180255,0.837213,-0.0180256,0.837212,-0.0180255,0.837213,-0.0180255
0.18,0.836375,-0.0180255,0.836375,-0.0180255,0.836375,-0.0180255,0.836375,0.0180255,0.836375,0.0180255,0.836375,0.0180255
0.181,0.835538,-0.0180255,0.835538,-0.0180255,0.835538,-0.0180255,0.835538,0.0180255,0.835538,0.0180255,0.835538,0.0180255
0.182,0.834702,0.0180256,0.834702,0.0180255,0.834702,0.0180255,0.834702,-0.0180256,0.834702,-0.0180255,0.834702,-0.0180255
0.183,0.833867,0.0180256,0.833867,0.0180255,0.833867,0.0180255,0.833867,-0.0180256,0.833867,-0.0180255,0.833867,-0.0180255
0.184,0.833033,-0.0180255,0.833033,-0.0180255,0.833033,-0.0180255,0.833033,0.0180255,0.833033,0.0180255,0.833033,0.0180255
0.185,0.832199,-0.0180255,0.832199,-0.0180255,0.832199,-0.0180255,0.832199,0.0180255,0.832199,0.0180255,0.832199,0.0180255
0.186,0.831367,0.0180256,0.831367,0.0180255,0.831367,0.0180255,0.831367,-0.0180256,0.831367,-0.0180255,0.831367,-0.0180255
0.187,0.830535,0.0180256,0.830535,0.0180255,0.830535,0.0180255,0.830535,-0.0180256,0.830535,-0.0180255,0.830535,-0.0180255
0.188,0.829704,-0.0180255,0.829704,-0.0180255,0.829704,-0.0180255,0.829704,0.0180255,0.829704,0.0180255,0.829704,0.0180255
0.189,0.828874,-0.0180255,0.828874,-0.0180255,0.828874,-0.0180255,0.828874,0.0180255,0.828874,0.0180255,0.828874,0.0180255
0.19,0.828045,0.0180256,0.828044,0.0180255,0.828045,0.0180255,0.828045,-0.0180256,0.828044,-0.0180255,0.828045,-0.0180255
0.191,0.827216,0.0180256,0.827216,0.0180255,0.827216,0.0180255,0.827216,-0.0180256,0.827216,-0.0180255,0.827216,-0.0180255
0.192,0.826389,-0.0180255,0.826388,-0.0180255,0.826389,-0.0180255,0.826389,0.0180255,0.826388,0.0180255,0.826389,0.0180255
0.193,0.825562,-0.0180255,0.825562,-0.0180255,0.825562,-0.0180255,0.825562,0.0180255,0.825562,0.0180255,0.825562,0.0180255
0.194,0.824736,0.0180256,0.824736,0.0180255,0.824736,0.0180255,0.824736,-0.0180256,0.824736,-0.0180255,0.824736,-0.0180255
0.195,0.823911,0.0180256,0.82391,0.0180255,0.823911,0.0180255,0.823911,-0.0180256,0.82391,-0.0180255,0.823911,-0.0180255
0.196,0.823086,-0.0180255,0.823086,-0.0180255,0.823086,-0.0180255,0.823086,0.0180255,0.823086,0.0180255,0.823086,0.0180255
0.197,0.822263,-0.0180255,0.822263,-0.0180255,0.822263,-0.0180255,0.822263,0.0180255,0.822263,0.0180255,0.822263,0.0180255
0.198,0.82144,0.0180256,0.82144,0.0180255,0.82144,0.0180255,0.82144,-0.0180256,0.82144,-0.0180255,0.82144,-0.0180255
0.199,0.820618,0.0180256,0.820618,0.0180255,0.820618,0.0180255,0.820618,-0.0180256,0.820618,-0.0180255,0.820618,-0.0180255
0.2,0.819797,-0.0180255,0.819797,-0.0180255,0.819797,-0.0180255,0.819797,0.0180255,0.819797,0.0180255,0.819797,0.0180255
0.201,0.818977,-0.0180255,0.818977,-0.0180255,0.818977,-0.0180255,0.818977,0.0180255,0.818977,0.0180255,0.818977,0.0180255
0.202,0.818158,0.0180256,0.818157,0.0180255,0.818158,0.0180255,0.818158,-0.0180256,0.818157,-0.0180255,0.818158,-0.0180255
0.203,0.817339,0.0180256,0.817339,0.0180255,0.817339,0.0180255,0.817339,-0.0180256,0.817339,-0.0180255,0.817339,-0.0180255
0.204,0.816521,-0.0180255,0.816521,-0.0180255,0.816521,-0.0180255,0.816521,0.0180255,0.816521,0.0180255,0.816521,0.0180255
0.205,0.815704,-0.0180255,0.815704,-0.0180255,0.815704,-0.0180255,0.815704,0.0180255,0.815704,0.0180255,0.815704,0.0180255
0.206,0.814888,0.0180256,0.814888,0.0180255,0.814888,0.0180255,0.814888,-0.0180256,0.814888,-0.0180255,0.814888,-0.0180255
0.207,0.814073,0.0180256,0.814073,0.0180255,0.814073,0.0180255,0.814073,-0.0180256,0.814073,-0.0180255,0.814073,-0.0180255
0.208,0.813259,-0.0180255,0.813258,-0.0180255,0.813259,-0.0180255,0.813259,0.0180255,0.813258,0.0180255,0.813259,0.0180255
0.209,0.812445,-0.0180255,0.812445,-0.0180255,0.812445,-0.0180255,0.812445,0.0180255,0.812445,0.0180255,0.812445,0.0180255
0.21,0.811632,0.0180256,0.811632,0.0180255,0.811632,0.0180255,0.811632,-0.0180256,0.811632,-0.0180255,0.811632,-0.0180255
0.211,0.81082,0.0180256,0.81082,0.0180255,0.81082,0.0180255,0.81082,-0.0180256,0.81082,-0.0180255,0.81082,-0.0180255
0.212,0.810009,-0.0180255,0.810009,-0.0180255,0.810009,-0.0180255,0.810009,0.0180255,0.810009,0.0180255,0.810009,0.0180255
0.213,0.809198,-0.0180255,0.809198,-0.0180255,0.809198,-0.0180255,0.809198,0.0180255,0.809198,0.0180255,0.809198,0.0180255
0.214,0.808389,0.0180256,0.808389,0.0180255,0.808389,0.0180255,0.808389,-0.0180256,0.808389,-0.0180255,0.808389,-0.0180255
0.215,0.80758,0.0180256,0.80758,0.0180255,0.80758,0.0180255,0.80758,-0.0180256,0.80758,-0.0180255,0.80758,-0.0180255
0.216,0.806772,-0.0180255,0.806772,-0.0180255,0.806772,-0.0180255,0.806772,0.0180255,0.806772,0.0180255,0.806772,0.0180255
0.217,0.805965,-0.0180255,0.805965,-0.0180255,0.805965,-0.0180255,0.805965,0.0180255,0.805965,0.0180255,0.805965,0.0180255
0.218,0.805158,0.0180256,0.805158,0.0180255,0.805158,0.0180255,0.805158,-0.0180256,0.805158,-0.0180255,0.805158,-0.0180255
0.219,0.804353,0.0180256,0.804353,0.0180255,0.804353,0.0180255,0.804353,-0.0180256,0.804353,-0.0180255,0.804353,-0.0180255
0.22,0.803548,-0.0180255,0.803548,-0.0180255,0.803548,-0.0180255,0.803548,0.0180255,0.803548,0.0180255,0.803548,0.0180255
0.221,0.802744,-0.0180255,0.802744,-0.0180255,0.802744,-0.0180255,0.802744,0.0180255,0.802744,0.0180255,0.802744,0.0180255
0.222,0.801941,0.0180256,0.801941,0.0180255,0.801941,0.0180255,0.801941,-0.0180256,0.801941,-0.0180255,0.801941,-0.0180255
0.223,0.801139,0.0180256,0.801138,0.0180255,0.801139,0.0180255,0.801139,-0.0180256,0.801138,-0.0180255,0.801139,-0.0180255
0.224,0.800337,-0.0180255,0.800337,-0.0180255,0.800337,-0.0180255,0.800337,0.0180255,0.800337,0.0180255,0.800337,0.0180255
0.225,0.799536,-0.0180255,0.799536,-0.0180255,0.799536,-0.0180255,0.799536,0.0180255,0.799536,0.0180255,0.799536,0.0180255
0.226,0.798736,0.0180256,0.798736,0.0180255,0.798736,0.0180255,0.798736,-0.0180256,0.798736,-0.0180255,0.798736,-0.0180255
0.227,0.797937,0.0180256,0.797937,0.0180255,0.797937,0.0180255,0.797937,-0.0180256,0.797937,-0.0180255,0.797937,-0.0180255
0.228,0.797139,-0.0180255,0.797139,-0.0180255,0.797139,-0.0180255,0.797139,0.0180255,0.797139,0.0180255,0.797139,0.0180255
0.229,0.796341,-0.0180255,0.796341,-0.0180255,0.796341,-0.0180255,0.796341,0.0180255,0.796341,0.0180255,0.796341,0.0180255
0.23,0.795545,0.0180256,0.795545,0.0180255,0.795545,0.0180255,0.795545,-0.0180256,0.795545,-0.0180255,0.795545,-0.0180255
0.231,0.794749,0.0180256,0.794749,0.0180255,0.794749,0.0180255,0.794749,-0.0180256,0.794749,-0.0180255,0.794749,-0.0180255
0.232,0.793954,-0.0180255,0.793953,-0.0180255,0.793954,-0.0180255,0.793954,0.0180255,0.793953,0.0180255,0.793954,0.0180255
0.233,0.793159,-0.0180255,0.793159,-0.0180255,0.793159,-0.0180255,0.793159,0.0180255,0.793159,0.0180255,0.793159,0.0180255
0.234,0.792366,0.0180256,0.792366,0.0180255,0.792366,0.0180255,0.792366,-0.0180256,0.792366,-0.0180255,0.792366,-0.0180255
0.235,0.791573,0.0180256,0.791573,0.0180255,0.791573,0.0180255,0.791573,-0.0180256,0.791573,-0.0180255,0.791573,-0.0180255
0.236,0.790781,-0.0180255,0.790781,-0.0180255,0.790781,-0.0180255,0.790781,0.0180255,0.790781,0.0180255,0.790781,0.0180255
0.237,0.78999,-0.0180255,0.78999,-0.0180255,0.78999,-0.0180255,0.78999,0.0180255,0.78999,0.0180255,0.78999,0.0180255
0.238,0.789199,0.0180256,0.789199,0.0180255,0.789199,0.0180255,0.789199,-0.0180256,0.789199,-0.0180255,0.789199,-0.0180255
0.239,0.78841,0.0180256,0.78841,0.0180255,0.78841,0.0180255,0.78841,-0.0180256,0.78841,-0.0180255,0.78841,-0.0180255
0.24,0.787621,-0.0180255,0.787621,-0.0180255,0.787621,-0.0180255,0.787621,0.0180255,0.787621,0.0180255,0.787621,0.0180255
0.241,0.786833,-0.0180255,0.786833,-0.0180255,0.786833,-0.0180255,0.786833,0.0180255,0.786833,0.0180255,0.786833,0.0180255
0.242,0.786046,0.0180256,0.786046,0.0180255,0.786046,0.0180255,0.786046,-0.0180256,0.786046,-0.0180255,0.786046,-0.0180255
0.243,0.785259,0.0180256,0.785259,0.0180255,0.785259,0.0180255,0.785259,-0.0180256,0.785259,-0.0180255,0.785259,-0.0180255
0.244,0.784474,-0.0180255,0.784473,-0.0180255,0.784474,-0.0180255,0.784474,0.0180255,0.784473,0.0180255,0.784474,0.0180255
0.245,0.783689,-0.0180255,0.783689,-0.0180255,0.783689,-0.0180255,0.783689,0.0180255,0.783689,0.0180255,0.783689,0.0180255
0.246,0.782905,0.0180256,0.782905,0.0180255,0.782905,0.0180255,0.782905,-0.0180256,0.782905,-0.0180255,0.782905,-0.0180255
0.247,0.782121,0.0180256,0.782121,0.0180255,0.782121,0.0180255,0.782121,-0.0180256,0.782121,-0.0180255,0.782121,-0.0180255
0.248,0.781339,-0.0180255,0.781339,-0.0180255,0.781339,-0.0180255,0.781339,0.0180255,0.781339,0.0180255,0.781339,0.0180255
0.249,0.780557,-0.0180255,0.780557,-0.0180255,0.780557,-0.0180255,0.780557,0.0180255,0.780557,0.0180255,0.780557,0.0180255
0.25,0.779776,0.0180256,0.779776,0.0180255,0.779776,0.0180255,0.779776,-0.0180256,0.779776,-0.0180255,0.779776,-0.0180255
0.251,0.778996,0.0180256,0.778996,0.0180255,0.778996,0.0180255,0.778996,-0.0180256,0.778996,-0.0180255,0.778996,-0.0180255
0.252,0.778217,-0.0180255,0.778217,-0.0180255,0.778217,-0.0180255,0.778217,0.0180255,0.778217,0.0180255,0.778217,0.0180255
0.253,0.777438,-0.0180255,0.777438,-0.0180255,0.777438,-0.0180255,0.777438,0.0180255,0.777438,0.0180255,0.777438,0.0180255
0.254,0.77666,0.0180256,0.77666,0.0180255,0.77666,0.0180255,0.77666,-0.0180256,0.77666,-0.0180255,0.77666,-0.0180255
0.255,0.775883,0.0180256,0.775883,0.0180255,0.775883,0.0180255,0.775883,-0.0180256,0.775883,-0.0180255,0.775883,-0.0180255
0.256,0.775107,-0.0180255,0.775107,-0.0180255,0.775107,-0.0180255,0.775107,0.0180255,0.775107,0.0180255,0.775107,0.0180255
0.257,0.774331,-0.0180255,0.774331,-0.0180255,0.774331,-0.0180255,0.774331,0.0180255,0.774331,0.0180255,0.774331,0.0180255
0.258,0.773557,0.0180255,0.773557,0.0180255,0.773557,0.0180255,0.773557,-0.0180256,0.773557,-0.0180255,0.773557,-0.0180255
0.259,0.772783,0.0180255,0.772783,0.0180255,0.772783,0.0180255,0.772783,-0.0180256,0.772783,-0.0180255,0.772783,-0.0180255
0.26,0.77201,-0.0180255,0.772009,-0.0180255,0.77201,-0.0180255,0.77201,0.0180255,0.772009,0.0180255,0.77201,0.0180255
0.261,0.771237,-0.0180255,0.771237,-0.0180255,0.771237,-0.0180255,0.771237,0.0180255,0.771237,0.0180255,0.771237,0.0180255
0.262,0.770466,0.0180255,0.770465,0.0180255,0.770466,0.0180255,0.770466,-0.0180256,0.770465,-0.0180255,0.770466,-0.0180255
0.263,0.769695,0.0180255,0.769695,0.0180255,0.769695,0.0180255,0.769695,-0.0180256,0.769695,-0.0180255,0.769695,-0.0180255
0.264,0.768925,-0.0180255,0.768924,-0.0180255,0.768925,-0.0180255,0.768925,0.0180255,0.768924,0.0180255,0.768925,0.0180255
0.265,0.768155,-0.0180255,0.768155,-0.0180255,0.768155,-0.0180255,0.768155,0.0180255,0.768155,0.0180255,0.768155,0.0180255
0.266,0.767387,0.0180255,0.767387,0.0180255,0.767387,0.0180255,0.767387,-0.0180256,0.767387,-0.0180255,0.767387,-0.0180255
0.267,0.766619,0.0180255,0.766619,0.0180255,0.766619,0.0180255,0.766619,-0.0180256,0.766619,-0.0180255,0.766619,-0.0180255
0.268,0.765852,-0.0180255,0.765852,-0.0180255,0.765852,-0.0180255,0.765852,0.0180255,0.765852,0.0180255,0.765852,0.0180255
0.269,0.765086,-0.0180255,0.765086,-0.0180255,0.765086,-0.0180255,0.765086,0.0180255,0.765086,0.0180255,0.765086,0.0180255
0.27,0.76432,0.0180255,0.76432,0.0180255,0.76432,0.0180255,0.76432,-0.0180256,0.76432,-0.0180255,0.76432,-0.0180255
0.271,0.763556,0.0180255,0.763555,0.0180255,0.763556,0.0180255,0.763556,-0.0180256,0.763555,-0.0180255,0.763556,-0.0180255
0.272,0.762792,-0.0180255,0.762792,-0.0180255,0.762792,-0.0180255,0.762792,0.0180255,0.762792,0.0180255,0.762792,0.0180255
0.273,0.762029,-0.0180255,0.762028,-0.0180255,0.762029,-0.0180255,0.762029,0.0180255,0.762028,0.0180255,0.762029,0.0180255
0.274,0.761266,0.0180255,0.761266,0.0180255,0.761266,0.0180255,0.761266,-0.0180256,0.761266,-0.0180255,0.761266,-0.0180255
0.275,0.760504,0.0180255,0.760504,0.0180255,0.760504,0.0180255,0.760504,-0.0180256,0.760504,-0.0180255,0.760504,-0.0180255
0.276,0.759744,-0.0180255,0.759743,-0.0180255,0.759744,-0.0180255,0.759744,0.0180255,0.759743,0.0180255,0.759744,0.0180255
0.277,0.758983,-0.0180255,0.758983,-0.0180255,0.758983,-0.0180255,0.758983,0.0180255,0.758983,0.0180255,0.758983,0.0180255
0.278,0.758224,0.0180255,0.758224,0.0180255,0.758224,0.0180255,0.758224,-0.0180256,0.758224,-0.0180255,0.758224,-0.0180255
0.279,0.757465,0.0180255,0.757465,0.0180255,0.757465,0.0180255,0.757465,-0.0180256,0.757465,-0.0180255,0.757465,-0.0180255
0.28,0.756708,-0.0180255,0.756707,-0.0180255,0.756708,-0.0180255,0.756708,0.0180255,0.756707,0.0180255,0.756708,0.0180255
0.281,0.755951,-0.0180255,0.75595,-0.0180255,0.755951,-0.0180255,0.755951,0.0180255,0.75595,0.0180255,0.755951,0.0180255
0.282,0.755194,0.0180255,0.755194,0.0180255,0.755194,0.0180255,0.755194,-0.0180256,0.755194,-0.0180255,0.755194,-0.0180255
0.283,0.754439,0.0180255,0.754438,0.0180255,0.754439,0.0180255,0.754439,-0.0180256,0.754438,-0.0180255,0.754439,-0.0180255
0.284,0.753684,-0.0180255,0.753684,-0.0180255,0.753684,-0.0180255,0.753684,0.0180255,0.753684,0.0180255,0.753684,0.0180255
0.285,0.75293,-0.0180255,0.75293,-0.0180255,0.75293,-0.0180255,0.75293,0.0180255,0.75293,0.0180255,0.75293,0.0180255
0.286,0.752176,0.0180255,0.752176,0.0180255,0.752176,0.0180255,0.752176,-0.0180256,0.752176,-0.0180255,0.752176,-0.0180255
0.287,0.751424,0.0180255,0.751424,0.0180255,0.751424,0.0180255,0.751424,-0.0180256,0.751424,-0.0180255,0.751424,-0.0180255
0.288,0.750672,-0.0180255,0.750672,-0.0180255,0.750672,-0.0180255,0.750672,0.0180255,0.750672,0.0180255,0.750672,0.0180255
0.289,0.749921,-0.0180255,0.749921,-0.0180255,0.749921,-0.0180255,0.749921,0.0180255,0.749921,0.0180255,0.749921,0.0180255
0.29,0.749171,0.0180255,0.749171,0.0180255,0.749171,0.0180255,0.749171,-0.0180256,0.749171,-0.0180255,0.749171,-0.0180255
0.291,0.748421,0.0180255,0.748421,0.0180255,0.748421,0.0180255,0.748421,-0.0180256,0.748421,-0.0180255,0.748421,-0.0180255
0.292,0.747672,-0.0180255,0.747672,-0.0180255,0.747672,-0.0180255,0.747672,0.0180255,0.747672,0.0180255,0.747672,0.0180255
0.293,0.746924,-0.0180255,0.746924,-0.0180255,0.746924,-0.0180255,0.746924,0.0180255,0.746924,0.0180255,0.746924,0.0180255
0.294,0.746177,0.0180255,0.746177,0.0180255,0.746177,0.0180255,0.746177,-0.0180256,0.746177,-0.0180255,0.746177,-0.0180255
0.295,0.745431,0.0180255,0.74543,0.0180255,0.745431,0.0180255,0.745431,-0.0180256,0.74543,-0.0180255,0.745431,-0.0180255
0.296,0.744685,-0.0180255,0.744685,-0.0180255,0.744685,-0.0180255,0.744685,0.0180255,0.744685,0.0180255,0.744685,0.0180255
0.297,0.74394,-0.0180255,0.74394,-0.0180255,0.74394,-0.0180255,0.74394,0.0180255,0.74394,0.0180255,0.74394,0.0180255
0.298,0.743195,0.0180255,0.743195,0.0180255,0.743195,0.0180255,0.743195,-0.0180256,0.743195,-0.0180255,0.743195,-0.0180255
0.299,0.742452,0.0180255,0.742452,0.0180255,0.742452,0.0180255,0.742452,-0.0180256,0.742452,-0.0180255,0.742452,-0.0180255
0.3,0.741709,-0.0180255,0.741709,-0.0180255,0.741709,-0.0180255,0.741709,0.0180255,0.741709,0.0180255,0.741709,0.0180255
0.301,0.740967,-0.0180255,0.740967,-0.0180255,0.740967,-0.0180255,0.740967,0.0180255,0.740967,0.0180255,0.740967,0.0180255
0.302,0.740226,0.0180255,0.740225,0.0180255,0.740226,0.0180255,0.740226,-0.0180256,0.740225,-0.0180255,0.740226,-0.0180255
0.303,0.739485,0.0180255,0.739485,0.0180255,0.739485,0.0180255,0.739485,-0.0180256,0.739485,-0.0180255,0.739485,-0.0180255
0.304,0.738745,-0.0180255,0.738745,-0.0180255,0.738745,-0.0180255,0.738745,0.0180255,0.738745,0.0180255,0.738745,0.0180255
0.305,0.738006,-0.0180255,0.738006,-0.0180255,0.738006,-0.0180255,0.738006,0.0180255,0.738006,0.0180255,0.738006,0.0180255
0.306,0.737268,0.0180255,0.737267,0.0180255,0.737268,0.0180255,0.737268,-0.0180256,0.737267,-0.0180255,0.737268,-0.0180255
0.307,0.73653,0.0180255,0.73653,0.0180255,0.73653,0.0180255,0.73653,-0.0180256,0.73653,-0.0180255,0.73653,-0.0180255
0.308,0.735793,-0.0180255,0.735793,-0.0180255,0.735793,-0.0180255,0.735793,0.0180255,0.735793,0.0180255,0.735793,0.0180255
0.309,0.735057,-0.0180255,0.735057,-0.0180255,0.735057,-0.0180255,0.735057,0.0180255,0.735057,0.0180255,0.735057,0.0180255
0.31,0.734321,0.0180255,0.734321,0.0180255,0.734321,0.0180255,0.734321,-0.0180256,0.734321,-0.0180255,0.734321,-0.0180255
0.311,0.733587,0.0180255,0.733587,0.0180255,0.733587,0.0180255,0.733587,-0.0180256,0.733587,-0.0180255,0.733587,-0.0180255
0.312,0.732853,-0.0180255,0.732853,-0.0180255,0.732853,-0.0180255,0.732853,0.0180255,0.732853,0.0180255,0.732853,0.0180255
0.313,0.73212,-0.0180255,0.732119,-0.0180255,0.73212,-0.0180255,0.73212,0.0180255,0.732119,0.0180255,0.73212,0.0180255
0.314,0.731387,0.0180255,0.731387,0.0180255,0.731387,0.0180255,0.731387,-0.0180256,0.731387,-0.0180255,0.731387,-0.0180255
0.315,0.730655,0.0180255,0.730655,0.0180255,0.730655,0.0180255,0.730655,-0.0180256,0.730655,-0.0180255,0.730655,-0.0180255
0.316,0.729924,-0.0180255,0.729924,-0.0180255,0.729924,-0.0180255,0.729924,0.0180255,0.729924,0.0180255,0.729924,0.0180255
0.317,0.729194,-0.0180255,0.729194,-0.0180255,0.729194,-0.0180255,0.729194,0.0180255,0.729194,0.0180255,0.729194,0.0180255
0.318,0.728465,0.0180255,0.728464,0.0180255,0.728465,0.0180255,0.728465,-0.0180255,0.728464,-0.0180255,0.728465,-0.0180255
0.319,0.727736,0.0180255,0.727736,0.0180255,0.727736,0.0180255,0.727736,-0.0180255,0.727736,-0.0180255,0.727736,-0.0180255
0.32,0.727008,-0.0180255,0.727007,-0.0180255,0.727008,-0.0180255,0.727008,0.0180255,0.727007,0.0180255,0.727008,0.0180255
0.321,0.72628,-0.0180255,0.72628,-0.0180255,0.72628,-0.0180255,0.72628,0.0180255,0.72628,0.0180255,0.72628,0.0180255
0.322,0.725554,0.0180255,0.725553,0.0180255,0.725554,0.0180255,0.725554,-0.0180255,0.725553,-0.0180255,0.725554,-0.0180255
0.323,0.724828,0.0180255,0.724827,0.0180255,0.724828,0.0180255,0.724828,-0.0180255,0.724827,-0.0180255,0.724828,-0.0180255
0.324,0.724102,-0.0180255,0.724102,-0.0180255,0.724102,-0.0180255,0.724102,0.0180255,0.724102,0.0180255,0.724102,0.0180255
0.325,0.723378,-0.0180255,0.723378,-0.0180255,0.723378,-0.0180255,0.723378,0.0180255,0.723378,0.0180255,0.723378,0.0180255
0.326,0.722654,0.0180255,0.722654,0.0180255,0.722654,0.0180255,0.722654,-0.0180255,0.722654,-0.0180255,0.722654,-0.0180255
0.327,0.721931,0.0180255,0.721931,0.0180255,0.721931,0.0180255,0.721931,-0.0180255,0.721931,-0.0180255,0.721931,-0.0180255
0.328,0.721209,-0.0180255,0.721209,-0.0180255,0.721209,-0.0180255,0.721209,0.0180255,0.721209,0.0180255,0.721209,0.0180255
0.329,0.720487,-0.0180255,0.720487,-0.0180255,0.720487,-0.0180255,0.720487,0.0180255,0.720487,0.0180255,0.720487,0.0180255
0.33,0.719767,0.0180255,0.719766,0.0180255,0.719767,0.0180255,0.719767,-0.0180255,0.719766,-0.0180255,0.719767,-0.0180255
0.331,0.719046,0.0180255,0.719046,0.0180255,0.719046,0.0180255,0.719046,-0.0180255,0.719046,-0.0180255,0.719046,-0.0180255
0.332,0.718327,-0.0180255,0.718327,-0.0180255,0.718327,-0.0180255,0.718327,0.0180255,0.718327,0.0180255,0.718327,0.0180255
0.333,0.717608,-0.0180255,0.717608,-0.0180255,0.717608,-0.0180255,0.717608,0.0180255,0.717608,0.0180255,0.717608,0.0180255
0.334,0.71689,0.0180255,0.71689,0.0180255,0.71689,0.0180255,0.71689,-0.0180255,0.71689,-0.0180255,0.71689,-0.0180255
0.335,0.716173,0.0180255,0.716173,0.0180255,0.716173,0.0180255,0.716173,-0.0180255,0.716173,-0.0180255,0.716173,-0.0180255
0.336,0.715457,-0.0180255,0.715456,-0.0180255,0.715457,-0.0180255,0.715457,0.0180255,0.715456,0.0180255,0.715457,0.0180255
0.337,0.714741,-0.0180255,0.714741,-0.0180255,0.714741,-0.0180255,0.714741,0.0180255,0.714741,0.0180255,0.714741,0.0180255
0.338,0.714026,0.0180255,0.714025,0.0180255,0.714026,0.0180255,0.714026,-0.0180255,0.714025,-0.0180255,0.714026,-0.0180255
0.339,0.713311,0.0180255,0.713311,0.0180255,0.713311,0.0180255,0.713311,-0.0180255,0.713311,-0.0180255,0.713311,-0.0180255
0.34,0.712598,-0.0180255,0.712597,-0.0180255,0.712598,-0.0180255,0.712598,0.0180255,0.712597,0.0180255,0.712598,0.0180255
0.341,0.711885,-0.0180255,0.711884,-0.0180255,0.711885,-0.0180255,0.711885,0.0180255,0.711884,0.0180255,0.711885,0.0180255
0.342,0.711172,0.0180255,0.711172,0.0180255,0.711172,0.0180255,0.711172,-0.0180255,0.711172,-0.0180255,0.711172,-0.0180255
0.343,0.710461,0.0180255,0.710461,0.0180255,0.710461,0.0180255,0.710461,-0.0180255,0.710461,-0.0180255,0.710461,-0.0180255
0.344,0.70975,-0.0180255,0.70975,-0.0180255,0.70975,-0.0180255,0.70975,0.0180255,0.70975,0.0180255,0.70975,0.0180255
0.345,0.70904,-0.0180255,0.70904,-0.0180255,0.70904,-0.0180255,0.70904,0.0180255,0.70904,0.0180255,0.70904,0.0180255
0.346,0.708331,0.0180255,0.70833,0.0180255,0.708331,0.0180255,0.708331,-0.0180255,0.70833,-0.0180255,0.708331,-0.0180255
0.347,0.707622,0.0180255,0.707622,0.0180255,0.707622,0.0180255,0.707622,-0.0180255,0.707622,-0.0180255,0.707622,-0.0180255
0.348,0.706914,-0.0180255,0.706914,-0.0180255,0.706914,-0.0180255,0.706914,0.0180255,0.706914,0.0180255,0.706914,0.0180255
0.349,0.706207,-0.0180255,0.706206,-0.0180255,0.706207,-0.0180255,0.706207,0.0180255,0.706206,0.0180255,0.706207,0.0180255
0.35,0.7055,0.0180255,0.7055,0.0180255,0.7055,0.0180255,0.7055,-0.0180255,0.7055,-0.0180255,0.7055,-0.0180255
0.351,0.704794,0.0180255,0.704794,0.0180255,0.704794,0.0180255,0.704794,-0.0180255,0.704794,-0.0180255,0.704794,-0.0180255
0.352,0.704089,-0.0180255,0.704089,-0.0180255,0.704089,-0.0180255,0.704089,0.0180255,0.704089,0.0180255,0.704089,0.0180255
0.353,0.703385,-0.0180255,0.703384,-0.0180255,0.703385,-0.0180255,0.703385,0.0180255,0.703384,0.0180255,0.703385,0.0180255
0.354,0.702681,0.0180255,0.702681,0.0180255,0.702681,0.0180255,0.702681,-0.0180255,0.702681,-0.0180255,0.702681,-0.0180255
0.355,0.701978,0.0180255,0.701978,0.0180255,0.701978,0.0180255,0.701978,-0.0180255,0.701978,-0.0180255,0.701978,-0.0180255
0.356,0.701276,-0.0180255,0.701275,-0.0180255,0.701276,-0.0180255,0.701276,0.0180255,0.701275,0.0180255,0.701276,0.0180255
0.357,0.700574,-0.0180255,0.700574,-0.0180255,0.700574,-0.0180255,0.700574,0.0180255,0.700574,0.0180255,0.700574,0.0180255
0.358,0.699873,0.0180255,0.699873,0.0180255,0.699873,0.0180255,0.699873,-0.0180255,0.699873,-0.0180255,0.699873,-0.0180255
0.359,0.699173,0.0180255,0.699173,0.0180255,0.699173,0.0180255,0.699173,-0.0180255,0.699173,-0.0180255,0.699173,-0.0180255
0.36,0.698473,-0.0180255,0.698473,-0.0180255,0.698473,-0.0180255,0.698473,0.0180255,0.698473,0.0180255,0.698473,0.0180255
0.361,0.697774,-0.0180255,0.697774,-0.0180255,0.697774,-0.0180255,0.697774,0.0180255,0.697774,0.0180255,0.697774,0.0180255
0.362,0.697076,0.0180255,0.697076,0.0180255,0.697076,0.0180255,0.697076,-0.0180255,0.697076,-0.0180255,0.697076,-0.0180255
0.363,0.696379,0.0180255,0.696379,0.0180255,0.696379,0.0180255,0.696379,-0.0180255,0.696379,-0.0180255,0.696379,-0.0180255
0.364,0.695682,-0.0180255,0.695682,-0.0180255,0.695682,-0.0180255,0.695682,0.0180255,0.695682,0.0180255,0.695682,0.0180255
0.365,0.694986,-0.0180255,0.694986,-0.0180255,0.694986,-0.0180255,0.694986,0.0180255,0.694986,0.0180255,0.694986,0.0180255
0.366,0.694291,0.0180255,0.694291,0.0180255,0.694291,0.0180255,0.694291,-0.0180255,0.694291,-0.0180255,0.694291,-0.0180255
0.367,0.693596,0.0180255,0.693596,0.0180255,0.693596,0.0180255,0.693596,-0.0180255,0.693596,-0.0180255,0.693596,-0.0180255
0.368,0.692902,-0.0180255,0.692902,-0.0180255,0.692902,-0.0180255,0.692902,0.0180255,0.692902,0.0180255,0.692902,0.0180255
0.369,0.692209,-0.0180255,0.692209,-0.0180255,0.692209,-0.0180255,0.692209,0.0180255,0.692209,0.0180255,0.692209,0.0180255
0.37,0.691516,0.0180255,0.691516,0.0180255,0.691516,0.0180255,0.691516,-0.0180255,0.691516,-0.0180255,0.691516,-0.0180255
0.371,0.690825,0.0180255,0.690824,0.0180255,0.690825,0.0180255,0.690825,-0.0180255,0.690824,-0.0180255,0.690825,-0.0180255
0.372,0.690133,-0.0180255,0.690133,-0.0180255,0.690133,-0.0180255,0.690133,0.0180255,0.690133,0.0180255,0.690133,0.0180255
0.373,0.689443,-0.0180255,0.689443,-0.0180255,0.689443,-0.0180255,0.689443,0.0180255,0.689443,0.0180255,0.689443,0.0180255
0.374,0.688753,0.0180255,0.688753,0.0180255,0.688753,0.0180255,0.688753,-0.0180255,0.688753,-0.0180255,0.688753,-0.0180255
0.375,0.688064,0.0180255,0.688064,0.0180255,0.688064,0.0180255,0.688064,-0.0180255,0.688064,-0.0180255,0.688064,-0.0180255
0.376,0.687376,-0.0180255,0.687375,-0.0180255,0.687376,-0.0180255,0.687376,0.0180255,0.687375,0.0180255,0.687376,0.0180255
0.377,0.686688,-0.0180255,0.686688,-0.0180255,0.686688,-0.0180255,0.686688,0.0180255,0.686688,0.0180255,0.686688,0.0180255
0.378,0.686001,0.0180255,0.686001,0.0180255,0.686001,0.0180255,0.686001,-0.0180255,0.686001,-0.0180255,0.686001,-0.0180255
0.379,0.685314,0.0180255,0.685314,0.0180255,0.685314,0.0180255,0.685314,-0.0180255,0.685314,-0.0180255,0.685314,-0.0180255
0.38,0.684629,-0.0180255,0.684629,-0.0180255,0.684629,-0.0180255,0.684629,0.0180255,0.684629,0.0180255,0.684629,0.0180255
0.381,0.683944,-0.0180255,0.683944,-0.0180255,0.683944,-0.0180255,0.683944,0.0180255,0.683944,0.0180255,0.683944,0.0180255
0.382,0.68326,0.0180255,0.683259,0.0180255,0.68326,0.0180255,0.68326,-0.0180255,0.683259,-0.0180255,0.68326,-0.0180255
0.383,0.682576,0.0180255,0.682576,0.0180255,0.682576,0.0180255,0.682576,-0.0180255,0.682576,-0.0180255,0.682576,-0.0180255
0.384,0.681893,-0.0180255,0.681893,-0.0180255,0.681893,-0.0180255,0.681893,0.0180255,0.681893,0.0180255,0.681893,0.0180255
0.385,0.681211,-0.0180255,0.681211,-0.0180255,0.681211,-0.0180255,0.681211,0.0180255,0.681211,0.0180255,0.681211,0.0180255
0.386,0.680529,0.0180255,0.680529,0.0180255,0.680529,0.0180255,0.680529,-0.0180255,0.680529,-0.0180255,0.680529,-0.0180255
0.387,0.679848,0.0180255,0.679848,0.0180255,0.679848,0.0180255,0.679848,-0.0180255,0.679848,-0.0180255,0.679848,-0.0180255
0.388,0.679168,-0.0180255,0.679168,-0.0180255,0.679168,-0.0180255,0.679168,0.0180255,0.679168,0.0180255,0.679168,0.0180255
0.389,0.678489,-0.0180255,0.678489,-0.0180255,0.678489,-0.0180255,0.678489,0.0180255,0.678489,0.0180255,0.678489,0.0180255
0.39,0.67781,0.0180255,0.67781,0.0180255,0.67781,0.0180255,0.67781,-0.0180255,0.67781,-0.0180255,0.67781,-0.0180255
0.391,0.677132,0.0180255,0.677132,0.0180255,0.677132,0.0180255,0.677132,-0.0180255,0.677132,-0.0180255,0.677132,-0.0180255
0.392,0.676454,-0.0180255,0.676454,-0.0180255,0.676454,-0.0180255,0.676454,0.0180255,0.676454,0.0180255,0.676454,0.0180255
0.393,0.675777,-0.0180255,0.675777,-0.0180255,0.675777,-0.0180255,0.675777,0.0180255,0.675777,0.0180255,0.675777,0.0180255
0.394,0.675101,0.0180255,0.675101,0.0180255,0.675101,0.0180255,0.675101,-0.0180255,0.675101,-0.0180255,0.675101,-0.0180255
0.395,0.674426,0.0180255,0.674426,0.0180255,0.674426,0.0180255,0.674426,-0.0180255,0.674426,-0.0180255,0.674426,-0.0180255
0.396,0.673751,-0.0180255,0.673751,-0.0180255,0.673751,-0.0180255,0.673751,0.0180255,0.673751,0.0180255,0.673751,0.0180255
0.397,0.673077,-0.0180255,0.673077,-0.0180255,0.673077,-0.0180255,0.673077,0.0180255,0.673077,0.0180255,0.673077,0.0180255
0.398,0.672404,0.0180255,0.672403,0.0180255,0.672404,0.0180255,0.672404,-0.0180255,0.672403,-0.0180255,0.672404,-0.0180255
0.399,0.671731,0.0180255,0.671731,0.0180255,0.671731,0.0180255,0.671731,-0.0180255,0.671731,-0.0180255,0.671731,-0.0180255
0.4,0.671059,-0.0180255,0.671059,-0.0180255,0.671059,-0.0180255,0.671059,0.0180255,0.671059,0.0180255,0.671059,0.0180255
0.401,0.670387,-0.0180255,0.670387,-0.0180255,0.670387,-0.0180255,0.670387,0.0180255,0.670387,0.0180255,0.670387,0.0180255
0.402,0.669717,0.0180255,0.669717,0.0180255,0.669717,0.0180255,0.669717,-0.0180255,0.669717,-0.0180255,0.669717,-0.0180255
0.403,0.669047,0.0180255,0.669047,0.0180255,0.669047,0.0180255,0.669047,-0.0180255,0.669047,-0.0180255,0.669047,-0.0180255
0.404,0.668377,-0.0180255,0.668377,-0.0180255,0.668377,-0.0180255,0.668377,0.0180255,0.668377,0.0180255,0.668377,0.0180255
0.405,0.667709,-0.0180255,0.667708,-0.0180255,0.667709,-0.0180255,0.667709,0.0180255,0.667708,0.0180255,0.667709,0.0180255
0.406,0.667041,0.0180255,0.66704,0.0180255,0.667041,0.0180255,0.667041,-0.0180255,0.66704,-0.0180255,0.667041,-0.0180255
0.407,0.666373,0.0180255,0.666373,0.0180255,0.666373,0.0180255,0.666373,-0.0180255,0.666373,-0.0180255,0.666373,-0.0180255
0.408,0.665706,-0.0180255,0.665706,-0.0180255,0.665706,-0.0180255,0.665706,0.0180255,0.665706,0.0180255,0.665706,0.0180255
0.409,0.66504,-0.0180255,0.66504,-0.0180255,0.66504,-0.0180255,0.66504,0.0180255,0.66504,0.0180255,0.66504,0.0180255
0.41,0.664375,0.0180255,0.664375,0.0180255,0.664375,0.0180255,0.664375,-0.0180255,0.664375,-0.0180255,0.664375,-0.0180255
0.411,0.66371,0.0180255,0.66371,0.0180255,0.66371,0.0180255,0.66371,-0.0180255,0.66371,-0.0180255,0.66371,-0.0180255
0.412,0.663046,-0.0180255,0.663046,-0.0180255,0.663046,-0.0180255,0.663046,0.0180255,0.663046,0.0180255,0.663046,0.0180255
0.413,0.662383,-0.0180255,0.662383,-0.0180255,0.662383,-0.0180255,0.662383,0.0180255,0.662383,0.0180255,0.662383,0.0180255
0.414,0.66172,0.0180255,0.66172,0.0180255,0.66172,0.0180255,0.66172,-0.0180255,0.66172,-0.0180255,0.66172,-0.0180255
0.415,0.661058,0.0180255,0.661058,0.0180255,0.661058,0.0180255,0.661058,-0.0180255,0.661058,-0.0180255,0.661058,-0.0180255
0.416,0.660397,-0.0180255,0.660397,-0.0180255,0.660397,-0.0180255,0.660397,0.0180255,0.660397,0.0180255,0.660397,0.0180255
0.417,0.659736,-0.0180255,0.659736,-0.0180255,0.659736,-0.0180255,0.659736,0.0180255,0.659736,0.0180255,0.659736,0.0180255
0.418,0.659076,0.0180255,0.659076,0.0180255,0.659076,0.0180255,0.659076,-0.0180255,0.659076,-0.0180255,0.659076,-0.0180255
0.419,0.658417,0.0180255,0.658416,0.0180255,0.658417,0.0180255,0.658417,-0.0180255,0.658416,-0.0180255,0.658417,-0.0180255
0.42,0.657758,-0.0180255,0.657758,-0.0180255,0.657758,-0.0180255,0.657758,0.0180255,0.657758,0.0180255,0.657758,0.0180255
0.421,0.6571,-0.0180255,0.6571,-0.0180255,0.6571,-0.0180255,0.6571,0.0180255,0.6571,0.0180255,0.6571,0.0180255
0.422,0.656442,0.0180255,0.656442,0.0180255,0.656442,0.0180255,0.656442,-0.0180255,0.656442,-0.0180255,0.656442,-0.0180255
0.423,0.655785,0.0180255,0.655785,0.0180255,0.655785,0.0180255,0.655785,-0.0180255,0.655785,-0.0180255,0.655785,-0.0180255
0.424,0.655129,-0.0180255,0.655129,-0.0180255,0.655129,-0.0180255,0.655129,0.0180255,0.655129,0.0180255,0.655129,0.0180255
0.425,0.654474,-0.0180255,0.654474,-0.0180255,0.654474,-0.0180255,0.654474,0.0180255,0.654474,0.0180255,0.654474,0.0180255
0.426,0.653819,0.0180255,0.653819,0.0180255,0.653819,0.0180255,0.653819,-0.0180255,0.653819,-0.0180255,0.653819,-0.0180255
0.427,0.653165,0.0180255,0.653165,0.0180255,0.653165,0.0180255,0.653165,-0.0180255,0.653165,-0.0180255,0.653165,-0.0180255
0.428,0.652511,-0.0180255,0.652511,-0.0180255,0.652511,-0.0180255,0.652511,0.0180255,0.652511,0.0180255,0.652511,0.0180255
0.429,0.651859,-0.0180255,0.651859,-0.0180255,0.651859,-0.0180255,0.651859,0.0180255,0.651859,0.0180255,0.651859,0.0180255
0.43,0.651206,0.0180255,0.651206,0.0180255,0.651206,0.0180255,0.651206,-0.0180255,0.651206,-0.0180255,0.651206,-0.0180255
0.431,0.650555,0.0180255,0.650555,0.0180255,0.650555,0.0180255,0.650555,-0.0180255,0.650555,-0.0180255,0.650555,-0.0180255
0.432,0.649904,-0.0180255,0.649904,-0.0180255,0.649904,-0.0180255,0.649904,0.0180255,0.649904,0.0180255,0.649904,0.0180255
0.433,0.649254,-0.0180255,0.649254,-0.0180255,0.649254,-0.0180255,0.649254,0.0180255,0.649254,0.0180255,0.649254,0.0180255
0.434,0.648604,0.0180255,0.648604,0.0180255,0.648604,0.0180255,0.648604,-0.0180255,0.648604,-0.0180255,0.648604,-0.0180255
0.435,0.647955,0.0180255,0.647955,0.0180255,0.647955,0.0180255,0.647955,-0.0180255,0.647955,-0.0180255,0.647955,-0.0180255
0.436,0.647307,-0.0180255,0.647307,-0.0180255,0.647307,-0.0180255,0.647307,0.0180255,0.647307,0.0180255,0.647307,0.0180255
0.437,0.646659,-0.0180255,0.646659,-0.0180255,0.646659,-0.0180255,0.646659,0.0180255,0.646659,0.0180255,0.646659,0.0180255
0.438,0.646012,0.0180255,0.646012,0.0180255,0.646012,0.0180255,0.646012,-0.0180255,0.646012,-0.0180255,0.646012,-0.0180255
0.439,0.645366,0.0180255,0.645366,0.0180255,0.645366,0.0180255,0.645366,-0.0180255,0.645366,-0.0180255,0.645366,-0.0180255
0.44,0.64472,-0.0180255,0.64472,-0.0180255,0.64472,-0.0180255,0.64472,0.0180255,0.64472,0.0180255,0.64472,0.0180255
0.441,0.644075,-0.0180255,0.644075,-0.0180255,0.644075,-0.0180255,0.644075,0.0180255,0.644075,0.0180255,0.644075,0.0180255
0.442,0.643431,0.0180255,0.643431,0.0180255,0.643431,0.0180255,0.643431,-0.0180255,0.643431,-0.0180255,0.643431,-0.0180255
0.443,0.642787,0.0180255,0.642787,0.0180255,0.642787,0.0180255,0.642787,-0.0180255,0.642787,-0.0180255,0.642787,-0.0180255
0.444,0.642144,-0.0180255,0.642144,-0.0180255,0.642144,-0.0180255,0.642144,0.0180255,0.642144,0.0180255,0.642144,0.0180255
0.445,0.641502,-0.0180255,0.641502,-0.0180255,0.641502,-0.0180255,0.641502,0.0180255,0.641502,0.0180255,0.641502,0.0180255
0.446,0.64086,0.0180255,0.64086,0.0180255,0.64086,0.0180255,0.64086,-0.0180255,0.64086,-0.0180255,0.64086,-0.0180255
0.447,0.640219,0.0180255,0.640219,0.0180255,0.640219,0.0180255,0.640219,-0.0180255,0.640219,-0.0180255,0.640219,-0.0180255
0.448,0.639578,-0.0180255,0.639578,-0.0180255,0.639578,-0.0180255,0.639578,0.0180255,0.639578,0.0180255,0.639578,0.0180255
0.449,0.638938,-0.0180255,0.638938,-0.0180255,0.638938,-0.0180255,0.638938,0.0180255,0.638938,0.0180255,0.638938,0.0180255
0.45,0.638299,0.0180255,0.638299,0.0180255,0.638299,0.0180255,0.638299,-0.0180255,0.638299,-0.0180255,0.638299,-0.0180255
0.451,0.63766,0.0180255,0.63766,0.0180255,0.63766,0.0180255,0.63766,-0.0180255,0.63766,-0.0180255,0.63766,-0.0180255
0.452,0.637022,-0.0180255,0.637022,-0.0180255,0.637022,-0.0180255,0.637022,0.0180255,0.637022,0.0180255,0.637022,0.0180255
0.453,0.636385,-0.0180255,0.636385,-0.0180255,0.636385,-0.0180255,0.636385,0.0180255,0.636385,0.0180255,0.636385,0.0180255
0.454,0.635748,0.0180255,0.635748,0.0180255,0.635748,0.0180255,0.635748,-0.0180255,0.635748,-0.0180255,0.635748,-0.0180255
0.455,0.635112,0.0180255,0.635112,0.0180255,0.635112,0.0180255,0.635112,-0.0180255,0.635112,-0.0180255,0.635112,-0.0180255
0.456,0.634477,-0.0180255,0.634477,-0.0180255,0.634477,-0.0180255,0.634477,0.0180255,0.634477,0.0180255,0.634477,0.0180255
0.457,0.633842,-0.0180255,0.633842,-0.0180255,0.633842,-0.0180255,0.633842,0.0180255,0.633842,0.0180255,0.633842,0.0180255
0.458,0.633208,0.0180255,0.633208,0.0180255,0.633208,0.0180255,0.633208,-0.0180255,0.633208,-0.0180255,0.633208,-0.0180255
0.459,0.632574,0.0180255,0.632574,0.0180255,0.632574,0.0180255,0.632574,-0.0180255,0.632574,-0.0180255,0.632574,-0.0180255
0.46,0.631941,-0.0180255,0.631941,-0.0180255,0.631941,-0.0180255,0.631941,0.0180255,0.631941,0.0180255,0.631941,0.0180255
0.461,0.631309,-0.0180255,0.631309,-0.0180255,0.631309,-0.0180255,0.631309,0.0180255,0.631309,0.0180255,0.631309,0.0180255
0.462,0.630678,0.0180255,0.630677,0.0180255,0.630678,0.0180255,0.630678,-0.0180255,0.630677,-0.0180255,0.630678,-0.0180255
0.463,0.630047,0.0180255,0.630046,0.0180255,0.630047,0.0180255,0.630047,-0.0180255,0.630046,-0.0180255,0.630047,-0.0180255
0.464,0.629416,-0.0180255,0.629416,-0.0180255,0.629416,-0.0180255,0.629416,0.0180255,0.629416,0.0180255,0.629416,0.0180255
0.465,0.628786,-0.0180255,0.628786,-0.0180255,0.628786,-0.0180255,0.628786,0.0180255,0.628786,0.0180255,0.628786,0.0180255
0.466,0.628157,0.0180255,0.628157,0.0180255,0.628157,0.0180255,0.628157,-0.0180255,0.628157,-0.0180255,0.628157,-0.0180255
0.467,0.627529,0.0180255,0.627529,0.0180255,0.627529,0.0180255,0.627529,-0.0180255,0.627529,-0.0180255,0.627529,-0.0180255
0.468,0.626901,-0.0180255,0.626901,-0.0180255,0.626901,-0.0180255,0.626901,0.0180255,0.626901,0.0180255,0.626901,0.0180255
0.469,0.626274,-0.0180255,0.626274,-0.0180255,0.626274,-0.0180255,0.626274,0.0180255,0.626274,0.0180255,0.626274,0.0180255
0.47,0.625647,0.0180255,0.625647,0.0180255,0.625647,0.0180255,0.625647,-0.0180255,0.625647,-0.0180255,0.625647,-0.0180255
0.471,0.625021,0.0180255,0.625021,0.0180255,0.625021,0.0180255,0.625021,-0.0180255,0.625021,-0.0180255,0.625021,-0.0180255
0.472,0.624396,-0.0180255,0.624396,-0.0180255,0.624396,-0.0180255,0.624396,0.0180255,0.624396,0.0180255,0.624396,0.0180255
0.473,0.623771,-0.0180255,0.623771,-0.0180255,0.623771,-0.0180255,0.623771,0.0180255,0.623771,0.0180255,0.623771,0.0180255
0.474,0.623147,0.0180255,0.623147,0.0180255,0.623147,0.0180255,0.623147,-0.0180255,0.623147,-0.0180255,0.623147,-0.0180255
0.475,0.622524,0.0180255,0.622524,0.0180255,0.622524,0.0180255,0.622524,-0.0180255,0.622524,-0.0180255,0.622524,-0.0180255
0.476,0.621901,-0.0180255,0.621901,-0.0180255,0.621901,-0.0180255,0.621901,0.0180255,0.621901,0.0180255,0.621901,0.0180255
0.477,0.621279,-0.0180255,0.621279,-0.0180255,0.621279,-0.0180255,0.621279,0.0180255,0.621279,0.0180255,0.621279,0.0180255
0.478,0.620657,0.0180255,0.620657,0.0180255,0.620657,0.0180255,0.620657,-0.0180255,0.620657,-0.0180255,0.620657,-0.0180255
0.479,0.620036,0.0180255,0.620036,0.0180255,0.620036,0.0180255,0.620036,-0.0180255,0.620036,-0.0180255,0.620036,-0.0180255
0.48,0.619416,-0.0180255,0.619416,-0.0180255,0.619416,-0.0180255,0.619416,0.0180255,0.619416,0.0180255,0.619416,0.0180255
0.481,0.618796,-0.0180255,0.618796,-0.0180255,0.618796,-0.0180255,0.618796,0.0180255,0.618796,0.0180255,0.618796,0.0180255
0.482,0.618177,0.0180255,0.618177,0.0180255,0.618177,0.0180255,0.618177,-0.0180255,0.618177,-0.0180255,0.618177,-0.0180255
0.483,0.617558,0.0180255,0.617558,0.0180255,0.617558,0.0180255,0.617558,-0.0180255,0.617558,-0.0180255,0.617558,-0.0180255
0.484,0.616941,-0.0180255,0.61694,-0.0180255,0.616941,-0.0180255,0.616941,0.0180255,0.61694,0.0180255,0.616941,0.0180255
0.485,0.616323,-0.0180255,0.616323,-0.0180255,0.616323,-0.0180255,0.616323,0.0180255,0.616323,0.0180255,0.616323,0.0180255
0.486,0.615707,0.0180255,0.615707,0.0180255,0.615707,0.0180255,0.615707,-0.0180255,0.615707,-0.0180255,0.615707,-0.0180255
0.487,0.615091,0.0180255,0.615091,0.0180255,0.615091,0.0180255,0.615091,-0.0180255,0.615091,-0.0180255,0.615091,-0.0180255
0.488,0.614475,-0.0180255,0.614475,-0.0180255,0.614475,-0.0180255,0.614475,0.0180255,0.614475,0.0180255,0.614475,0.0180255
0.489,0.61386,-0.0180255,0.61386,-0.0180255,0.61386,-0.0180255,0.61386,0.0180255,0.61386,0.0180255,0.61386,0.0180255
0.49,0.613246,0.0180255,0.613246,0.0180255,0.613246,0.0180255,0.613246,-0.0180255,0.613246,-0.0180255,0.613246,-0.0180255
0.491,0.612633,0.0180255,0.612633,0.0180255,0.612633,0.0180255,0.612633,-0.0180255,0.612633,-0.0180255,0.612633,-0.0180255
0.492,0.61202,-0.0180255,0.61202,-0.0180255,0.61202,-0.0180255,0.61202,0.0180255,0.61202,0.0180255,0.61202,0.0180255
0.493,0.611407,-0.0180255,0.611407,-0.0180255,0.611407,-0.0180255,0.611407,0.0180255,0.611407,0.0180255,0.611407,0.0180255
0.494,0.610796,0.0180255,0.610796,0.0180255,0.610796,0.0180255,0.610796,-0.0180255,0.610796,-0.0180255,0.610796,-0.0180255
0.495,0.610185,0.0180255,0.610185,0.0180255,0.610185,0.0180255,0.610185,-0.0180255,0.610185,-0.0180255,0.610185,-0.0180255
0.496,0.609574,-0.0180255,0.609574,-0.0180255,0.609574,-0.0180255,0.609574,0.0180255,0.609574,0.0180255,0.609574,0.0180255
0.497,0.608964,-0.0180255,0.608964,-0.0180255,0.608964,-0.0180255,0.608964,0.0180255,0.608964,0.0180255,0.608964,0.0180255
0.498,0.608355,0.0180255,0.608355,0.0180255,0.608355,0.0180255,0.608355,-0.0180255,0.608355,-0.0180255,0.608355,-0.0180255
0.499,0.607746,0.0180255,0.607746,0.0180255,0.607746,0.0180255,0.607746,-0.0180255,0.607746,-0.0180255,0.607746,-0.0180255
