x1,y1,r1,x2,y2,r2,x3,y3,r3,x4,y4,r4,x5,y5,r5,x6,y6,r6,
2.5,2.6,1.5,7.5,2.6,1,13.5,2.6,0.5,2.5,7.8,1.5,7.5,7.8,1,13.5,7.8,0.5,
time,x1,y1,x2,y2,x3,y3,x4,y4,x5,y5,x6,y6
0,1.5,2.59808,7.5,2.59808,13.5,2.59808,1.5,7.79423,7.5,7.79423,13.5,7.79423
0.001,1.5,2.59808,7.5,2.59808,13.5,2.59808,1.5,7.79423,7.5,7.79423,13.5,7.79423
0.002,1.5,2.59808,7.5,2.59808,13.5,2.59808,1.5,7.79423,7.5,7.79423,13.5,7.79423
0.003,1.5,2.59808,7.5,2.59808,13.5,2.59808,1.5,7.79423,7.5,7.79423,13.5,7.79423
0.004,1.50001,2.59808,7.50001,2.59808,13.5,2.59808,1.50001,7.79423,7.50001,7.79423,13.5,7.79423
0.005,1.50001,2.59808,7.50001,2.59808,13.5,2.59808,1.50001,7.79423,7.50001,7.79423,13.5,7.79423
0.006,1.50001,2.59808,7.50001,2.59808,13.5,2.59808,1.50001,7.79423,7.50001,7.79423,13.5,7.79423
0.007,1.50002,2.59808,7.50002,2.59808,13.5,2.59808,1.50002,7.79423,7.50002,7.79423,13.5,7.79423
0.008,1.50003,2.59808,7.50003,2.59808,13.5,2.59808,1.50003,7.79423,7.50003,7.79423,13.5,7.79423
0.009,1.50004,2.59808,7.50004,2.59808,13.5,2.59808,1.50004,7.79423,7.50004,7.79423,13.5,7.79423
0.01,1.50004,2.59808,7.50004,2.59808,13.5,2.59808,1.50004,7.79423,7.50004,7.79423,13.5,7.79423
0.011,1.50005,2.59808,7.50005,2.59808,13.5001,2.59808,1.50005,7.79423,7.50005,7.79423,13.5001,7.79423
0.012,1.50007,2.59808,7.50007,2.59808,13.5001,2.59808,1.50007,7.79423,7.50007,7.79423,13.5001,7.79423
0.013,1.50008,2.59808,7.50008,2.59808,13.5001,2.59808,1.50008,7.79423,7.50008,7.79423,13.5001,7.79423
0.014,1.50009,2.59808,7.50009,2.59808,13.5001,2.59808,1.50009,7.79423,7.50009,7.79423,13.5001,7.79423
0.015,1.5001,2.59808,7.5001,2.59808,13.5001,2.59808,1.5001,7.79423,7.5001,7.79423,13.5001,7.79423
0.016,1.50012,2.59808,7.50012,2.59808,13.5001,2.59808,1.50012,7.79423,7.50012,7.79423,13.5001,7.79423
0.017,1.50014,2.59808,7.50014,2.59808,13.5001,2.59808,1.50014,7.79423,7.50014,7.79423,13.5001,7.79423
0.018,1.50015,2.59808,7.50015,2.59808,13.5002,2.59808,1.50015,7.79423,7.50015,7.79423,13.5002,7.79423
0.019,1.50017,2.59808,7.50017,2.59808,13.5002,2.59808,1.50017,7.79423,7.50017,7.79423,13.5002,7.79423
0.02,1.50019,2.59808,7.50019,2.59808,13.5002,2.59808,1.50019,7.79423,7.50019,7.79423,13.5002,7.79423
0.021,1.50021,2.59808,7.50021,2.59808,13.5002,2.59808,1.50021,7.79423,7.50021,7.79423,13.5002,7.79423
0.022,1.50023,2.59808,7.50023,2.59808,13.5002,2.59808,1.50023,7.79423,7.50023,7.79423,13.5002,7.79423
0.023,1.50025,2.59808,7.50025,2.59808,13.5003,2.59808,1.50025,7.79423,7.50025,7.79423,13.5003,7.79423
0.024,1.50027,2.59808,7.50027,2.59808,13.5003,2.59808,1.50027,7.79423,7.50027,7.79423,13.5003,7.79423
0.025,1.5003,2.59808,7.5003,2.59808,13.5003,2.59808,1.5003,7.79423,7.5003,7.79423,13.5003,7.79423
0.026,1.50032,2.59808,7.50032,2.59808,13.5003,2.59808,1.50032,7.79423,7.50032,7.79423,13.5003,7.79423
0.027,1.50035,2.59808,7.50035,2.59808,13.5003,2.59808,1.50035,7.79423,7.50035,7.79423,13.5003,7.79423
0.028,1.50037,2.59808,7.50037,2.59808,13.5004,2.59808,1.50037,7.79423,7.50037,7.79423,13.5004,7.79423
0.029,1.5004,2.59808,7.5004,2.59808,13.5004,2.59808,1.5004,7.79423,7.5004,7.79423,13.5004,7.79423
0.03,1.50043,2.59808,7.50043,2.59808,13.5004,2.59808,1.50043,7.79423,7.50043,7.79423,13.5004,7.79423
0.031,1.50046,2.59808,7.50046,2.59808,13.5005,2.59808,1.50046,7.79423,7.50046,7.79423,13.5005,7.79423
0.032,1.50049,2.59808,7.50049,2.59808,13.5005,2.59808,1.50049,7.79423,7.50049,7.79423,13.5005,7.79423
0.033,1.50052,2.59808,7.50052,2.59808,13.5005,2.59808,1.50052,7.79423,7.50052,7.79423,13.5005,7.79423
0.034,1.50056,2.59808,7.50056,2.59808,13.5006,2.59808,1.50056,7.79423,7.50056,7.79423,13.5006,7.79423
0.035,1.50059,2.59808,7.50059,2.59808,13.5006,2.59808,1.50059,7.79423,7.50059,7.79423,13.5006,7.79423
0.036,1.50062,2.59808,7.50062,2.59808,13.5006,2.59808,1.50062,7.79423,7.50062,7.79423,13.5006,7.79423
0.037,1.50066,2.59808,7.50066,2.59808,13.5007,2.59808,1.50066,7.79423,7.50066,7.79423,13.5007,7.79423
0.038,1.50069,2.59808,7.50069,2.59808,13.5007,2.59808,1.50069,7.79423,7.50069,7.79423,13.5007,7.79423
0.039,1.50073,2.59808,7.50073,2.59808,13.5007,2.59808,1.50073,7.79423,7.50073,7.79423,13.5007,7.79423
0.04,1.50077,2.59808,7.50077,2.59808,13.5008,2.59808,1.50077,7.79423,7.50077,7.79423,13.5008,7.79423
0.041,1.50081,2.59808,7.50081,2.59808,13.5008,2.59808,1.50081,7.79423,7.50081,7.79423,13.5008,7.79423
0.042,1.50085,2.59808,7.50085,2.59808,13.5009,2.59808,1.50085,7.79423,7.50085,7.79423,13.5009,7.79423
0.043,1.50089,2.59808,7.50089,2.59808,13.5009,2.59808,1.50089,7.79423,7.50089,7.79423,13.5009,7.79423
0.044,1.50093,2.59808,7.50093,2.59808,13.5009,2.59808,1.50093,7.79423,7.50093,7.79423,13.5009,7.79423
0.045,1.50098,2.59808,7.50098,2.59808,13.501,2.59808,1.50098,7.79423,7.50098,7.79423,13.501,7.79423
0.046,1.50102,2.59808,7.50102,2.59808,13.501,2.59808,1.50102,7.79423,7.50102,7.79423,13.501,7.79423
0.047,1.50107,2.59808,7.50107,2.59808,13.5011,2.59808,1.50107,7.79423,7.50107,7.79423,13.5011,7.79423
0.048,1.50111,2.59808,7.50111,2.59808,13.5011,2.59808,1.50111,7.79423,7.50111,7.79423,13.5011,7.79423
0.049,1.50116,2.59808,7.50116,2.59808,13.5012,2.59808,1.50116,7.79423,7.50116,7.79423,13.5012,7.79423
0.05,1.50121,2.59808,7.50121,2.59808,13.5012,2.59808,1.50121,7.79423,7.50121,7.79423,13.5012,7.79423
0.051,1.50126,2.59808,7.50126,2.59808,13.5013,2.59808,1.50126,7.79423,7.50126,7.79423,13.5013,7.79423
0.052,1.5013,2.59808,7.5013,2.59808,13.5013,2.59808,1.5013,7.79423,7.5013,7.79423,13.5013,7.79423
0.053,1.50136,2.59808,7.50136,2.59808,13.5014,2.59808,1.50136,7.79423,7.50136,7.79423,13.5014,7.79423
0.054,1.50141,2.59808,7.50141,2.59808,13.5014,2.59808,1.50141,7.79423,7.50141,7.79423,13.5014,7.79423
0.055,1.50146,2.59808,7.50146,2.59808,13.5015,2.59808,1.50146,7.79423,7.50146,7.79423,13.5015,7.79423
0.056,1.50151,2.59808,7.50151,2.59808,13.5015,2.59808,1.50151,7.79423,7.50151,7.79423,13.5015,7.79423
0.057,1.50157,2.59808,7.50157,2.59808,13.5016,2.59808,1.50157,7.79423,7.50157,7.79423,13.5016,7.79423
0.058,1.50162,2.59808,7.50162,2.59808,13.5016,2.59808,1.50162,7.79423,7.50162,7.79423,13.5016,7.79423
0.059,1.50168,2.59808,7.50168,2.59808,13.5017,2.59808,1.50168,7.79423,7.50168,7.79423,13.5017,7.79423
0.06,1.50174,2.59808,7.50174,2.59808,13.5017,2.59808,1.50174,7.79423,7.50174,7.79423,13.5017,7.79423
0.061,1.5018,2.59808,7.5018,2.59808,13.5018,2.59808,1.5018,7.79423,7.5018,7.79423,13.5018,7.79423
0.062,1.50185,2.59808,7.50185,2.59808,13.5019,2.59808,1.50185,7.79423,7.50185,7.79423,13.5019,7.79423
0.063,1.50191,2.59808,7.50191,2.59808,13.5019,2.59808,1.50191,7.79423,7.50191,7.79423,13.5019,7.79423
0.064,1.50198,2.59808,7.50198,2.59808,13.502,2.59808,1.50198,7.79423,7.50198,7.79423,13.502,7.79423
0.065,1.50204,2.59808,7.50204,2.59808,13.502,2.59808,1.50204,7.79423,7.50204,7.79423,13.502,7.79423
0.066,1.5021,2.59808,7.5021,2.59808,13.5021,2.59808,1.5021,7.79423,7.5021,7.79423,13.5021,7.79423
0.067,1.50216,2.59808,7.50216,2.59808,13.5022,2.59808,1.50216,7.79423,7.50216,7.79423,13.5022,7.79423
0.068,1.50223,2.59808,7.50223,2.59808,13.5022,2.59808,1.50223,7.79423,7.50223,7.79423,13.5022,7.79423
0.069,1.5023,2.59808,7.5023,2.59808,13.5023,2.59808,1.5023,7.79423,7.5023,7.79423,13.5023,7.79423
0.07,1.50236,2.59808,7.50236,2.59808,13.5024,2.59808,1.50236,7.79423,7.50236,7.79423,13.5024,7.79423
0.071,1.50243,2.59808,7.50243,2.59808,13.5024,2.59808,1.50243,7.79423,7.50243,7.79423,13.5024,7.79423
0.072,1.5025,2.59808,7.5025,2.59808,13.5025,2.59808,1.5025,7.79423,7.5025,7.79423,13.5025,7.79423
0.073,1.50257,2.59808,7.50257,2.59808,13.5026,2.59808,1.50257,7.79423,7.50257,7.79423,13.5026,7.79423
0.074,1.50264,2.59808,7.50264,2.59808,13.5026,2.59808,1.50264,7.79423,7.50264,7.79423,13.5026,7.79423
0.075,1.50271,2.59808,7.50271,2.59808,13.5027,2.59808,1.50271,7.79423,7.50271,7.79423,13.5027,7.79423
0.076,1.50278,2.59808,7.50278,2.59808,13.5028,2.59808,1.50278,7.79423,7.50278,7.79423,13.5028,7.79423
0.077,1.50286,2.59808,7.50286,2.59808,13.5029,2.59808,1.50286,7.79423,7.50286,7.79423,13.5029,7.79423
0.078,1.50293,2.59808,7.50293,2.59808,13.5029,2.59808,1.50293,7.79423,7.50293,7.79423,13.5029,7.79423
0.079,1.503,2.59808,7.503,2.59808,13.503,2.59808,1.503,7.79423,7.503,7.79423,13.503,7.79423
0.08,1.50308,2.59808,7.50308,2.59808,13.5031,2.59808,1.50308,7.79423,7.50308,7.79423,13.5031,7.79423
0.081,1.50316,2.59808,7.50316,2.59808,13.5032,2.59808,1.50316,7.79423,7.50316,7.79423,13.5032,7.79423
0.082,1.50324,2.59808,7.50324,2.59808,13.5032,2.59808,1.50324,7.79423,7.50324,7.79423,13.5032,7.79423
0.083,1.50331,2.59808,7.50331,2.59808,13.5033,2.59808,1.50331,7.79423,7.50331,7.79423,13.5033,7.79423
0.084,1.50339,2.59808,7.50339,2.59808,13.5034,2.59808,1.50339,7.79423,7.50339,7.79423,13.5034,7.79423
0.085,1.50347,2.59808,7.50347,2.59808,13.5035,2.59808,1.50347,7.79423,7.50347,7.79423,13.5035,7.79423
0.086,1.50356,2.59808,7.50356,2.59808,13.5036,2.59808,1.50356,7.79423,7.50356,7.79423,13.5036,7.79423
0.087,1.50364,2.59808,7.50364,2.59808,13.5036,2.59808,1.50364,7.79423,7.50364,7.79423,13.5036,7.79423
0.088,1.50372,2.59808,7.50372,2.59808,13.5037,2.59808,1.50372,7.79423,7.50372,7.79423,13.5037,7.79423
0.089,1.50381,2.59808,7.50381,2.59808,13.5038,2.59808,1.50381,7.79423,7.50381,7.79423,13.5038,7.79423
0.09,1.50389,2.59808,7.50389,2.59808,13.5039,2.59808,1.50389,7.79423,7.50389,7.79423,13.5039,7.79423
0.091,1.50398,2.59808,7.50398,2.59808,13.504,2.59808,1.50398,7.79423,7.50398,7.79423,13.504,7.79423
0.092,1.50407,2.59808,7.50407,2.59808,13.5041,2.59808,1.50407,7.79423,7.50407,7.79423,13.5041,7.79423
0.093,1.50415,2.59808,7.50415,2.59808,13.5042,2.59808,1.50415,7.79423,7.50415,7.79423,13.5042,7.79423
0.094,1.50424,2.59808,7.50424,2.59808,13.5042,2.59808,1.50424,7.79423,7.50424,7.79423,13.5042,7.79423
0.095,1.50433,2.59808,7.50433,2.59808,13.5043,2.59808,1.50433,7.79423,7.50433,7.79423,13.5043,7.79423
0.096,1.50442,2.59808,7.50442,2.59808,13.5044,2.59808,1.50442,7.79423,7.50442,7.79423,13.5044,7.79423
0.097,1.50451,2.59808,7.50451,2.59808,13.5045,2.59808,1.50451,7.79423,7.50451,7.79423,13.5045,7.79423
0.098,1.50461,2.59808,7.50461,2.59808,13.5046,2.59808,1.50461,7.79423,7.50461,7.79423,13.5046,7.79423
0.099,1.5047,2.59808,7.5047,2.59808,13.5047,2.59808,1.5047,7.79423,7.5047,7.79423,13.5047,7.79423
0.1,1.50479,2.59808,7.50479,2.59808,13.5048,2.59808,1.50479,7.79423,7.50479,7.79423,13.5048,7.79423
0.101,1.50489,2.59808,7.50489,2.59808,13.5049,2.59808,1.50489,7.79423,7.50489,7.79423,13.5049,7.79423
0.102,1.50499,2.59808,7.50499,2.59808,13.505,2.59808,1.50499,7.79423,7.50499,7.79423,13.505,7.79423
0.103,1.50508,2.59808,7.50508,2.59808,13.5051,2.59808,1.50508,7.79423,7.50508,7.79423,13.5051,7.79423
0.104,1.50518,2.59808,7.50518,2.59808,13.5052,2.59808,1.50518,7.79423,7.50518,7.79423,13.5052,7.79423
0.105,1.50528,2.59808,7.50528,2.59808,13.5053,2.59808,1.50528,7.79423,7.50528,7.79423,13.5053,7.79423
0.106,1.50538,2.59808,7.50538,2.59808,13.5054,2.59808,1.50538,7.79423,7.50538,7.79423,13.5054,7.79423
0.107,1.50548,2.59808,7.50548,2.59808,13.5055,2.59808,1.50548,7.79423,7.50548,7.79423,13.5055,7.79423
0.108,1.50558,2.59808,7.50558,2.59808,13.5056,2.59808,1.50558,7.79423,7.50558,7.79423,13.5056,7.79423
0.109,1.50568,2.59808,7.50568,2.59808,13.5057,2.59808,1.50568,7.79423,7.50568,7.79423,13.5057,7.79423
0.11,1.50579,2.59808,7.50579,2.59808,13.5058,2.59808,1.50579,7.79423,7.50579,7.79423,13.5058,7.79423
0.111,1.50589,2.59808,7.50589,2.59808,13.5059,2.59808,1.50589,7.79423,7.50589,7.79423,13.5059,7.79423
0.112,1.506,2.59808,7.506,2.59808,13.506,2.59808,1.506,7.79423,7.506,7.79423,13.506,7.79423
0.113,1.5061,2.59808,7.5061,2.59808,13.5061,2.59808,1.5061,7.79423,7.5061,7.79423,13.5061,7.79423
0.114,1.50621,2.59808,7.50621,2.59808,13.5062,2.59808,1.50621,7.79423,7.50621,7.79423,13.5062,7.79423
0.115,1.50632,2.59808,7.50632,2.59808,13.5063,2.59808,1.50632,7.79423,7.50632,7.79423,13.5063,7.79423
0.116,1.50643,2.59808,7.50643,2.59808,13.5064,2.59808,1.50643,7.79423,7.50643,7.79423,13.5064,7.79423
0.117,1.50654,2.59808,7.50654,2.59808,13.5065,2.59808,1.50654,7.79423,7.50654,7.79423,13.5065,7.79423
0.118,1.50665,2.59808,7.50665,2.59808,13.5066,2.59808,1.50665,7.79423,7.50665,7.79423,13.5066,7.79423
0.119,1.50676,2.59808,7.50676,2.59808,13.5068,2.59808,1.50676,7.79423,7.50676,7.79423,13.5068,7.79423
0.12,1.50687,2.59808,7.50687,2.59808,13.5069,2.59808,1.50687,7.79423,7.50687,7.79423,13.5069,7.79423
0.121,1.50698,2.59808,7.50698,2.59808,13.507,2.59808,1.50698,7.79423,7.50698,7.79423,13.507,7.79423
0.122,1.5071,2.59808,7.5071,2.59808,13.5071,2.59808,1.5071,7.79423,7.5071,7.79423,13.5071,7.79423
0.123,1.50721,2.59808,7.50721,2.59808,13.5072,2.59808,1.50721,7.79423,7.50721,7.79423,13.5072,7.79423
0.124,1.50733,2.59808,7.50733,2.59808,13.5073,2.59808,1.50733,7.79423,7.50733,7.79423,13.5073,7.79423
0.125,1.50745,2.59808,7.50745,2.59808,13.5074,2.59808,1.50745,7.79423,7.50745,7.79423,13.5074,7.79423
0.126,1.50756,2.59808,7.50756,2.59808,13.5076,2.59808,1.50756,7.79423,7.50756,7.79423,13.5076,7.79423
0.127,1.50768,2.59808,7.50768,2.59808,13.5077,2.59808,1.50768,7.79423,7.50768,7.79423,13.5077,7.79423
0.128,1.5078,2.59808,7.5078,2.59808,13.5078,2.59808,1.5078,7.79423,7.5078,7.79423,13.5078,7.79423
0.129,1.50792,2.59808,7.50792,2.59808,13.5079,2.59808,1.50792,7.79423,7.50792,7.79423,13.5079,7.79423
0.13,1.50804,2.59808,7.50804,2.59808,13.508,2.59808,1.50804,7.79423,7.50804,7.79423,13.508,7.79423
0.131,1.50816,2.59808,7.50816,2.59808,13.5082,2.59808,1.50816,7.79423,7.50816,7.79423,13.5082,7.79423
0.132,1.50829,2.59808,7.50829,2.59808,13.5083,2.59808,1.50829,7.79423,7.50829,7.79423,13.5083,7.79423
0.133,1.50841,2.59808,7.50841,2.59808,13.5084,2.59808,1.50841,7.79423,7.50841,7.79423,13.5084,7.79423
0.134,1.50854,2.59808,7.50854,2.59808,13.5085,2.59808,1.50854,7.79423,7.50854,7.79423,13.5085,7.79423
0.135,1.50866,2.59808,7.50866,2.59808,13.5087,2.59808,1.50866,7.79423,7.50866,7.79423,13.5087,7.79423
0.136,1.50879,2.59808,7.50879,2.59808,13.5088,2.59808,1.50879,7.79423,7.50879,7.79423,13.5088,7.79423
0.137,1.50891,2.59808,7.50891,2.59808,13.5089,2.59808,1.50891,7.79423,7.50891,7.79423,13.5089,7.79423
0.138,1.50904,2.59808,7.50904,2.59808,13.509,2.59808,1.50904,7.79423,7.50904,7.79423,13.509,7.79423
0.139,1.50917,2.59808,7.50917,2.59808,13.5092,2.59808,1.50917,7.79423,7.50917,7.79423,13.5092,7.79423
0.14,1.5093,2.59808,7.5093,2.59808,13.5093,2.59808,1.5093,7.79423,7.5093,7.79423,13.5093,7.79423
0.141,1.50943,2.59808,7.50943,2.59808,13.5094,2.59808,1.50943,7.79423,7.50943,7.79423,13.5094,7.79423
0.142,1.50956,2.59808,7.50956,2.59808,13.5096,2.59808,1.50956,7.79423,7.50956,7.79423,13.5096,7.79423
0.143,1.5097,2.59808,7.5097,2.59808,13.5097,2.59808,1.5097,7.79423,7.5097,7.79423,13.5097,7.79423
0.144,1.50983,2.59808,7.50983,2.59808,13.5098,2.59808,1.50983,7.79423,7.50983,7.79423,13.5098,7.79423
0.145,1.50996,2.59808,7.50996,2.59808,13.51,2.59808,1.50996,7.79423,7.50996,7.79423,13.51,7.79423
0.146,1.5101,2.59808,7.5101,2.59808,13.5101,2.59808,1.5101,7.79423,7.5101,7.79423,13.5101,7.79423
0.147,1.51024,2.59808,7.51024,2.59808,13.5102,2.59808,1.51024,7.79423,7.51024,7.79423,13.5102,7.79423
0.148,1.51037,2.59808,7.51037,2.59808,13.5104,2.59808,1.51037,7.79423,7.51037,7.79423,13.5104,7.79423
0.149,1.51051,2.59808,7.51051,2.59808,13.5105,2.59808,1.51051,7.79423,7.51051,7.79423,13.5105,7.79423
0.15,1.51065,2.59808,7.51065,2.59808,13.5106,2.59808,1.51065,7.79423,7.51065,7.79423,13.5106,7.79423
0.151,1.51079,2.59808,7.51079,2.59808,13.5108,2.59808,1.51079,7.79423,7.51079,7.79423,13.5108,7.79423
0.152,1.51093,2.59808,7.51093,2.59808,13.5109,2.59808,1.51093,7.79423,7.51093,7.79423,13.5109,7.79423
0.153,1.51107,2.59808,7.51107,2.59808,13.5111,2.59808,1.51107,7.79423,7.51107,7.79423,13.5111,7.79423
0.154,1.51121,2.59808,7.51121,2.59808,13.5112,2.59808,1.51121,7.79423,7.51121,7.79423,13.5112,7.79423
0.155,1.51135,2.59808,7.51135,2.59808,13.5114,2.59808,1.51135,7.79423,7.51135,7.79423,13.5114,7.79423
0.156,1.5115,2.59808,7.5115,2.59808,13.5115,2.59808,1.5115,7.79423,7.5115,7.79423,13.5115,7.79423
0.157,1.51164,2.59808,7.51164,2.59808,13.5116,2.59808,1.51164,7.79423,7.51164,7.79423,13.5116,7.79423
0.158,1.51179,2.59808,7.51179,2.59808,13.5118,2.59808,1.51179,7.79423,7.51179,7.79423,13.5118,7.79423
0.159,1.51193,2.59808,7.51193,2.59808,13.5119,2.59808,1.51193,7.79423,7.51193,7.79423,13.5119,7.79423
0.16,1.51208,2.59808,7.51208,2.59808,13.5121,2.59808,1.51208,7.79423,7.51208,7.79423,13.5121,7.79423
0.161,1.51223,2.59808,7.51223,2.59808,13.5122,2.59808,1.51223,7.79423,7.51223,7.79423,13.5122,7.79423
0.162,1.51238,2.59808,7.51238,2.59808,13.5124,2.59808,1.51238,7.79423,7.51238,7.79423,13.5124,7.79423
0.163,1.51253,2.59808,7.51253,2.59808,13.5125,2.59808,1.51253,7.79423,7.51253,7.79423,13.5125,7.79423
0.164,1.51268,2.59808,7.51268,2.59808,13.5127,2.59808,1.51268,7.79423,7.51268,7.79423,13.5127,7.79423
0.165,1.51283,2.59808,7.51283,2.59808,13.5128,2.59808,1.51283,7.79423,7.51283,7.79423,13.5128,7.79423
0.166,1.51298,2.59808,7.51298,2.59808,13.513,2.59808,1.51298,7.79423,7.51298,7.79423,13.513,7.79423
0.167,1.51314,2.59808,7.51314,2.59808,13.5131,2.59808,1.51314,7.79423,7.51314,7.79423,13.5131,7.79423
0.168,1.51329,2.59808,7.51329,2.59808,13.5133,2.59808,1.51329,7.79423,7.51329,7.79423,13.5133,7.79423
0.169,1.51344,2.59808,7.51344,2.59808,13.5134,2.59808,1.51344,7.79423,7.51344,7.79423,13.5134,7.79423
0.17,1.5136,2.59808,7.5136,2.59808,13.5136,2.59808,1.5136,7.79423,7.5136,7.79423,13.5136,7.79423
0.171,1.51376,2.59808,7.51376,2.59808,13.5138,2.59808,1.51376,7.79423,7.51376,7.79423,13.5138,7.79423
0.172,1.51391,2.59808,7.51391,2.59808,13.5139,2.59808,1.51391,7.79423,7.51391,7.79423,13.5139,7.79423
0.173,1.51407,2.59808,7.51407,2.59808,13.5141,2.59808,1.51407,7.79423,7.51407,7.79423,13.5141,7.79423
0.174,1.51423,2.59808,7.51423,2.59808,13.5142,2.59808,1.51423,7.79423,7.51423,7.79423,13.5142,7.79423
0.175,1.51439,2.59808,7.51439,2.59808,13.5144,2.59808,1.51439,7.79423,7.51439,7.79423,13.5144,7.79423
0.176,1.51455,2.59808,7.51455,2.59808,13.5146,2.59808,1.51455,7.79423,7.51455,7.79423,13.5146,7.79423
0.177,1.51471,2.59808,7.51471,2.59808,13.5147,2.59808,1.51471,7.79423,7.51471,7.79423,13.5147,7.79423
0.178,1.51487,2.59808,7.51487,2.59808,13.5149,2.59808,1.51487,7.79423,7.51487,7.79423,13.5149,7.79423
0.179,1.51504,2.59808,7.51504,2.59808,13.515,2.59808,1.51504,7.79423,7.51504,7.79423,13.515,7.79423
0.18,1.5152,2.59808,7.5152,2.59808,13.5152,2.59808,1.5152,7.79423,7.5152,7.79423,13.5152,7.79423
0.181,1.51537,2.59808,7.51537,2.59808,13.5154,2.59808,1.51537,7.79423,7.51537,7.79423,13.5154,7.79423
0.182,1.51553,2.59808,7.51553,2.59808,13.5155,2.59808,1.51553,7.79423,7.51553,7.79423,13.5155,7.79423
0.183,1.5157,2.59808,7.5157,2.59808,13.5157,2.59808,1.5157,7.79423,7.5157,7.79423,13.5157,7.79423
0.184,1.51587,2.59808,7.51587,2.59808,13.5159,2.59808,1.51587,7.79423,7.51587,7.79423,13.5159,7.79423
0.185,1.51603,2.59808,7.51603,2.59808,13.516,2.59808,1.51603,7.79423,7.51603,7.79423,13.516,7.79423
0.186,1.5162,2.59808,7.5162,2.59808,13.5162,2.59808,1.5162,7.79423,7.5162,7.79423,13.5162,7.79423
0.187,1.51637,2.59808,7.51637,2.59808,13.5164,2.59808,1.51637,7.79423,7.51637,7.79423,13.5164,7.79423
0.188,1.51654,2.59808,7.51654,2.59808,13.5165,2.59808,1.51654,7.79423,7.51654,7.79423,13.5165,7.79423
0.189,1.51672,2.59808,7.51672,2.59808,13.5167,2.59808,1.51672,7.79423,7.51672,7.79423,13.5167,7.79423
0.19,1.51689,2.59808,7.51689,2.59808,13.5169,2.59808,1.51689,7.79423,7.51689,7.79423,13.5169,7.79423
0.191,1.51706,2.59808,7.51706,2.59808,13.5171,2.59808,1.51706,7.79423,7.51706,7.79423,13.5171,7.79423
0.192,1.51724,2.59808,7.51724,2.59808,13.5172,2.59808,1.51724,7.79423,7.51724,7.79423,13.5172,7.79423
0.193,1.51741,2.59808,7.51741,2.59808,13.5174,2.59808,1.51741,7.79423,7.51741,7.79423,13.5174,7.79423
0.194,1.51759,2.59808,7.51759,2.59808,13.5176,2.59808,1.51759,7.79423,7.51759,7.79423,13.5176,7.79423
0.195,1.51776,2.59808,7.51776,2.59808,13.5178,2.59808,1.51776,7.79423,7.51776,7.79423,13.5178,7.79423
0.196,1.51794,2.59808,7.51794,2.59808,13.5179,2.59808,1.51794,7.79423,7.51794,7.79423,13.5179,7.79423
0.197,1.51812,2.59808,7.51812,2.59808,13.5181,2.59808,1.51812,7.79423,7.51812,7.79423,13.5181,7.79423
0.198,1.5183,2.59808,7.5183,2.59808,13.5183,2.59808,1.5183,7.79423,7.5183,7.79423,13.5183,7.79423
0.199,1.51848,2.59808,7.51848,2.59808,13.5185,2.59808,1.51848,7.79423,7.51848,7.79423,13.5185,7.79423
0.2,1.51866,2.59808,7.51866,2.59808,13.5187,2.59808,1.51866,7.79423,7.51866,7.79423,13.5187,7.79423
0.201,1.51884,2.59808,7.51884,2.59808,13.5188,2.59808,1.51884,7.79423,7.51884,7.79423,13.5188,7.79423
0.202,1.51902,2.59808,7.51902,2.59808,13.519,2.59808,1.51902,7.79423,7.51902,7.79423,13.519,7.79423
0.203,1.5192,2.59808,7.5192,2.59808,13.5192,2.59808,1.5192,7.79423,7.5192,7.79423,13.5192,7.79423
0.204,1.51939,2.59808,7.51939,2.59808,13.5194,2.59808,1.51939,7.79423,7.51939,7.79423,13.5194,7.79423
0.205,1.51957,2.59808,7.51957,2.59808,13.5196,2.59808,1.51957,7.79423,7.51957,7.79423,13.5196,7.79423
0.206,1.51976,2.59808,7.51976,2.59808,13.5198,2.59808,1.51976,7.79423,7.51976,7.79423,13.5198,7.79423
0.207,1.51994,2.59808,7.51994,2.59808,13.5199,2.59808,1.51994,7.79423,7.51994,7.79423,13.5199,7.79423
0.208,1.52013,2.59808,7.52013,2.59808,13.5201,2.59808,1.52013,7.79423,7.52013,7.79423,13.5201,7.79423
0.209,1.52032,2.59808,7.52032,2.59808,13.5203,2.59808,1.52032,7.79423,7.52032,7.79423,13.5203,7.79423
0.21,1.52051,2.59808,7.52051,2.59808,13.5205,2.59808,1.52051,7.79423,7.52051,7.79423,13.5205,7.79423
0.211,1.5207,2.59808,7.5207,2.59808,13.5207,2.59808,1.5207,7.79423,7.5207,7.79423,13.5207,7.79423
0.212,1.52089,2.59808,7.52089,2.59808,13.5209,2.59808,1.52089,7.79423,7.52089,7.79423,13.5209,7.79423
0.213,1.52108,2.59808,7.52108,2.59808,13.5211,2.59808,1.52108,7.79423,7.52108,7.79423,13.5211,7.79423
0.214,1.52127,2.59808,7.52127,2.59808,13.5213,2.59808,1.52127,7.79423,7.52127,7.79423,13.5213,7.79423
0.215,1.52146,2.59808,7.52146,2.59808,13.5215,2.59808,1.52146,7.79423,7.52146,7.79423,13.5215,7.79423
0.216,1.52166,2.59808,7.52166,2.59808,13.5217,2.59808,1.52166,7.79423,7.52166,7.79423,13.5217,7.79423
0.217,1.52185,2.59808,7.52185,2.59808,13.5219,2.59808,1.52185,7.79423,7.52185,7.79423,13.5219,7.79423
0.218,1.52205,2.59808,7.52205,2.59808,13.522,2.59808,1.52205,7.79423,7.52205,7.79423,13.522,7.79423
0.219,1.52224,2.59808,7.52224,2.59808,13.5222,2.59808,1.52224,7.79423,7.52224,7.79423,13.5222,7.79423
0.22,1.52244,2.59808,7.52244,2.59808,13.5224,2.59808,1.52244,7.79423,7.52244,7.79423,13.5224,7.79423
0.221,1.52264,2.59808,7.52264,2.59808,13.5226,2.59808,1.52264,7.79423,7.52264,7.79423,13.5226,7.79423
0.222,1.52284,2.59808,7.52284,2.59808,13.5228,2.59808,1.52284,7.79423,7.52284,7.79423,13.5228,7.79423
0.223,1.52304,2.59808,7.52304,2.59808,13.523,2.59808,1.52304,7.79423,7.52304,7.79423,13.523,7.79423
0.224,1.52324,2.59808,7.52324,2.59808,13.5232,2.59808,1.52324,7.79423,7.52324,7.79423,13.5232,7.79423
0.225,1.52344,2.59808,7.52344,2.59808,13.5234,2.59808,1.52344,7.79423,7.52344,7.79423,13.5234,7.79423
0.226,1.52364,2.59808,7.52364,2.59808,13.5236,2.59808,1.52364,7.79423,7.52364,7.79423,13.5236,7.79423
0.227,1.52384,2.59808,7.52384,2.59808,13.5238,2.59808,1.52384,7.79423,7.52384,7.79423,13.5238,7.79423
0.228,1.52404,2.59808,7.52404,2.59808,13.524,2.59808,1.52404,7.79423,7.52404,7.79423,13.524,7.79423
0.229,1.52425,2.59808,7.52425,2.59808,13.5242,2.59808,1.52425,7.79423,7.52425,7.79423,13.5242,7.79423
0.23,1.52445,2.59808,7.52445,2.59808,13.5245,2.59808,1.52445,7.79423,7.52445,7.79423,13.5245,7.79423
0.231,1.52466,2.59808,7.52466,2.59808,13.5247,2.59808,1.52466,7.79423,7.52466,7.79423,13.5247,7.79423
0.232,1.52487,2.59808,7.52487,2.59808,13.5249,2.59808,1.52487,7.79423,7.52487,7.79423,13.5249,7.79423
0.233,1.52507,2.59808,7.52507,2.59808,13.5251,2.59808,1.52507,7.79423,7.52507,7.79423,13.5251,7.79423
0.234,1.52528,2.59808,7.52528,2.59808,13.5253,2.59808,1.52528,7.79423,7.52528,7.79423,13.5253,7.79423
0.235,1.52549,2.59808,7.52549,2.59808,13.5255,2.59808,1.52549,7.79423,7.52549,7.79423,13.5255,7.79423
0.236,1.5257,2.59808,7.5257,2.59808,13.5257,2.59808,1.5257,7.79423,7.5257,7.79423,13.5257,7.79423
0.237,1.52591,2.59808,7.52591,2.59808,13.5259,2.59808,1.52591,7.79423,7.52591,7.79423,13.5259,7.79423
0.238,1.52612,2.59808,7.52612,2.59808,13.5261,2.59808,1.52612,7.79423,7.52612,7.79423,13.5261,7.79423
0.239,1.52633,2.59808,7.52633,2.59808,13.5263,2.59808,1.52633,7.79423,7.52633,7.79423,13.5263,7.79423
0.24,1.52655,2.59808,7.52655,2.59808,13.5265,2.59808,1.52655,7.79423,7.52655,7.79423,13.5265,7.79423
0.241,1.52676,2.59808,7.52676,2.59808,13.5268,2.59808,1.52676,7.79423,7.52676,7.79423,13.5268,7.79423
0.242,1.52697,2.59808,7.52697,2.59808,13.527,2.59808,1.52697,7.79423,7.52697,7.79423,13.527,7.79423
0.243,1.52719,2.59808,7.52719,2.59808,13.5272,2.59808,1.52719,7.79423,7.52719,7.79423,13.5272,7.79423
0.244,1.5274,2.59808,7.5274,2.59808,13.5274,2.59808,1.5274,7.79423,7.5274,7.79423,13.5274,7.79423
0.245,1.52762,2.59808,7.52762,2.59808,13.5276,2.59808,1.52762,7.79423,7.52762,7.79423,13.5276,7.79423
0.246,1.52784,2.59808,7.52784,2.59808,13.5278,2.59808,1.52784,7.79423,7.52784,7.79423,13.5278,7.79423
0.247,1.52806,2.59808,7.52806,2.59808,13.5281,2.59808,1.52806,7.79423,7.52806,7.79423,13.5281,7.79423
0.248,1.52828,2.59808,7.52828,2.59808,13.5283,2.59808,1.52828,7.79423,7.52828,7.79423,13.5283,7.79423
0.249,1.5285,2.59808,7.5285,2.59808,13.5285,2.59808,1.5285,7.79423,7.5285,7.79423,13.5285,7.79423
0.25,1.52872,2.59808,7.52872,2.59808,13.5287,2.59808,1.52872,7.79423,7.52872,7.79423,13.5287,7.79423
0.251,1.52894,2.59808,7.52894,2.59808,13.5289,2.59808,1.52894,7.79423,7.52894,7.79423,13.5289,7.79423
0.252,1.52916,2.59808,7.52916,2.59808,13.5292,2.59808,1.52916,7.79423,7.52916,7.79423,13.5292,7.79423
0.253,1.52938,2.59808,7.52938,2.59808,13.5294,2.59808,1.52938,7.79423,7.52938,7.79423,13.5294,7.79423
0.254,1.52961,2.59808,7.52961,2.59808,13.5296,2.59808,1.52961,7.79423,7.52961,7.79423,13.5296,7.79423
0.255,1.52983,2.59808,7.52983,2.59808,13.5298,2.59808,1.52983,7.79423,7.52983,7.79423,13.5298,7.79423
0.256,1.53006,2.59808,7.53006,2.59808,13.5301,2.59808,1.53006,7.79423,7.53006,7.79423,13.5301,7.79423
0.257,1.53028,2.59808,7.53028,2.59808,13.5303,2.59808,1.53028,7.79423,7.53028,7.79423,13.5303,7.79423
0.258,1.53051,2.59808,7.53051,2.59808,13.5305,2.59808,1.53051,7.79423,7.53051,7.79423,13.5305,7.79423
0.259,1.53074,2.59808,7.53074,2.59808,13.5307,2.59808,1.53074,7.79423,7.53074,7.79423,13.5307,7.79423
0.26,1.53097,2.59808,7.53097,2.59808,13.531,2.59808,1.53097,7.79423,7.53097,7.79423,13.531,7.79423
0.261,1.53119,2.59808,7.53119,2.59808,13.5312,2.59808,1.53119,7.79423,7.53119,7.79423,13.5312,7.79423
0.262,1.53142,2.59808,7.53142,2.59808,13.5314,2.59808,1.53142,7.79423,7.53142,7.79423,13.5314,7.79423
0.263,1.53166,2.59808,7.53166,2.59808,13.5317,2.59808,1.53166,7.79423,7.53166,7.79423,13.5317,7.79423
0.264,1.53189,2.59808,7.53189,2.59808,13.5319,2.59808,1.53189,7.79423,7.53189,7.79423,13.5319,7.79423
0.265,1.53212,2.59808,7.53212,2.59808,13.5321,2.59808,1.53212,7.79423,7.53212,7.79423,13.5321,7.79423
0.266,1.53235,2.59808,7.53235,2.59808,13.5324,2.59808,1.53235,7.79423,7.53235,7.79423,13.5324,7.79423
0.267,1.53259,2.59808,7.53259,2.59808,13.5326,2.59808,1.53259,7.79423,7.53259,7.79423,13.5326,7.79423
0.268,1.53282,2.59808,7.53282,2.59808,13.5328,2.59808,1.53282,7.79423,7.53282,7.79423,13.5328,7.79423
0.269,1.53306,2.59808,7.53306,2.59808,13.5331,2.59808,1.53306,7.79423,7.53306,7.79423,13.5331,7.79423
0.27,1.53329,2.59808,7.53329,2.59808,13.5333,2.59808,1.53329,7.79423,7.53329,7.79423,13.5333,7.79423
0.271,1.53353,2.59808,7.53353,2.59808,13.5335,2.59808,1.53353,7.79423,7.53353,7.79423,13.5335,7.79423
0.272,1.53377,2.59808,7.53377,2.59808,13.5338,2.59808,1.53377,7.79423,7.53377,7.79423,13.5338,7.79423
0.273,1.534,2.59808,7.534,2.59808,13.534,2.59808,1.534,7.79423,7.534,7.79423,13.534,7.79423
0.274,1.53424,2.59808,7.53424,2.59808,13.5342,2.59808,1.53424,7.79423,7.53424,7.79423,13.5342,7.79423
0.275,1.53448,2.59808,7.53448,2.59808,13.5345,2.59808,1.53448,7.79423,7.53448,7.79423,13.5345,7.79423
0.276,1.53472,2.59808,7.53472,2.59808,13.5347,2.59808,1.53472,7.79423,7.53472,7.79423,13.5347,7.79423
0.277,1.53497,2.59808,7.53497,2.59808,13.535,2.59808,1.53497,7.79423,7.53497,7.79423,13.535,7.79423
0.278,1.53521,2.59808,7.53521,2.59808,13.5352,2.59808,1.53521,7.79423,7.53521,7.79423,13.5352,7.79423
0.279,1.53545,2.59808,7.53545,2.59808,13.5355,2.59808,1.53545,7.79423,7.53545,7.79423,13.5355,7.79423
0.28,1.53569,2.59808,7.53569,2.59808,13.5357,2.59808,1.53569,7.79423,7.53569,7.79423,13.5357,7.79423
0.281,1.53594,2.59808,7.53594,2.59808,13.5359,2.59808,1.53594,7.79423,7.53594,7.79423,13.5359,7.79423
0.282,1.53618,2.59808,7.53618,2.59808,13.5362,2.59808,1.53618,7.79423,7.53618,7.79423,13.5362,7.79423
0.283,1.53643,2.59808,7.53643,2.59808,13.5364,2.59808,1.53643,7.79423,7.53643,7.79423,13.5364,7.79423
0.284,1.53668,2.59808,7.53668,2.59808,13.5367,2.59808,1.53668,7.79423,7.53668,7.79423,13.5367,7.79423
0.285,1.53692,2.59808,7.53692,2.59808,13.5369,2.59808,1.53692,7.79423,7.53692,7.79423,13.5369,7.79423
0.286,1.53717,2.59808,7.53717,2.59808,13.5372,2.59808,1.53717,7.79423,7.53717,7.79423,13.5372,7.79423
0.287,1.53742,2.59808,7.53742,2.59808,13.5374,2.59808,1.53742,7.79423,7.53742,7.79423,13.5374,7.79423
0.288,1.53767,2.59808,7.53767,2.59808,13.5377,2.59808,1.53767,7.79423,7.53767,7.79423,13.5377,7.79423
0.289,1.53792,2.59808,7.53792,2.59808,13.5379,2.59808,1.53792,7.79423,7.53792,7.79423,13.5379,7.79423
0.29,1.53817,2.59808,7.53817,2.59808,13.5382,2.59808,1.53817,7.79423,7.53817,7.79423,13.5382,7.79423
0.291,1.53842,2.59808,7.53842,2.59808,13.5384,2.59808,1.53842,7.79423,7.53842,7.79423,13.5384,7.79423
0.292,1.53868,2.59808,7.53868,2.59808,13.5387,2.59808,1.53868,7.79423,7.53868,7.79423,13.5387,7.79423
0.293,1.53893,2.59808,7.53893,2.59808,13.5389,2.59808,1.53893,7.79423,7.53893,7.79423,13.5389,7.79423
0.294,1.53918,2.59808,7.53918,2.59808,13.5392,2.59808,1.53918,7.79423,7.53918,7.79423,13.5392,7.79423
0.295,1.53944,2.59808,7.53944,2.59808,13.5394,2.59808,1.53944,7.79423,7.53944,7.79423,13.5394,7.79423
0.296,1.5397,2.59808,7.5397,2.59808,13.5397,2.59808,1.5397,7.79423,7.5397,7.79423,13.5397,7.79423
0.297,1.53995,2.59808,7.53995,2.59808,13.54,2.59808,1.53995,7.79423,7.53995,7.79423,13.54,7.79423
0.298,1.54021,2.59808,7.54021,2.59808,13.5402,2.59808,1.54021,7.79423,7.54021,7.79423,13.5402,7.79423
0.299,1.54047,2.59808,7.54047,2.59808,13.5405,2.59808,1.54047,7.79423,7.54047,7.79423,13.5405,7.79423
0.3,1.54073,2.59808,7.54073,2.59808,13.5407,2.59808,1.54073,7.79423,7.54073,7.79423,13.5407,7.79423
0.301,1.54098,2.59808,7.54098,2.59808,13.541,2.59808,1.54098,7.79423,7.54098,7.79423,13.541,7.79423
0.302,1.54124,2.59808,7.54124,2.59808,13.5412,2.59808,1.54124,7.79423,7.54124,7.79423,13.5412,7.79423
0.303,1.54151,2.59808,7.54151,2.59808,13.5415,2.59808,1.54151,7.79423,7.54151,7.79423,13.5415,7.79423
0.304,1.54177,2.59808,7.54177,2.59808,13.5418,2.59808,1.54177,7.79423,7.54177,7.79423,13.5418,7.79423
0.305,1.54203,2.59808,7.54203,2.59808,13.542,2.59808,1.54203,7.79423,7.54203,7.79423,13.542,7.79423
0.306,1.54229,2.59808,7.54229,2.59808,13.5423,2.59808,1.54229,7.79423,7.54229,7.79423,13.5423,7.79423
0.307,1.54256,2.59808,7.54256,2.59808,13.5426,2.59808,1.54256,7.79423,7.54256,7.79423,13.5426,7.79423
0.308,1.54282,2.59808,7.54282,2.59808,13.5428,2.59808,1.54282,7.79423,7.54282,7.79423,13.5428,7.79423
0.309,1.54309,2.59808,7.54309,2.59808,13.5431,2.59808,1.54309,7.79423,7.54309,7.79423,13.5431,7.79423
0.31,1.54335,2.59808,7.54335,2.59808,13.5434,2.59808,1.54335,7.79423,7.54335,7.79423,13.5434,7.79423
0.311,1.54362,2.59808,7.54362,2.59808,13.5436,2.59808,1.54362,7.79423,7.54362,7.79423,13.5436,7.79423
0.312,1.54389,2.59808,7.54389,2.59808,13.5439,2.59808,1.54389,7.79423,7.54389,7.79423,13.5439,7.79423
0.313,1.54416,2.59808,7.54416,2.59808,13.5442,2.59808,1.54416,7.79423,7.54416,7.79423,13.5442,7.79423
0.314,1.54442,2.59808,7.54442,2.59808,13.5444,2.59808,1.54442,7.79423,7.54442,7.79423,13.5444,7.79423
0.315,1.54469,2.59808,7.54469,2.59808,13.5447,2.59808,1.54469,7.79423,7.54469,7.79423,13.5447,7.79423
0.316,1.54496,2.59808,7.54496,2.59808,13.545,2.59808,1.54496,7.79423,7.54496,7.79423,13.545,7.79423
0.317,1.54524,2.59808,7.54524,2.59808,13.5452,2.59808,1.54524,7.79423,7.54524,7.79423,13.5452,7.79423
0.318,1.54551,2.59808,7.54551,2.59808,13.5455,2.59808,1.54551,7.79423,7.54551,7.79423,13.5455,7.79423
0.319,1.54578,2.59808,7.54578,2.59808,13.5458,2.59808,1.54578,7.79423,7.54578,7.79423,13.5458,7.79423
0.32,1.54605,2.59808,7.54605,2.59808,13.5461,2.59808,1.54605,7.79423,7.54605,7.79423,13.5461,7.79423
0.321,1.54633,2.59808,7.54633,2.59808,13.5463,2.59808,1.54633,7.79423,7.54633,7.79423,13.5463,7.79423
0.322,1.5466,2.59808,7.5466,2.59808,13.5466,2.59808,1.5466,7.79423,7.5466,7.79423,13.5466,7.79423
0.323,1.54688,2.59808,7.54688,2.59808,13.5469,2.59808,1.54688,7.79423,7.54688,7.79423,13.5469,7.79423
0.324,1.54715,2.59808,7.54715,2.59808,13.5472,2.59808,1.54715,7.79423,7.54715,7.79423,13.5472,7.79423
0.325,1.54743,2.59808,7.54743,2.59808,13.5474,2.59808,1.54743,7.79423,7.54743,7.79423,13.5474,7.79423
0.326,1.54771,2.59808,7.54771,2.59808,13.5477,2.59808,1.54771,7.79423,7.54771,7.79423,13.5477,7.79423
0.327,1.54799,2.59808,7.54799,2.59808,13.548,2.59808,1.54799,7.79423,7.54799,7.79423,13.548,7.79423
0.328,1.54827,2.59808,7.54827,2.59808,13.5483,2.59808,1.54827,7.79423,7.54827,7.79423,13.5483,7.79423
0.329,1.54855,2.59808,7.54855,2.59808,13.5485,2.59808,1.54855,7.79423,7.54855,7.79423,13.5485,7.79423
0.33,1.54883,2.59808,7.54883,2.59808,13.5488,2.59808,1.54883,7.79423,7.54883,7.79423,13.5488,7.79423
0.331,1.54911,2.59808,7.54911,2.59808,13.5491,2.59808,1.54911,7.79423,7.54911,7.79423,13.5491,7.79423
0.332,1.54939,2.59808,7.54939,2.59808,13.5494,2.59808,1.54939,7.79423,7.54939,7.79423,13.5494,7.79423
0.333,1.54967,2.59808,7.54967,2.59808,13.5497,2.59808,1.54967,7.79423,7.54967,7.79423,13.5497,7.79423
0.334,1.54996,2.59808,7.54996,2.59808,13.55,2.59808,1.54996,7.79423,7.54996,7.79423,13.55,7.79423
0.335,1.55024,2.59808,7.55024,2.59808,13.5502,2.59808,1.55024,7.79423,7.55024,7.79423,13.5502,7.79423
0.336,1.55053,2.59808,7.55053,2.59808,13.5505,2.59808,1.55053,7.79423,7.55053,7.79423,13.5505,7.79423
0.337,1.55081,2.59808,7.55081,2.59808,13.5508,2.59808,1.55081,7.79423,7.55081,7.79423,13.5508,7.79423
0.338,1.5511,2.59808,7.5511,2.59808,13.5511,2.59808,1.5511,7.79423,7.5511,7.79423,13.5511,7.79423
0.339,1.55138,2.59808,7.55138,2.59808,13.5514,2.59808,1.55138,7.79423,7.55138,7.79423,13.5514,7.79423
0.34,1.55167,2.59808,7.55167,2.59808,13.5517,2.59808,1.55167,7.79423,7.55167,7.79423,13.5517,7.79423
0.341,1.55196,2.59808,7.55196,2.59808,13.552,2.59808,1.55196,7.79423,7.55196,7.79423,13.552,7.79423
0.342,1.55225,2.59808,7.55225,2.59808,13.5522,2.59808,1.55225,7.79423,7.55225,7.79423,13.5522,7.79423
0.343,1.55254,2.59808,7.55254,2.59808,13.5525,2.59808,1.55254,7.79423,7.55254,7.79423,13.5525,7.79423
0.344,1.55283,2.59808,7.55283,2.59808,13.5528,2.59808,1.55283,7.79423,7.55283,7.79423,13.5528,7.79423
0.345,1.55312,2.59808,7.55312,2.59808,13.5531,2.59808,1.55312,7.79423,7.55312,7.79423,13.5531,7.79423
0.346,1.55341,2.59808,7.55341,2.59808,13.5534,2.59808,1.55341,7.79423,7.55341,7.79423,13.5534,7.79423
0.347,1.55371,2.59808,7.55371,2.59808,13.5537,2.59808,1.55371,7.79423,7.55371,7.79423,13.5537,7.79423
0.348,1.554,2.59808,7.554,2.59808,13.554,2.59808,1.554,7.79423,7.554,7.79423,13.554,7.79423
0.349,1.55429,2.59808,7.55429,2.59808,13.5543,2.59808,1.55429,7.79423,7.55429,7.79423,13.5543,7.79423
0.35,1.55459,2.59808,7.55459,2.59808,13.5546,2.59808,1.55459,7.79423,7.55459,7.79423,13.5546,7.79423
0.351,1.55488,2.59808,7.55488,2.59808,13.5549,2.59808,1.55488,7.79423,7.55488,7.79423,13.5549,7.79423
0.352,1.55518,2.59808,7.55518,2.59808,13.5552,2.59808,1.55518,7.79423,7.55518,7.79423,13.5552,7.79423
0.353,1.55548,2.59808,7.55548,2.59808,13.5555,2.59808,1.55548,7.79423,7.55548,7.79423,13.5555,7.79423
0.354,1.55578,2.59808,7.55578,2.59808,13.5558,2.59808,1.55578,7.79423,7.55578,7.79423,13.5558,7.79423
0.355,1.55607,2.59808,7.55607,2.59808,13.5561,2.59808,1.55607,7.79423,7.55607,7.79423,13.5561,7.79423
0.356,1.55637,2.59808,7.55637,2.59808,13.5564,2.59808,1.55637,7.79423,7.55637,7.79423,13.5564,7.79423
0.357,1.55667,2.59808,7.55667,2.59808,13.5567,2.59808,1.55667,7.79423,7.55667,7.79423,13.5567,7.79423
0.358,1.55697,2.59808,7.55697,2.59808,13.557,2.59808,1.55697,7.79423,7.55697,7.79423,13.557,7.79423
0.359,1.55727,2.59808,7.55727,2.59808,13.5573,2.59808,1.55727,7.79423,7.55727,7.79423,13.5573,7.79423
0.36,1.55758,2.59808,7.55758,2.59808,13.5576,2.59808,1.55758,7.79423,7.55758,7.79423,13.5576,7.79423
0.361,1.55788,2.59808,7.55788,2.59808,13.5579,2.59808,1.55788,7.79423,7.55788,7.79423,13.5579,7.79423
0.362,1.55818,2.59808,7.55818,2.59808,13.5582,2.59808,1.55818,7.79423,7.55818,7.79423,13.5582,7.79423
0.363,1.55849,2.59808,7.55849,2.59808,13.5585,2.59808,1.55849,7.79423,7.55849,7.79423,13.5585,7.79423
0.364,1.55879,2.59808,7.55879,2.59808,13.5588,2.59808,1.55879,7.79423,7.55879,7.79423,13.5588,7.79423
0.365,1.5591,2.59808,7.5591,2.59808,13.5591,2.59808,1.5591,7.79423,7.5591,7.79423,13.5591,7.79423
0.366,1.5594,2.59808,7.5594,2.59808,13.5594,2.59808,1.5594,7.79423,7.5594,7.79423,13.5594,7.79423
0.367,1.55971,2.59808,7.55971,2.59808,13.5597,2.59808,1.55971,7.79423,7.55971,7.79423,13.5597,7.79423
0.368,1.56002,2.59808,7.56002,2.59808,13.56,2.59808,1.56002,7.79423,7.56002,7.79423,13.56,7.79423
0.369,1.56032,2.59808,7.56032,2.59808,13.5603,2.59808,1.56032,7.79423,7.56032,7.79423,13.5603,7.79423
0.37,1.56063,2.59808,7.56063,2.59808,13.5606,2.59808,1.56063,7.79423,7.56063,7.79423,13.5606,7.79423
0.371,1.56094,2.59808,7.56094,2.59808,13.5609,2.59808,1.56094,7.79423,7.56094,7.79423,13.5609,7.79423
0.372,1.56125,2.59808,7.56125,2.59808,13.5613,2.59808,1.56125,7.79423,7.56125,7.79423,13.5613,7.79423
0.373,1.56156,2.59808,7.56156,2.59808,13.5616,2.59808,1.56156,7.79423,7.56156,7.79423,13.5616,7.79423
0.374,1.56188,2.59808,7.56188,2.59808,13.5619,2.59808,1.56188,7.79423,7.56188,7.79423,13.5619,7.79423
0.375,1.56219,2.59808,7.56219,2.59808,13.5622,2.59808,1.56219,7.79423,7.56219,7.79423,13.5622,7.79423
0.376,1.5625,2.59808,7.5625,2.59808,13.5625,2.59808,1.5625,7.79423,7.5625,7.79423,13.5625,7.79423
0.377,1.56281,2.59808,7.56281,2.59808,13.5628,2.59808,1.56281,7.79423,7.56281,7.79423,13.5628,7.79423
0.378,1.56313,2.59808,7.56313,2.59808,13.5631,2.59808,1.56313,7.79423,7.56313,7.79423,13.5631,7.79423
0.379,1.56344,2.59808,7.56344,2.59808,13.5634,2.59808,1.56344,7.79423,7.56344,7.79423,13.5634,7.79423
0.38,1.56376,2.59808,7.56376,2.59808,13.5638,2.59808,1.56376,7.79423,7.56376,7.79423,13.5638,7.79423
0.381,1.56408,2.59808,7.56408,2.59808,13.5641,2.59808,1.56408,7.79423,7.56408,7.79423,13.5641,7.79423
0.382,1.56439,2.59808,7.56439,2.59808,13.5644,2.59808,1.56439,7.79423,7.56439,7.79423,13.5644,7.79423
0.383,1.56471,2.59808,7.56471,2.59808,13.5647,2.59808,1.56471,7.79423,7.56471,7.79423,13.5647,7.79423
0.384,1.56503,2.59808,7.56503,2.59808,13.565,2.59808,1.56503,7.79423,7.56503,7.79423,13.565,7.79423
0.385,1.56535,2.59808,7.56535,2.59808,13.5653,2.59808,1.56535,7.79423,7.56535,7.79423,13.5653,7.79423
0.386,1.56567,2.59808,7.56567,2.59808,13.5657,2.59808,1.56567,7.79423,7.56567,7.79423,13.5657,7.79423
0.387,1.56599,2.59808,7.56599,2.59808,13.566,2.59808,1.56599,7.79423,7.56599,7.79423,13.566,7.79423
0.388,1.56631,2.59808,7.56631,2.59808,13.5663,2.59808,1.56631,7.79423,7.56631,7.79423,13.5663,7.79423
0.389,1.56663,2.59808,7.56663,2.59808,13.5666,2.59808,1.56663,7.79423,7.56663,7.79423,13.5666,7.79423
0.39,1.56695,2.59808,7.56695,2.59808,13.567,2.59808,1.56695,7.79423,7.56695,7.79423,13.567,7.79423
0.391,1.56728,2.59808,7.56728,2.59808,13.5673,2.59808,1.56728,7.79423,7.56728,7.79423,13.5673,7.79423
0.392,1.5676,2.59808,7.5676,2.59808,13.5676,2.59808,1.5676,7.79423,7.5676,7.79423,13.5676,7.79423
0.393,1.56793,2.59808,7.56793,2.59808,13.5679,2.59808,1.56793,7.79423,7.56793,7.79423,13.5679,7.79423
0.394,1.56825,2.59808,7.56825,2.59808,13.5683,2.59808,1.56825,7.79423,7.56825,7.79423,13.5683,7.79423
0.395,1.56858,2.59808,7.56858,2.59808,13.5686,2.59808,1.56858,7.79423,7.56858,7.79423,13.5686,7.79423
0.396,1.5689,2.59808,7.5689,2.59808,13.5689,2.59808,1.5689,7.79423,7.5689,7.79423,13.5689,7.79423
0.397,1.56923,2.59808,7.56923,2.59808,13.5692,2.59808,1.56923,7.79423,7.56923,7.79423,13.5692,7.79423
0.398,1.56956,2.59808,7.56956,2.59808,13.5696,2.59808,1.56956,7.79423,7.56956,7.79423,13.5696,7.79423
0.399,1.56989,2.59808,7.56989,2.59808,13.5699,2.59808,1.56989,7.79423,7.56989,7.79423,13.5699,7.79423
0.4,1.57022,2.59808,7.57022,2.59808,13.5702,2.59808,1.57022,7.79423,7.57022,7.79423,13.5702,7.79423
0.401,1.57055,2.59808,7.57055,2.59808,13.5705,2.59808,1.57055,7.79423,7.57055,7.79423,13.5705,7.79423
0.402,1.57088,2.59808,7.57088,2.59808,13.5709,2.59808,1.57088,7.79423,7.57088,7.79423,13.5709,7.79423
0.403,1.57121,2.59808,7.57121,2.59808,13.5712,2.59808,1.57121,7.79423,7.57121,7.79423,13.5712,7.79423
0.404,1.57154,2.59808,7.57154,2.59808,13.5715,2.59808,1.57154,7.79423,7.57154,7.79423,13.5715,7.79423
0.405,1.57187,2.59808,7.57187,2.59808,13.5719,2.59808,1.57187,7.79423,7.57187,7.79423,13.5719,7.79423
0.406,1.57221,2.59808,7.57221,2.59808,13.5722,2.59808,1.57221,7.79423,7.57221,7.79423,13.5722,7.79423
0.407,1.57254,2.59808,7.57254,2.59808,13.5725,2.59808,1.57254,7.79423,7.57254,7.79423,13.5725,7.79423
0.408,1.57287,2.59808,7.57287,2.59808,13.5729,2.59808,1.57287,7.79423,7.57287,7.79423,13.5729,7.79423
0.409,1.57321,2.59808,7.57321,2.59808,13.5732,2.59808,1.57321,7.79423,7.57321,7.79423,13.5732,7.79423
0.41,1.57355,2.59808,7.57355,2.59808,13.5735,2.59808,1.57355,7.79423,7.57355,7.79423,13.5735,7.79423
0.411,1.57388,2.59808,7.57388,2.59808,13.5739,2.59808,1.57388,7.79423,7.57388,7.79423,13.5739,7.79423
0.412,1.57422,2.59808,7.57422,2.59808,13.5742,2.59808,1.57422,7.79423,7.57422,7.79423,13.5742,7.79423
0.413,1.57456,2.59808,7.57456,2.59808,13.5746,2.59808,1.57456,7.79423,7.57456,7.79423,13.5746,7.79423
0.414,1.5749,2.59808,7.5749,2.59808,13.5749,2.59808,1.5749,7.79423,7.5749,7.79423,13.5749,7.79423
0.415,1.57524,2.59808,7.57524,2.59808,13.5752,2.59808,1.57524,7.79423,7.57524,7.79423,13.5752,7.79423
0.416,1.57558,2.59808,7.57558,2.59808,13.5756,2.59808,1.57558,7.79423,7.57558,7.79423,13.5756,7.79423
0.417,1.57592,2.59808,7.57592,2.59808,13.5759,2.59808,1.57592,7.79423,7.57592,7.79423,13.5759,7.79423
0.418,1.57626,2.59808,7.57626,2.59808,13.5763,2.59808,1.57626,7.79423,7.57626,7.79423,13.5763,7.79423
0.419,1.5766,2.59808,7.5766,2.59808,13.5766,2.59808,1.5766,7.79423,7.5766,7.79423,13.5766,7.79423
0.42,1.57694,2.59808,7.57694,2.59808,13.5769,2.59808,1.57694,7.79423,7.57694,7.79423,13.5769,7.79423
0.421,1.57729,2.59808,7.57729,2.59808,13.5773,2.59808,1.57729,7.79423,7.57729,7.79423,13.5773,7.79423
0.422,1.57763,2.59808,7.57763,2.59808,13.5776,2.59808,1.57763,7.79423,7.57763,7.79423,13.5776,7.79423
0.423,1.57797,2.59808,7.57797,2.59808,13.578,2.59808,1.57797,7.79423,7.57797,7.79423,13.578,7.79423
0.424,1.57832,2.59808,7.57832,2.59808,13.5783,2.59808,1.57832,7.79423,7.57832,7.79423,13.5783,7.79423
0.425,1.57866,2.59808,7.57866,2.59808,13.5787,2.59808,1.57866,7.79423,7.57866,7.79423,13.5787,7.79423
0.426,1.57901,2.59808,7.57901,2.59808,13.579,2.59808,1.57901,7.79423,7.57901,7.79423,13.579,7.79423
0.427,1.57936,2.59808,7.57936,2.59808,13.5794,2.59808,1.57936,7.79423,7.57936,7.79423,13.5794,7.79423
0.428,1.57971,2.59808,7.57971,2.59808,13.5797,2.59808,1.57971,7.79423,7.57971,7.79423,13.5797,7.79423
0.429,1.58005,2.59808,7.58005,2.59808,13.5801,2.59808,1.58005,7.79423,7.58005,7.79423,13.5801,7.79423
0.43,1.5804,2.59808,7.5804,2.59808,13.5804,2.59808,1.5804,7.79423,7.5804,7.79423,13.5804,7.79423
0.431,1.58075,2.59808,7.58075,2.59808,13.5808,2.59808,1.58075,7.79423,7.58075,7.79423,13.5808,7.79423
0.432,1.5811,2.59808,7.5811,2.59808,13.5811,2.59808,1.5811,7.79423,7.5811,7.79423,13.5811,7.79423
0.433,1.58146,2.59808,7.58146,2.59808,13.5815,2.59808,1.58146,7.79423,7.58146,7.79423,13.5815,7.79423
0.434,1.58181,2.59808,7.58181,2.59808,13.5818,2.59808,1.58181,7.79423,7.58181,7.79423,13.5818,7.79423
0.435,1.58216,2.59808,7.58216,2.59808,13.5822,2.59808,1.58216,7.79423,7.58216,7.79423,13.5822,7.79423
0.436,1.58251,2.59808,7.58251,2.59808,13.5825,2.59808,1.58251,7.79423,7.58251,7.79423,13.5825,7.79423
0.437,1.58287,2.59808,7.58287,2.59808,13.5829,2.59808,1.58287,7.79423,7.58287,7.79423,13.5829,7.79423
0.438,1.58322,2.59808,7.58322,2.59808,13.5832,2.59808,1.58322,7.79423,7.58322,7.79423,13.5832,7.79423
0.439,1.58358,2.59808,7.58358,2.59808,13.5836,2.59808,1.58358,7.79423,7.58358,7.79423,13.5836,7.79423
0.44,1.58393,2.59808,7.58393,2.59808,13.5839,2.59808,1.58393,7.79423,7.58393,7.79423,13.5839,7.79423
0.441,1.58429,2.59808,7.58429,2.59808,13.5843,2.59808,1.58429,7.79423,7.58429,7.79423,13.5843,7.79423
0.442,1.58464,2.59808,7.58464,2.59808,13.5846,2.59808,1.58464,7.79423,7.58464,7.79423,13.5846,7.79423
0.443,1.585,2.59808,7.585,2.59808,13.585,2.59808,1.585,7.79423,7.585,7.79423,13.585,7.79423
0.444,1.58536,2.59808,7.58536,2.59808,13.5854,2.59808,1.58536,7.79423,7.58536,7.79423,13.5854,7.79423
0.445,1.58572,2.59808,7.58572,2.59808,13.5857,2.59808,1.58572,7.79423,7.58572,7.79423,13.5857,7.79423
0.446,1.58608,2.59808,7.58608,2.59808,13.5861,2.59808,1.58608,7.79423,7.58608,7.79423,13.5861,7.79423
0.447,1.58644,2.59808,7.58644,2.59808,13.5864,2.59808,1.58644,7.79423,7.58644,7.79423,13.5864,7.79423
0.448,1.5868,2.59808,7.5868,2.59808,13.5868,2.59808,1.5868,7.79423,7.5868,7.79423,13.5868,7.79423
0.449,1.58716,2.59808,7.58716,2.59808,13.5872,2.59808,1.58716,7.79423,7.58716,7.79423,13.5872,7.79423
0.45,1.58752,2.59808,7.58752,2.59808,13.5875,2.59808,1.58752,7.79423,7.58752,7.79423,13.5875,7.79423
0.451,1.58788,2.59808,7.58788,2.59808,13.5879,2.59808,1.58788,7.79423,7.58788,7.79423,13.5879,7.79423
0.452,1.58825,2.59808,7.58825,2.59808,13.5882,2.59808,1.58825,7.79423,7.58825,7.79423,13.5882,7.79423
0.453,1.58861,2.59808,7.58861,2.59808,13.5886,2.59808,1.58861,7.79423,7.58861,7.79423,13.5886,7.79423
0.454,1.58898,2.59808,7.58898,2.59808,13.589,2.59808,1.58898,7.79423,7.58898,7.79423,13.589,7.79423
0.455,1.58934,2.59808,7.58934,2.59808,13.5893,2.59808,1.58934,7.79423,7.58934,7.79423,13.5893,7.79423
0.456,1.58971,2.59808,7.58971,2.59808,13.5897,2.59808,1.58971,7.79423,7.58971,7.79423,13.5897,7.79423
0.457,1.59007,2.59808,7.59007,2.59808,13.5901,2.59808,1.59007,7.79423,7.59007,7.79423,13.5901,7.79423
0.458,1.59044,2.59808,7.59044,2.59808,13.5904,2.59808,1.59044,7.79423,7.59044,7.79423,13.5904,7.79423
0.459,1.59081,2.59808,7.59081,2.59808,13.5908,2.59808,1.59081,7.79423,7.59081,7.79423,13.5908,7.79423
0.46,1.59118,2.59808,7.59118,2.59808,13.5912,2.59808,1.59118,7.79423,7.59118,7.79423,13.5912,7.79423
0.461,1.59155,2.59808,7.59155,2.59808,13.5915,2.59808,1.59155,7.79423,7.59155,7.79423,13.5915,7.79423
0.462,1.59192,2.59808,7.59192,2.59808,13.5919,2.59808,1.59192,7.79423,7.59192,7.79423,13.5919,7.79423
0.463,1.59229,2.59808,7.59229,2.59808,13.5923,2.59808,1.59229,7.79423,7.59229,7.79423,13.5923,7.79423
0.464,1.59266,2.59808,7.59266,2.59808,13.5927,2.59808,1.59266,7.79423,7.59266,7.79423,13.5927,7.79423
0.465,1.59303,2.59808,7.59303,2.59808,13.593,2.59808,1.59303,7.79423,7.59303,7.79423,13.593,7.79423
0.466,1.5934,2.59808,7.5934,2.59808,13.5934,2.59808,1.5934,7.79423,7.5934,7.79423,13.5934,7.79423
0.467,1.59377,2.59808,7.59377,2.59808,13.5938,2.59808,1.59377,7.79423,7.59377,7.79423,13.5938,7.79423
0.468,1.59415,2.59808,7.59415,2.59808,13.5941,2.59808,1.59415,7.79423,7.59415,7.79423,13.5941,7.79423
0.469,1.59452,2.59808,7.59452,2.59808,13.5945,2.59808,1.59452,7.79423,7.59452,7.79423,13.5945,7.79423
0.47,1.5949,2.59808,7.5949,2.59808,13.5949,2.59808,1.5949,7.79423,7.5949,7.79423,13.5949,7.79423
0.471,1.59527,2.59808,7.59527,2.59808,13.5953,2.59808,1.59527,7.79423,7.59527,7.79423,13.5953,7.79423
0.472,1.59565,2.59808,7.59565,2.59808,13.5956,2.59808,1.59565,7.79423,7.59565,7.79423,13.5956,7.79423
0.473,1.59602,2.59808,7.59602,2.59808,13.596,2.59808,1.59602,7.79423,7.59602,7.79423,13.596,7.79423
0.474,1.5964,2.59808,7.5964,2.59808,13.5964,2.59808,1.5964,7.79423,7.5964,7.79423,13.5964,7.79423
0.475,1.59678,2.59808,7.59678,2.59808,13.5968,2.59808,1.59678,7.79423,7.59678,7.79423,13.5968,7.79423
0.476,1.59716,2.59808,7.59716,2.59808,13.5972,2.59808,1.59716,7.79423,7.59716,7.79423,13.5972,7.79423
0.477,1.59754,2.59808,7.59754,2.59808,13.5975,2.59808,1.59754,7.79423,7.59754,7.79423,13.5975,7.79423
0.478,1.59792,2.59808,7.59792,2.59808,13.5979,2.59808,1.59792,7.79423,7.59792,7.79423,13.5979,7.79423
0.479,1.5983,2.59808,7.5983,2.59808,13.5983,2.59808,1.5983,7.79423,7.5983,7.79423,13.5983,7.79423
0.48,1.59868,2.59808,7.59868,2.59808,13.5987,2.59808,1.59868,7.79423,7.59868,7.79423,13.5987,7.79423
0.481,1.59906,2.59808,7.59906,2.59808,13.5991,2.59808,1.59906,7.79423,7.59906,7.79423,13.5991,7.79423
0.482,1.59944,2.59808,7.59944,2.59808,13.5994,2.59808,1.59944,7.79423,7.59944,7.79423,13.5994,7.79423
0.483,1.59982,2.59808,7.59982,2.59808,13.5998,2.59808,1.59982,7.79423,7.59982,7.79423,13.5998,7.79423
0.484,1.60021,2.59808,7.60021,2.59808,13.6002,2.59808,1.60021,7.79423,7.60021,7.79423,13.6002,7.79423
0.485,1.60059,2.59808,7.60059,2.59808,13.6006,2.59808,1.60059,7.79423,7.60059,7.79423,13.6006,7.79423
0.486,1.60098,2.59808,7.60098,2.59808,13.601,2.59808,1.60098,7.79423,7.60098,7.79423,13.601,7.79423
0.487,1.60136,2.59808,7.60136,2.59808,13.6014,2.59808,1.60136,7.79423,7.60136,7.79423,13.6014,7.79423
0.488,1.60175,2.59808,7.60175,2.59808,13.6017,2.59808,1.60175,7.79423,7.60175,7.79423,13.6017,7.79423
0.489,1.60213,2.59808,7.60213,2.59808,13.6021,2.59808,1.60213,7.79423,7.60213,7.79423,13.6021,7.79423
0.49,1.60252,2.59808,7.60252,2.59808,13.6025,2.59808,1.60252,7.79423,7.60252,7.79423,13.6025,7.79423
0.491,1.60291,2.59808,7.60291,2.59808,13.6029,2.59808,1.60291,7.79423,7.60291,7.79423,13.6029,7.79423
0.492,1.6033,2.59808,7.6033,2.59808,13.6033,2.59808,1.6033,7.79423,7.6033,7.79423,13.6033,7.79423
0.493,1.60368,2.59808,7.60368,2.59808,13.6037,2.59808,1.60368,7.79423,7.60368,7.79423,13.6037,7.79423
0.494,1.60407,2.59808,7.60407,2.59808,13.6041,2.59808,1.60407,7.79423,7.60407,7.79423,13.6041,7.79423
0.495,1.60446,2.59808,7.60446,2.59808,13.6045,2.59808,1.60446,7.79423,7.60446,7.79423,13.6045,7.79423
0.496,1.60485,2.59808,7.60485,2.59808,13.6049,2.59808,1.60485,7.79423,7.60485,7.79423,13.6049,7.79423
0.497,1.60525,2.59808,7.60525,2.59808,13.6052,2.59808,1.60525,7.79423,7.60525,7.79423,13.6052,7.79423
0.498,1.60564,2.59808,7.60564,2.59808,13.6056,2.59808,1.60564,7.79423,7.60564,7.79423,13.6056,7.79423
0.499,1.60603,2.59808,7.60603,2.59808,13.606,2.59808,1.60603,7.79423,7.60603,7.79423,13.606,7.79423
